[
{"pk": "currentdate", "model": "common.parameter", "fields": {"value": "2013-01-01 00:00:00", "description": "Current date of the plan, formatted as YYYY-MM-DD HH:MM:SS"}},
{"pk": "loading_time_units", "model": "common.parameter", "fields": {"value": "days", "description": "Time units to be used for the resource report: hours, days, weeks"}},
{"pk": "plan.loglevel", "model": "common.parameter", "fields": {"value": "0", "description": "Controls the verbosity of the planning log file. Accepted values are 0(silent - default), 1 and 2 (verbose)"}},
{"pk": "pack capacity factory 1", "model": "input.calendar", "fields": {}},
{"pk": "pack capacity factory 2", "model": "input.calendar", "fields": {}},
{"pk": "weave capacity factory 1", "model": "input.calendar", "fields": {}},
{"pk": "Working Days", "model": "input.calendar", "fields": {"defaultvalue":"0.0"}},
{"pk": "factory 1", "model": "input.location", "fields": {"description": "A factory that manufactures, stores and packages products", "available": "Working Days"}},
{"pk": "factory 2", "model": "input.location", "fields": {"description": "A factory that stores and packages products", "available": "Working Days"}},
{"pk": 1, "model": "input.calendarbucket", "fields": {"value": "1.00", "startdate": "2013-01-01 00:00:00", "calendar": "pack capacity factory 1", "priority": "100"}},
{"pk": 2, "model": "input.calendarbucket", "fields": {"value": "2.00", "startdate": "2013-02-01 00:00:00", "calendar": "pack capacity factory 1", "priority": "99"}},
{"pk": 3, "model": "input.calendarbucket", "fields": {"value": "1.00", "startdate": "2013-01-01 00:00:00", "calendar": "pack capacity factory 2", "priority": "100"}},
{"pk": 4, "model": "input.calendarbucket", "fields": {"value": "3.00", "startdate": "2013-01-01 00:00:00", "calendar": "weave capacity factory 1", "priority": "100"}},
{"pk": 5, "model": "input.calendarbucket", "fields": {"startdate": "2001-01-01 00:00:00", "value": "1.00", "saturday": false, "sunday": false, "calendar": "Working Days"}},
{"pk": "Customer near factory 1", "model": "input.customer", "fields": {}},
{"pk": "Customer near factory 2", "model": "input.customer", "fields": {}},
{"pk": "Deliver product from factory 1 - 7 day", "model": "input.operation", "fields": {"location": "factory 1", "sizemultiple": "1.00", "duration": "604800.00", "type": "fixed_time"}},
{"pk": "Deliver product from factory 1 - 1 day", "model": "input.operation", "fields": {"location": "factory 1", "sizemultiple": "1.00", "duration": "86400.00", "type": "fixed_time"}},
{"pk": "Deliver product from factory 2 - 7 day", "model": "input.operation", "fields": {"location": "factory 2", "sizemultiple": "1.00", "duration": "604800.00", "type": "fixed_time"}},
{"pk": "Deliver product from factory 2 - 1 day", "model": "input.operation", "fields": {"location": "factory 2", "sizemultiple": "1.00", "duration": "86400.00", "type": "fixed_time"}},
{"pk": "Pack product @ factory 1", "model": "input.operation", "fields": {"location": "factory 1", "sizemultiple": "1.00", "duration": "86400.00", "type": "fixed_time"}},
{"pk": "Pack product @ factory 2", "model": "input.operation", "fields": {"location": "factory 2", "sizemultiple": "1.00", "duration": "86400.00", "type": "fixed_time"}},
{"pk": "Purchase box @ factory 1", "model": "input.operation", "fields": {"location": "factory 1", "sizemultiple": "50.00", "duration": "604800.00", "sizeminimum": "400.00", "type": "fixed_time"}},
{"pk": "Purchase box @ factory 2", "model": "input.operation", "fields": {"location": "factory 2", "sizemultiple": "50.00", "duration": "604800.00", "sizeminimum": "400.00", "type": "fixed_time"}},
{"pk": "Purchase ink @ factory 1", "model": "input.operation", "fields": {"location": "factory 1", "sizemultiple": "50.00", "duration": "604800.00", "type": "fixed_time"}},
{"pk": "Purchase thread @ factory 1", "model": "input.operation", "fields": {"location": "factory 1", "sizemultiple": "1.00", "duration": "1209600.00", "sizeminimum": "500.00", "type": "fixed_time"}},
{"pk": "Make fabric @ factory 1", "model": "input.operation", "fields": {"location": "factory 1", "sizemultiple": "1.00", "sizeminimum":"24.00", "duration_per": "3600.00", "duration": "0.00", "type": "time_per"}},
{"pk": "Deliver product from factory 1 or 2", "model": "input.operation", "fields": {"sizemultiple": "1.00", "type": "alternate"}},
{"pk": "Deliver product from factory 2 or 1", "model": "input.operation", "fields": {"sizemultiple": "1.00", "type": "alternate"}},
{"pk": "Transport fabric from factory 1 to 2", "model": "input.operation", "fields": {"sizemultiple": "1.00", "duration": "172800.00", "sizeminimum": "1000.00", "type": "fixed_time"}},
{"pk": "product", "model": "input.item", "fields": {"price": 100, "operation": "Deliver product from factory 1 or 2"}},
{"pk": "fabric", "model": "input.item", "fields": {"price": 100}},
{"pk": "box", "model": "input.item", "fields": {"price": 1}},
{"pk": "ink", "model": "input.item", "fields": {"price": 10}},
{"pk": "thread", "model": "input.item", "fields": {"price": 30}},
{"pk": "pack in factory 1", "model": "input.resource", "fields": {"maximum_calendar": "pack capacity factory 1", "location": "factory 1", "type":"default"}},
{"pk": "pack in factory 2", "model": "input.resource", "fields": {"maximum_calendar": "pack capacity factory 2", "location": "factory 2", "type":"default"}},
{"pk": "weave in factory 1", "model": "input.resource", "fields": {"location": "factory 1", "maximum_calendar": "weave capacity factory 1", "type":"default"}},
{"pk": "box @ factory 2", "model": "input.buffer", "fields": {"item": "box", "location": "factory 2", "onhand": "40.00", "type": "infinite"}},
{"pk": "box @ factory 1", "model": "input.buffer", "fields": {"item": "box", "location": "factory 1", "onhand": "30.00", "type": "infinite"}},
{"pk": "ink @ factory 1", "model": "input.buffer", "fields": {"producing": "Purchase ink @ factory 1", "item": "ink", "location": "factory 1", "onhand": "0.00", "type":"default"}},
{"pk": "fabric @ factory 2", "model": "input.buffer", "fields": {"producing": "Transport fabric from factory 1 to 2", "item": "fabric", "location": "factory 2", "onhand": "0.00", "type":"default"}},
{"pk": "thread @ factory 1", "model": "input.buffer", "fields": {"producing": "Purchase thread @ factory 1", "item": "thread", "location": "factory 1", "onhand": "50.00", "type":"default"}},
{"pk": "product @ factory 2", "model": "input.buffer", "fields": {"producing": "Pack product @ factory 2", "item": "product", "location": "factory 2", "onhand": "10.00", "type":"default"}},
{"pk": "product @ factory 1", "model": "input.buffer", "fields": {"producing": "Pack product @ factory 1", "item": "product", "location": "factory 1", "onhand": "0.00", "type":"default"}},
{"pk": "fabric @ factory 1", "model": "input.buffer", "fields": {"producing": "Make fabric @ factory 1", "item": "fabric", "location": "factory 1", "onhand": "0.00", "type":"default"}},
{"pk": "471", "model": "input.flow", "fields": { "operation": "Pack product @ factory 1", "type": "end", "thebuffer": "product @ factory 1", "quantity": "1.00"}},
{"pk": "472", "model": "input.flow", "fields": { "operation": "Pack product @ factory 2", "type": "end", "thebuffer": "product @ factory 2", "quantity": "1.00"}},
{"pk": "473", "model": "input.flow", "fields": { "operation": "Purchase box @ factory 1", "type": "end", "thebuffer": "box @ factory 1", "quantity": "1.00"}},
{"pk": "474", "model": "input.flow", "fields": { "operation": "Purchase box @ factory 2", "type": "end", "thebuffer": "box @ factory 2", "quantity": "1.00"}},
{"pk": "475", "model": "input.flow", "fields": { "operation": "Purchase ink @ factory 1", "type": "end", "thebuffer": "ink @ factory 1", "quantity": "1.00"}},
{"pk": "476", "model": "input.flow", "fields": { "operation": "Purchase thread @ factory 1", "type": "end", "thebuffer": "thread @ factory 1", "quantity": "1.00"}},
{"pk": "477", "model": "input.flow", "fields": { "operation": "Make fabric @ factory 1", "type": "end", "thebuffer": "fabric @ factory 1", "quantity": "1.00"}},
{"pk": "487", "model": "input.flow", "fields": { "operation": "Pack product @ factory 2", "thebuffer": "box @ factory 2", "quantity": "-1.00"}},
{"pk": "486", "model": "input.flow", "fields": { "operation": "Pack product @ factory 1", "thebuffer": "box @ factory 1", "quantity": "-1.00"}},
{"pk": "485", "model": "input.flow", "fields": { "operation": "Pack product @ factory 2", "thebuffer": "fabric @ factory 2", "quantity": "-1.00"}},
{"pk": "484", "model": "input.flow", "fields": { "operation": "Pack product @ factory 1", "thebuffer": "fabric @ factory 1", "quantity": "-1.00"}},
{"pk": "483", "model": "input.flow", "fields": { "operation": "Make fabric @ factory 1", "thebuffer": "ink @ factory 1", "quantity": "-2.00"}},
{"pk": "481", "model": "input.flow", "fields": { "operation": "Deliver product from factory 2 - 7 day", "thebuffer": "product @ factory 2", "quantity": "-1.00"}},
{"pk": "480", "model": "input.flow", "fields": { "operation": "Deliver product from factory 2 - 1 day", "thebuffer": "product @ factory 2", "quantity": "-1.00"}},
{"pk": "482", "model": "input.flow", "fields": { "operation": "Make fabric @ factory 1", "thebuffer": "thread @ factory 1", "quantity": "-3.00"}},
{"pk": "479", "model": "input.flow", "fields": { "operation": "Deliver product from factory 1 - 7 day", "thebuffer": "product @ factory 1", "quantity": "-1.00"}},
{"pk": "478", "model": "input.flow", "fields": { "operation": "Deliver product from factory 1 - 1 day", "thebuffer": "product @ factory 1", "quantity": "-1.00"}},
{"pk": "490", "model": "input.flow", "fields": {"operation": "Transport fabric from factory 1 to 2", "type": "end", "thebuffer": "fabric @ factory 2", "quantity": "1.00"}},
{"pk": "491", "model": "input.flow", "fields": {"operation": "Transport fabric from factory 1 to 2", "thebuffer": "fabric @ factory 1", "quantity": "-1.00"}},
{"pk": "1000", "model": "input.operationplan", "fields": {"startdate": "2013-01-02 00:00:00", "enddate": "2013-01-02 00:00:00", "locked": true, "operation": "Purchase box @ factory 1", "quantity": "100.00"}},
{"pk": "1001", "model": "input.operationplan", "fields": {"startdate": "2013-01-09 00:00:00", "enddate": "2013-01-09 00:00:00", "locked": true, "operation": "Purchase box @ factory 2", "quantity": "100.00"}},
{"pk": "1002", "model": "input.operationplan", "fields": {"startdate": "2013-01-02 00:00:00", "enddate": "2013-01-02 00:00:00", "locked": true, "operation": "Purchase ink @ factory 1", "quantity": "100.00"}},
{"pk": "1003", "model": "input.operationplan", "fields": {"startdate": "2013-01-02 00:00:00", "enddate": "2013-01-02 00:00:00", "locked": true, "operation": "Purchase thread @ factory 1", "quantity": "100.00"}},
{"pk": "Demand 1", "model": "input.demand", "fields": {"customer": "Customer near factory 1", "due": "2013-01-01 00:00:00", "priority": 1, "item": "product", "operation": "Deliver product from factory 1 or 2", "quantity": "100.00"}},
{"pk": "Demand 2", "model": "input.demand", "fields": {"customer": "Customer near factory 1", "due": "2013-02-01 00:00:00", "priority": 1, "item": "product", "operation": "Deliver product from factory 1 or 2", "quantity": "100.00"}},
{"pk": "Demand 3", "model": "input.demand", "fields": {"customer": "Customer near factory 1", "due": "2013-03-01 00:00:00", "priority": 1, "item": "product", "operation": "Deliver product from factory 1 or 2", "quantity": "100.00"}},
{"pk": "Demand 4", "model": "input.demand", "fields": {"customer": "Customer near factory 1", "due": "2013-04-01 00:00:00", "priority": 1, "item": "product", "operation": "Deliver product from factory 1 or 2", "quantity": "100.00"}},
{"pk": "Demand 5", "model": "input.demand", "fields": {"customer": "Customer near factory 1", "due": "2013-03-01 00:00:00", "priority": 1, "item": "product", "operation": "Deliver product from factory 1 or 2", "quantity": "100.00"}},
{"pk": "Demand 6", "model": "input.demand", "fields": {"customer": "Customer near factory 2", "due": "2013-03-02 00:00:00", "priority": 1, "item": "product", "operation": "Deliver product from factory 2 or 1", "quantity": "300.00"}},
{"pk": "Demand 7", "model": "input.demand", "fields": {"customer": "Customer near factory 2", "due": "2013-02-02 00:00:00", "priority": 1, "item": "product", "operation": "Deliver product from factory 2 or 1", "quantity": "100.00"}},
{"pk": "Demand 8", "model": "input.demand", "fields": {"customer": "Customer near factory 2", "due": "2013-02-22 00:00:00", "priority": 1, "item": "product", "operation": "Deliver product from factory 2 or 1", "quantity": "100.00"}},
{"pk": "Demand 9", "model": "input.demand", "fields": {"customer": "Customer near factory 2", "due": "2013-01-25 00:00:00", "priority": 1, "item": "product", "operation": "Deliver product from factory 2 or 1", "quantity": "100.00"}},
{"pk": "Demand 10", "model": "input.demand", "fields": {"customer": "Customer near factory 2", "due": "2013-02-01 00:00:00", "priority": 1, "item": "product", "operation": "Deliver product from factory 2 or 1", "quantity": "100.00"}},
{"pk": "Demand 11", "model": "input.demand", "fields": {"customer": "Customer near factory 2", "due": "2013-03-25 00:00:00", "priority": 1, "item": "product", "operation": "Deliver product from factory 2 or 1", "quantity": "100.00"}},
{"pk": "Demand 12", "model": "input.demand", "fields": {"customer": "Customer near factory 2", "due": "2013-02-03 00:00:00", "priority": 1, "item": "product", "operation": "Deliver product from factory 2 or 1", "quantity": "100.00"}},
{"pk": "Demand 13", "model": "input.demand", "fields": {"customer": "Customer near factory 2", "due": "2013-02-04 00:00:00", "priority": 1, "item": "product", "operation": "Deliver product from factory 2 or 1", "quantity": "100.00"}},
{"pk": "Demand 14", "model": "input.demand", "fields": {"customer": "Customer near factory 2", "due": "2013-01-02 00:00:00", "priority": 1, "item": "product", "operation": "Deliver product from factory 2 or 1", "quantity": "100.00"}},
{"pk": "21", "model": "input.load", "fields": {"operation": "Pack product @ factory 1", "quantity": "1.00", "resource": "pack in factory 1"}},
{"pk": "22", "model": "input.load", "fields": {"operation": "Pack product @ factory 2", "quantity": "1.00", "resource": "pack in factory 2"}},
{"pk": "23", "model": "input.load", "fields": { "operation": "Make fabric @ factory 1", "quantity": "1.00", "resource": "weave in factory 1"}},
{"pk": "1", "model": "input.suboperation", "fields": {"priority": "1", "suboperation": "Deliver product from factory 2 - 1 day", "operation": "Deliver product from factory 2 or 1"}},
{"pk": "2", "model": "input.suboperation", "fields": {"priority": "2", "suboperation": "Deliver product from factory 2 - 7 day", "operation": "Deliver product from factory 1 or 2"}},
{"pk": "3", "model": "input.suboperation", "fields": {"priority": "1", "suboperation": "Deliver product from factory 1 - 1 day", "operation": "Deliver product from factory 1 or 2"}},
{"pk": "4", "model": "input.suboperation", "fields": {"priority": "2", "suboperation": "Deliver product from factory 1 - 7 day", "operation": "Deliver product from factory 2 or 1"}}
]
