[
{"pk": "factory 1", "model": "input.location", "fields": { "description": "A factory that manufactures, stores and packages products"}},
{"pk": "factory 2", "model": "input.location", "fields": { "description": "A factory that stores and packages products"}},
{"pk": "pack capacity factory 1", "model": "input.calendar", "fields": {"category": "", "description": ""}},
{"pk": "pack capacity factory 2", "model": "input.calendar", "fields": {"category": "", "description": ""}},
{"pk": "Working Days", "model": "input.calendar", "fields": {"category": "", "description": "", "subcategory": ""}},
{"pk": "1", "model": "input.bucket", "fields": {"name": "", "value": "1.00", "startdate": "2007-01-01 00:00:00", "calendar": "pack capacity factory 1"}},
{"pk": "2", "model": "input.bucket", "fields": {"name": "", "value": "1.00", "startdate": "2007-01-01 00:00:00", "calendar": "pack capacity factory 2"}},
{"pk": "3", "model": "input.bucket", "fields": {"name": "", "value": "0.00", "startdate": "2007-02-01 00:00:00", "calendar": "pack capacity factory 1"}},
{"pk": "4", "model": "input.bucket", "fields": {"startdate": "2007-01-01 00:00:00", "enddate": "2007-01-06 00:00:00", "name": "", "value": "1", "calendar": "Working Days"}},
{"pk": "5", "model": "input.bucket", "fields": {"startdate": "2007-01-06 00:00:00", "enddate": "2007-01-08 00:00:00", "name": "", "value": "0", "calendar": "Working Days"}},
{"pk": "6", "model": "input.bucket", "fields": {"startdate": "2007-01-08 00:00:00", "enddate": "2007-01-13 00:00:00", "name": "", "value": "1", "calendar": "Working Days"}},
{"pk": "7", "model": "input.bucket", "fields": {"startdate": "2007-01-13 00:00:00", "enddate": "2007-01-15 00:00:00", "name": "", "value": "0", "calendar": "Working Days"}},
{"pk": "8", "model": "input.bucket", "fields": {"startdate": "2007-01-15 00:00:00", "enddate": "2007-01-20 00:00:00", "name": "", "value": "1", "calendar": "Working Days"}},
{"pk": "9", "model": "input.bucket", "fields": {"startdate": "2007-01-20 00:00:00", "enddate": "2007-01-22 00:00:00", "name": "", "value": "0", "calendar": "Working Days"}},
{"pk": "10", "model": "input.bucket", "fields": {"startdate": "2007-01-22 00:00:00", "enddate": "2007-01-27 00:00:00", "name": "", "value": "1", "calendar": "Working Days"}},
{"pk": "11", "model": "input.bucket", "fields": {"startdate": "2007-01-27 00:00:00", "enddate": "2007-01-29 00:00:00", "name": "", "value": "0", "calendar": "Working Days"}},
{"pk": "12", "model": "input.bucket", "fields": {"startdate": "2007-01-29 00:00:00", "enddate": "2007-02-03 00:00:00", "name": "", "value": "1", "calendar": "Working Days"}},
{"pk": "13", "model": "input.bucket", "fields": {"startdate": "2007-02-03 00:00:00", "enddate": "2007-02-05 00:00:00", "name": "", "value": "0", "calendar": "Working Days"}},
{"pk": "14", "model": "input.bucket", "fields": {"startdate": "2007-02-05 00:00:00", "enddate": "2007-02-10 00:00:00", "name": "", "value": "1", "calendar": "Working Days"}},
{"pk": "15", "model": "input.bucket", "fields": {"startdate": "2007-02-10 00:00:00", "enddate": "2007-02-12 00:00:00", "name": "", "value": "0", "calendar": "Working Days"}},
{"pk": "16", "model": "input.bucket", "fields": {"startdate": "2007-02-12 00:00:00", "enddate": "2007-02-17 00:00:00", "name": "", "value": "1", "calendar": "Working Days"}},
{"pk": "17", "model": "input.bucket", "fields": {"startdate": "2007-02-17 00:00:00", "enddate": "2007-02-19 00:00:00", "name": "", "value": "0", "calendar": "Working Days"}},
{"pk": "18", "model": "input.bucket", "fields": {"startdate": "2007-02-19 00:00:00", "enddate": "2007-02-24 00:00:00", "name": "", "value": "1", "calendar": "Working Days"}},
{"pk": "19", "model": "input.bucket", "fields": {"startdate": "2007-02-24 00:00:00", "enddate": "2007-02-26 00:00:00", "name": "", "value": "0", "calendar": "Working Days"}},
{"pk": "20", "model": "input.bucket", "fields": {"startdate": "2007-02-26 00:00:00", "enddate": "2007-03-03 00:00:00", "name": "", "value": "1", "calendar": "Working Days"}},
{"pk": "21", "model": "input.bucket", "fields": {"startdate": "2007-03-03 00:00:00", "enddate": "2007-03-05 00:00:00", "name": "", "value": "0", "calendar": "Working Days"}},
{"pk": "22", "model": "input.bucket", "fields": {"startdate": "2007-03-05 00:00:00", "enddate": "2007-03-10 00:00:00", "name": "", "value": "1", "calendar": "Working Days"}},
{"pk": "23", "model": "input.bucket", "fields": {"startdate": "2007-03-10 00:00:00", "enddate": "2007-03-12 00:00:00", "name": "", "value": "0", "calendar": "Working Days"}},
{"pk": "24", "model": "input.bucket", "fields": {"startdate": "2007-03-12 00:00:00", "enddate": "2007-03-17 00:00:00", "name": "", "value": "1", "calendar": "Working Days"}},
{"pk": "25", "model": "input.bucket", "fields": {"startdate": "2007-03-17 00:00:00", "enddate": "2007-03-19 00:00:00", "name": "", "value": "0", "calendar": "Working Days"}},
{"pk": "26", "model": "input.bucket", "fields": {"startdate": "2007-03-19 00:00:00", "enddate": "2007-03-24 00:00:00", "name": "", "value": "1", "calendar": "Working Days"}},
{"pk": "27", "model": "input.bucket", "fields": {"startdate": "2007-03-24 00:00:00", "enddate": "2007-03-26 00:00:00", "name": "", "value": "0", "calendar": "Working Days"}},
{"pk": "28", "model": "input.bucket", "fields": {"startdate": "2007-03-26 00:00:00", "enddate": "2007-03-31 00:00:00", "name": "", "value": "1", "calendar": "Working Days"}},
{"pk": "29", "model": "input.bucket", "fields": {"startdate": "2007-03-31 00:00:00", "enddate": "2007-04-02 00:00:00", "name": "", "value": "0", "calendar": "Working Days"}},
{"pk": "30", "model": "input.bucket", "fields": {"startdate": "2007-04-02 00:00:00", "enddate": "2007-04-07 00:00:00", "name": "", "value": "1", "calendar": "Working Days"}},
{"pk": "31", "model": "input.bucket", "fields": {"startdate": "2007-04-07 00:00:00", "enddate": "2007-04-09 00:00:00", "name": "", "value": "0", "calendar": "Working Days"}},
{"pk": "32", "model": "input.bucket", "fields": {"startdate": "2007-04-09 00:00:00", "enddate": "2007-04-14 00:00:00", "name": "", "value": "1", "calendar": "Working Days"}},
{"pk": "33", "model": "input.bucket", "fields": {"startdate": "2007-04-14 00:00:00", "enddate": "2007-04-16 00:00:00", "name": "", "value": "0", "calendar": "Working Days"}},
{"pk": "34", "model": "input.bucket", "fields": {"startdate": "2007-04-16 00:00:00", "enddate": "2007-04-21 00:00:00", "name": "", "value": "1", "calendar": "Working Days"}},
{"pk": "35", "model": "input.bucket", "fields": {"startdate": "2007-04-21 00:00:00", "enddate": "2007-04-23 00:00:00", "name": "", "value": "0", "calendar": "Working Days"}},
{"pk": "36", "model": "input.bucket", "fields": {"startdate": "2007-04-23 00:00:00", "enddate": "2007-04-28 00:00:00", "name": "", "value": "1", "calendar": "Working Days"}},
{"pk": "37", "model": "input.bucket", "fields": {"startdate": "2007-04-28 00:00:00", "enddate": "2007-04-30 00:00:00", "name": "", "value": "0", "calendar": "Working Days"}},
{"pk": "38", "model": "input.bucket", "fields": {"startdate": "2007-04-30 00:00:00", "enddate": "2007-05-05 00:00:00", "name": "", "value": "1", "calendar": "Working Days"}},
{"pk": "39", "model": "input.bucket", "fields": {"startdate": "2007-05-05 00:00:00", "enddate": "2007-05-07 00:00:00", "name": "", "value": "0", "calendar": "Working Days"}},
{"pk": "40", "model": "input.bucket", "fields": {"startdate": "2007-05-07 00:00:00", "enddate": "2007-05-12 00:00:00", "name": "", "value": "1", "calendar": "Working Days"}},
{"pk": "41", "model": "input.bucket", "fields": {"startdate": "2007-05-12 00:00:00", "enddate": "2007-05-14 00:00:00", "name": "", "value": "0", "calendar": "Working Days"}},
{"pk": "42", "model": "input.bucket", "fields": {"startdate": "2007-05-14 00:00:00", "enddate": "2007-05-19 00:00:00", "name": "", "value": "1", "calendar": "Working Days"}},
{"pk": "43", "model": "input.bucket", "fields": {"startdate": "2007-05-19 00:00:00", "enddate": "2007-05-21 00:00:00", "name": "", "value": "0", "calendar": "Working Days"}},
{"pk": "44", "model": "input.bucket", "fields": {"startdate": "2007-05-21 00:00:00", "enddate": "2007-05-26 00:00:00", "name": "", "value": "1", "calendar": "Working Days"}},
{"pk": "45", "model": "input.bucket", "fields": {"startdate": "2007-05-26 00:00:00", "enddate": "2007-05-28 00:00:00", "name": "", "value": "0", "calendar": "Working Days"}},
{"pk": "46", "model": "input.bucket", "fields": {"startdate": "2007-05-28 00:00:00", "enddate": "2007-06-02 00:00:00", "name": "", "value": "1", "calendar": "Working Days"}},
{"pk": "47", "model": "input.bucket", "fields": {"startdate": "2007-06-02 00:00:00", "enddate": "2007-06-04 00:00:00", "name": "", "value": "0", "calendar": "Working Days"}},
{"pk": "48", "model": "input.bucket", "fields": {"startdate": "2007-06-04 00:00:00", "enddate": "2007-06-09 00:00:00", "name": "", "value": "1", "calendar": "Working Days"}},
{"pk": "49", "model": "input.bucket", "fields": {"startdate": "2007-06-09 00:00:00", "enddate": "2007-06-11 00:00:00", "name": "", "value": "0", "calendar": "Working Days"}},
{"pk": "50", "model": "input.bucket", "fields": {"startdate": "2007-06-11 00:00:00", "enddate": "2007-06-16 00:00:00", "name": "", "value": "1", "calendar": "Working Days"}},
{"pk": "51", "model": "input.bucket", "fields": {"startdate": "2007-06-16 00:00:00", "enddate": "2007-06-18 00:00:00", "name": "", "value": "0", "calendar": "Working Days"}},
{"pk": "52", "model": "input.bucket", "fields": {"startdate": "2007-06-18 00:00:00", "enddate": "2007-06-23 00:00:00", "name": "", "value": "1", "calendar": "Working Days"}},
{"pk": "53", "model": "input.bucket", "fields": {"startdate": "2007-06-23 00:00:00", "enddate": "2007-06-25 00:00:00", "name": "", "value": "0", "calendar": "Working Days"}},
{"pk": "54", "model": "input.bucket", "fields": {"startdate": "2007-06-25 00:00:00", "enddate": "2007-06-30 00:00:00", "name": "", "value": "1", "calendar": "Working Days"}},
{"pk": "55", "model": "input.bucket", "fields": {"startdate": "2007-06-30 00:00:00", "enddate": "2007-07-02 00:00:00", "name": "", "value": "0", "calendar": "Working Days"}},
{"pk": "56", "model": "input.bucket", "fields": {"startdate": "2007-07-02 00:00:00", "enddate": "2007-07-07 00:00:00", "name": "", "value": "1", "calendar": "Working Days"}},
{"pk": "57", "model": "input.bucket", "fields": {"startdate": "2007-07-07 00:00:00", "enddate": "2007-07-09 00:00:00", "name": "", "value": "0", "calendar": "Working Days"}},
{"pk": "58", "model": "input.bucket", "fields": {"startdate": "2007-07-09 00:00:00", "enddate": "2007-07-14 00:00:00", "name": "", "value": "1", "calendar": "Working Days"}},
{"pk": "59", "model": "input.bucket", "fields": {"startdate": "2007-07-14 00:00:00", "enddate": "2007-07-16 00:00:00", "name": "", "value": "0", "calendar": "Working Days"}},
{"pk": "60", "model": "input.bucket", "fields": {"startdate": "2007-07-16 00:00:00", "enddate": "2007-07-21 00:00:00", "name": "", "value": "1", "calendar": "Working Days"}},
{"pk": "61", "model": "input.bucket", "fields": {"startdate": "2007-07-21 00:00:00", "enddate": "2007-07-23 00:00:00", "name": "", "value": "0", "calendar": "Working Days"}},
{"pk": "62", "model": "input.bucket", "fields": {"startdate": "2007-07-23 00:00:00", "enddate": "2007-07-28 00:00:00", "name": "", "value": "1", "calendar": "Working Days"}},
{"pk": "63", "model": "input.bucket", "fields": {"startdate": "2007-07-28 00:00:00", "enddate": "2007-07-30 00:00:00", "name": "", "value": "0", "calendar": "Working Days"}},
{"pk": "64", "model": "input.bucket", "fields": {"startdate": "2007-07-30 00:00:00", "enddate": "2007-08-04 00:00:00", "name": "", "value": "1", "calendar": "Working Days"}},
{"pk": "65", "model": "input.bucket", "fields": {"startdate": "2007-08-04 00:00:00", "enddate": "2007-08-06 00:00:00", "name": "", "value": "0", "calendar": "Working Days"}},
{"pk": "66", "model": "input.bucket", "fields": {"startdate": "2007-08-06 00:00:00", "enddate": "2007-08-11 00:00:00", "name": "", "value": "1", "calendar": "Working Days"}},
{"pk": "67", "model": "input.bucket", "fields": {"startdate": "2007-08-11 00:00:00", "enddate": "2007-08-13 00:00:00", "name": "", "value": "0", "calendar": "Working Days"}},
{"pk": "68", "model": "input.bucket", "fields": {"startdate": "2007-08-13 00:00:00", "enddate": "2007-08-18 00:00:00", "name": "", "value": "1", "calendar": "Working Days"}},
{"pk": "69", "model": "input.bucket", "fields": {"startdate": "2007-08-18 00:00:00", "enddate": "2007-08-20 00:00:00", "name": "", "value": "0", "calendar": "Working Days"}},
{"pk": "70", "model": "input.bucket", "fields": {"startdate": "2007-08-20 00:00:00", "enddate": "2007-08-25 00:00:00", "name": "", "value": "1", "calendar": "Working Days"}},
{"pk": "71", "model": "input.bucket", "fields": {"startdate": "2007-08-25 00:00:00", "enddate": "2007-08-27 00:00:00", "name": "", "value": "0", "calendar": "Working Days"}},
{"pk": "72", "model": "input.bucket", "fields": {"startdate": "2007-08-27 00:00:00", "enddate": "2007-09-01 00:00:00", "name": "", "value": "1", "calendar": "Working Days"}},
{"pk": "73", "model": "input.bucket", "fields": {"startdate": "2007-09-01 00:00:00", "enddate": "2007-09-03 00:00:00", "name": "", "value": "0", "calendar": "Working Days"}},
{"pk": "74", "model": "input.bucket", "fields": {"startdate": "2007-09-03 00:00:00", "enddate": "2007-09-08 00:00:00", "name": "", "value": "1", "calendar": "Working Days"}},
{"pk": "75", "model": "input.bucket", "fields": {"startdate": "2007-09-08 00:00:00", "enddate": "2007-09-10 00:00:00", "name": "", "value": "0", "calendar": "Working Days"}},
{"pk": "76", "model": "input.bucket", "fields": {"startdate": "2007-09-10 00:00:00", "enddate": "2007-09-15 00:00:00", "name": "", "value": "1", "calendar": "Working Days"}},
{"pk": "77", "model": "input.bucket", "fields": {"startdate": "2007-09-15 00:00:00", "enddate": "2007-09-17 00:00:00", "name": "", "value": "0", "calendar": "Working Days"}},
{"pk": "78", "model": "input.bucket", "fields": {"startdate": "2007-09-17 00:00:00", "enddate": "2007-09-22 00:00:00", "name": "", "value": "1", "calendar": "Working Days"}},
{"pk": "79", "model": "input.bucket", "fields": {"startdate": "2007-09-22 00:00:00", "enddate": "2007-09-24 00:00:00", "name": "", "value": "0", "calendar": "Working Days"}},
{"pk": "80", "model": "input.bucket", "fields": {"startdate": "2007-09-24 00:00:00", "enddate": "2007-09-29 00:00:00", "name": "", "value": "1", "calendar": "Working Days"}},
{"pk": "81", "model": "input.bucket", "fields": {"startdate": "2007-09-29 00:00:00", "enddate": "2007-10-01 00:00:00", "name": "", "value": "0", "calendar": "Working Days"}},
{"pk": "82", "model": "input.bucket", "fields": {"startdate": "2007-10-01 00:00:00", "enddate": "2007-10-06 00:00:00", "name": "", "value": "1", "calendar": "Working Days"}},
{"pk": "83", "model": "input.bucket", "fields": {"startdate": "2007-10-06 00:00:00", "enddate": "2007-10-08 00:00:00", "name": "", "value": "0", "calendar": "Working Days"}},
{"pk": "84", "model": "input.bucket", "fields": {"startdate": "2007-10-08 00:00:00", "enddate": "2007-10-13 00:00:00", "name": "", "value": "1", "calendar": "Working Days"}},
{"pk": "85", "model": "input.bucket", "fields": {"startdate": "2007-10-13 00:00:00", "enddate": "2007-10-15 00:00:00", "name": "", "value": "0", "calendar": "Working Days"}},
{"pk": "86", "model": "input.bucket", "fields": {"startdate": "2007-10-15 00:00:00", "enddate": "2007-10-20 00:00:00", "name": "", "value": "1", "calendar": "Working Days"}},
{"pk": "87", "model": "input.bucket", "fields": {"startdate": "2007-10-20 00:00:00", "enddate": "2007-10-22 00:00:00", "name": "", "value": "0", "calendar": "Working Days"}},
{"pk": "88", "model": "input.bucket", "fields": {"startdate": "2007-10-22 00:00:00", "enddate": "2007-10-27 00:00:00", "name": "", "value": "1", "calendar": "Working Days"}},
{"pk": "89", "model": "input.bucket", "fields": {"startdate": "2007-10-27 00:00:00", "enddate": "2007-10-29 00:00:00", "name": "", "value": "0", "calendar": "Working Days"}},
{"pk": "90", "model": "input.bucket", "fields": {"startdate": "2007-10-29 00:00:00", "enddate": "2007-11-03 00:00:00", "name": "", "value": "1", "calendar": "Working Days"}},
{"pk": "91", "model": "input.bucket", "fields": {"startdate": "2007-11-03 00:00:00", "enddate": "2007-11-05 00:00:00", "name": "", "value": "0", "calendar": "Working Days"}},
{"pk": "92", "model": "input.bucket", "fields": {"startdate": "2007-11-05 00:00:00", "enddate": "2007-11-10 00:00:00", "name": "", "value": "1", "calendar": "Working Days"}},
{"pk": "93", "model": "input.bucket", "fields": {"startdate": "2007-11-10 00:00:00", "enddate": "2007-11-12 00:00:00", "name": "", "value": "0", "calendar": "Working Days"}},
{"pk": "94", "model": "input.bucket", "fields": {"startdate": "2007-11-12 00:00:00", "enddate": "2007-11-17 00:00:00", "name": "", "value": "1", "calendar": "Working Days"}},
{"pk": "95", "model": "input.bucket", "fields": {"startdate": "2007-11-17 00:00:00", "enddate": "2007-11-19 00:00:00", "name": "", "value": "0", "calendar": "Working Days"}},
{"pk": "96", "model": "input.bucket", "fields": {"startdate": "2007-11-19 00:00:00", "enddate": "2007-11-24 00:00:00", "name": "", "value": "1", "calendar": "Working Days"}},
{"pk": "97", "model": "input.bucket", "fields": {"startdate": "2007-11-24 00:00:00", "enddate": "2007-11-26 00:00:00", "name": "", "value": "0", "calendar": "Working Days"}},
{"pk": "98", "model": "input.bucket", "fields": {"startdate": "2007-11-26 00:00:00", "enddate": "2007-12-01 00:00:00", "name": "", "value": "1", "calendar": "Working Days"}},
{"pk": "99", "model": "input.bucket", "fields": {"startdate": "2007-12-01 00:00:00", "enddate": "2007-12-03 00:00:00", "name": "", "value": "0", "calendar": "Working Days"}},
{"pk": "100", "model": "input.bucket", "fields": {"startdate": "2007-12-03 00:00:00", "enddate": "2007-12-08 00:00:00", "name": "", "value": "1", "calendar": "Working Days"}},
{"pk": "101", "model": "input.bucket", "fields": {"startdate": "2007-12-08 00:00:00", "enddate": "2007-12-10 00:00:00", "name": "", "value": "0", "calendar": "Working Days"}},
{"pk": "102", "model": "input.bucket", "fields": {"startdate": "2007-12-10 00:00:00", "enddate": "2007-12-15 00:00:00", "name": "", "value": "1", "calendar": "Working Days"}},
{"pk": "103", "model": "input.bucket", "fields": {"startdate": "2007-12-15 00:00:00", "enddate": "2007-12-17 00:00:00", "name": "", "value": "0", "calendar": "Working Days"}},
{"pk": "104", "model": "input.bucket", "fields": {"startdate": "2007-12-17 00:00:00", "enddate": "2007-12-22 00:00:00", "name": "", "value": "1", "calendar": "Working Days"}},
{"pk": "105", "model": "input.bucket", "fields": {"startdate": "2007-12-22 00:00:00", "enddate": "2007-12-24 00:00:00", "name": "", "value": "0", "calendar": "Working Days"}},
{"pk": "106", "model": "input.bucket", "fields": {"startdate": "2007-12-24 00:00:00", "enddate": "2007-12-29 00:00:00", "name": "", "value": "1", "calendar": "Working Days"}},
{"pk": "107", "model": "input.bucket", "fields": {"startdate": "2007-12-29 00:00:00", "enddate": "2007-12-31 00:00:00", "name": "", "value": "0", "calendar": "Working Days"}},
{"pk": "108", "model": "input.bucket", "fields": {"startdate": "2007-12-31 00:00:00", "enddate": "2030-12-31 00:00:00", "name": "", "value": "1", "calendar": "Working Days"}},
{"pk": "Customer near factory 1", "model": "input.customer", "fields": {}},
{"pk": "Customer near factory 2", "model": "input.customer", "fields": {}},
{"pk": "2007-01-01", "model": "input.dates", "fields": {"dayofweek": 1, "week": "2007 W01", "week_end": "2007-01-08", "year_start": "2007-01-01", "quarter_end": "2007-04-01", "month_start": "2007-01-01", "quarter_start": "2007-01-01", "year_end": "2008-01-01", "month": "Jan 2007", "week_start": "2007-01-01", "year": "2007", "month_end": "2007-02-01", "quarter": "2007 Q1"}},
{"pk": "2007-01-02", "model": "input.dates", "fields": {"dayofweek": 2, "week": "2007 W01", "week_end": "2007-01-08", "year_start": "2007-01-01", "quarter_end": "2007-04-01", "month_start": "2007-01-01", "quarter_start": "2007-01-01", "year_end": "2008-01-01", "month": "Jan 2007", "week_start": "2007-01-01", "year": "2007", "month_end": "2007-02-01", "quarter": "2007 Q1"}},
{"pk": "2007-01-03", "model": "input.dates", "fields": {"dayofweek": 3, "week": "2007 W01", "week_end": "2007-01-08", "year_start": "2007-01-01", "quarter_end": "2007-04-01", "month_start": "2007-01-01", "quarter_start": "2007-01-01", "year_end": "2008-01-01", "month": "Jan 2007", "week_start": "2007-01-01", "year": "2007", "month_end": "2007-02-01", "quarter": "2007 Q1"}},
{"pk": "2007-01-04", "model": "input.dates", "fields": {"dayofweek": 4, "week": "2007 W01", "week_end": "2007-01-08", "year_start": "2007-01-01", "quarter_end": "2007-04-01", "month_start": "2007-01-01", "quarter_start": "2007-01-01", "year_end": "2008-01-01", "month": "Jan 2007", "week_start": "2007-01-01", "year": "2007", "month_end": "2007-02-01", "quarter": "2007 Q1"}},
{"pk": "2007-01-05", "model": "input.dates", "fields": {"dayofweek": 5, "week": "2007 W01", "week_end": "2007-01-08", "year_start": "2007-01-01", "quarter_end": "2007-04-01", "month_start": "2007-01-01", "quarter_start": "2007-01-01", "year_end": "2008-01-01", "month": "Jan 2007", "week_start": "2007-01-01", "year": "2007", "month_end": "2007-02-01", "quarter": "2007 Q1"}},
{"pk": "2007-01-06", "model": "input.dates", "fields": {"dayofweek": 6, "week": "2007 W01", "week_end": "2007-01-08", "year_start": "2007-01-01", "quarter_end": "2007-04-01", "month_start": "2007-01-01", "quarter_start": "2007-01-01", "year_end": "2008-01-01", "month": "Jan 2007", "week_start": "2007-01-01", "year": "2007", "month_end": "2007-02-01", "quarter": "2007 Q1"}},
{"pk": "2007-01-07", "model": "input.dates", "fields": {"dayofweek": 0, "week": "2007 W01", "week_end": "2007-01-08", "year_start": "2007-01-01", "quarter_end": "2007-04-01", "month_start": "2007-01-01", "quarter_start": "2007-01-01", "year_end": "2008-01-01", "month": "Jan 2007", "week_start": "2007-01-01", "year": "2007", "month_end": "2007-02-01", "quarter": "2007 Q1"}},
{"pk": "2007-01-08", "model": "input.dates", "fields": {"dayofweek": 1, "week": "2007 W02", "week_end": "2007-01-15", "year_start": "2007-01-01", "quarter_end": "2007-04-01", "month_start": "2007-01-01", "quarter_start": "2007-01-01", "year_end": "2008-01-01", "month": "Jan 2007", "week_start": "2007-01-08", "year": "2007", "month_end": "2007-02-01", "quarter": "2007 Q1"}},
{"pk": "2007-01-09", "model": "input.dates", "fields": {"dayofweek": 2, "week": "2007 W02", "week_end": "2007-01-15", "year_start": "2007-01-01", "quarter_end": "2007-04-01", "month_start": "2007-01-01", "quarter_start": "2007-01-01", "year_end": "2008-01-01", "month": "Jan 2007", "week_start": "2007-01-08", "year": "2007", "month_end": "2007-02-01", "quarter": "2007 Q1"}},
{"pk": "2007-01-10", "model": "input.dates", "fields": {"dayofweek": 3, "week": "2007 W02", "week_end": "2007-01-15", "year_start": "2007-01-01", "quarter_end": "2007-04-01", "month_start": "2007-01-01", "quarter_start": "2007-01-01", "year_end": "2008-01-01", "month": "Jan 2007", "week_start": "2007-01-08", "year": "2007", "month_end": "2007-02-01", "quarter": "2007 Q1"}},
{"pk": "2007-01-11", "model": "input.dates", "fields": {"dayofweek": 4, "week": "2007 W02", "week_end": "2007-01-15", "year_start": "2007-01-01", "quarter_end": "2007-04-01", "month_start": "2007-01-01", "quarter_start": "2007-01-01", "year_end": "2008-01-01", "month": "Jan 2007", "week_start": "2007-01-08", "year": "2007", "month_end": "2007-02-01", "quarter": "2007 Q1"}},
{"pk": "2007-01-12", "model": "input.dates", "fields": {"dayofweek": 5, "week": "2007 W02", "week_end": "2007-01-15", "year_start": "2007-01-01", "quarter_end": "2007-04-01", "month_start": "2007-01-01", "quarter_start": "2007-01-01", "year_end": "2008-01-01", "month": "Jan 2007", "week_start": "2007-01-08", "year": "2007", "month_end": "2007-02-01", "quarter": "2007 Q1"}},
{"pk": "2007-01-13", "model": "input.dates", "fields": {"dayofweek": 6, "week": "2007 W02", "week_end": "2007-01-15", "year_start": "2007-01-01", "quarter_end": "2007-04-01", "month_start": "2007-01-01", "quarter_start": "2007-01-01", "year_end": "2008-01-01", "month": "Jan 2007", "week_start": "2007-01-08", "year": "2007", "month_end": "2007-02-01", "quarter": "2007 Q1"}},
{"pk": "2007-01-14", "model": "input.dates", "fields": {"dayofweek": 0, "week": "2007 W02", "week_end": "2007-01-15", "year_start": "2007-01-01", "quarter_end": "2007-04-01", "month_start": "2007-01-01", "quarter_start": "2007-01-01", "year_end": "2008-01-01", "month": "Jan 2007", "week_start": "2007-01-08", "year": "2007", "month_end": "2007-02-01", "quarter": "2007 Q1"}},
{"pk": "2007-01-15", "model": "input.dates", "fields": {"dayofweek": 1, "week": "2007 W03", "week_end": "2007-01-22", "year_start": "2007-01-01", "quarter_end": "2007-04-01", "month_start": "2007-01-01", "quarter_start": "2007-01-01", "year_end": "2008-01-01", "month": "Jan 2007", "week_start": "2007-01-15", "year": "2007", "month_end": "2007-02-01", "quarter": "2007 Q1"}},
{"pk": "2007-01-16", "model": "input.dates", "fields": {"dayofweek": 2, "week": "2007 W03", "week_end": "2007-01-22", "year_start": "2007-01-01", "quarter_end": "2007-04-01", "month_start": "2007-01-01", "quarter_start": "2007-01-01", "year_end": "2008-01-01", "month": "Jan 2007", "week_start": "2007-01-15", "year": "2007", "month_end": "2007-02-01", "quarter": "2007 Q1"}},
{"pk": "2007-01-17", "model": "input.dates", "fields": {"dayofweek": 3, "week": "2007 W03", "week_end": "2007-01-22", "year_start": "2007-01-01", "quarter_end": "2007-04-01", "month_start": "2007-01-01", "quarter_start": "2007-01-01", "year_end": "2008-01-01", "month": "Jan 2007", "week_start": "2007-01-15", "year": "2007", "month_end": "2007-02-01", "quarter": "2007 Q1"}},
{"pk": "2007-01-18", "model": "input.dates", "fields": {"dayofweek": 4, "week": "2007 W03", "week_end": "2007-01-22", "year_start": "2007-01-01", "quarter_end": "2007-04-01", "month_start": "2007-01-01", "quarter_start": "2007-01-01", "year_end": "2008-01-01", "month": "Jan 2007", "week_start": "2007-01-15", "year": "2007", "month_end": "2007-02-01", "quarter": "2007 Q1"}},
{"pk": "2007-01-19", "model": "input.dates", "fields": {"dayofweek": 5, "week": "2007 W03", "week_end": "2007-01-22", "year_start": "2007-01-01", "quarter_end": "2007-04-01", "month_start": "2007-01-01", "quarter_start": "2007-01-01", "year_end": "2008-01-01", "month": "Jan 2007", "week_start": "2007-01-15", "year": "2007", "month_end": "2007-02-01", "quarter": "2007 Q1"}},
{"pk": "2007-01-20", "model": "input.dates", "fields": {"dayofweek": 6, "week": "2007 W03", "week_end": "2007-01-22", "year_start": "2007-01-01", "quarter_end": "2007-04-01", "month_start": "2007-01-01", "quarter_start": "2007-01-01", "year_end": "2008-01-01", "month": "Jan 2007", "week_start": "2007-01-15", "year": "2007", "month_end": "2007-02-01", "quarter": "2007 Q1"}},
{"pk": "2007-01-21", "model": "input.dates", "fields": {"dayofweek": 0, "week": "2007 W03", "week_end": "2007-01-22", "year_start": "2007-01-01", "quarter_end": "2007-04-01", "month_start": "2007-01-01", "quarter_start": "2007-01-01", "year_end": "2008-01-01", "month": "Jan 2007", "week_start": "2007-01-15", "year": "2007", "month_end": "2007-02-01", "quarter": "2007 Q1"}},
{"pk": "2007-01-22", "model": "input.dates", "fields": {"dayofweek": 1, "week": "2007 W04", "week_end": "2007-01-29", "year_start": "2007-01-01", "quarter_end": "2007-04-01", "month_start": "2007-01-01", "quarter_start": "2007-01-01", "year_end": "2008-01-01", "month": "Jan 2007", "week_start": "2007-01-22", "year": "2007", "month_end": "2007-02-01", "quarter": "2007 Q1"}},
{"pk": "2007-01-23", "model": "input.dates", "fields": {"dayofweek": 2, "week": "2007 W04", "week_end": "2007-01-29", "year_start": "2007-01-01", "quarter_end": "2007-04-01", "month_start": "2007-01-01", "quarter_start": "2007-01-01", "year_end": "2008-01-01", "month": "Jan 2007", "week_start": "2007-01-22", "year": "2007", "month_end": "2007-02-01", "quarter": "2007 Q1"}},
{"pk": "2007-01-24", "model": "input.dates", "fields": {"dayofweek": 3, "week": "2007 W04", "week_end": "2007-01-29", "year_start": "2007-01-01", "quarter_end": "2007-04-01", "month_start": "2007-01-01", "quarter_start": "2007-01-01", "year_end": "2008-01-01", "month": "Jan 2007", "week_start": "2007-01-22", "year": "2007", "month_end": "2007-02-01", "quarter": "2007 Q1"}},
{"pk": "2007-01-25", "model": "input.dates", "fields": {"dayofweek": 4, "week": "2007 W04", "week_end": "2007-01-29", "year_start": "2007-01-01", "quarter_end": "2007-04-01", "month_start": "2007-01-01", "quarter_start": "2007-01-01", "year_end": "2008-01-01", "month": "Jan 2007", "week_start": "2007-01-22", "year": "2007", "month_end": "2007-02-01", "quarter": "2007 Q1"}},
{"pk": "2007-01-26", "model": "input.dates", "fields": {"dayofweek": 5, "week": "2007 W04", "week_end": "2007-01-29", "year_start": "2007-01-01", "quarter_end": "2007-04-01", "month_start": "2007-01-01", "quarter_start": "2007-01-01", "year_end": "2008-01-01", "month": "Jan 2007", "week_start": "2007-01-22", "year": "2007", "month_end": "2007-02-01", "quarter": "2007 Q1"}},
{"pk": "2007-01-27", "model": "input.dates", "fields": {"dayofweek": 6, "week": "2007 W04", "week_end": "2007-01-29", "year_start": "2007-01-01", "quarter_end": "2007-04-01", "month_start": "2007-01-01", "quarter_start": "2007-01-01", "year_end": "2008-01-01", "month": "Jan 2007", "week_start": "2007-01-22", "year": "2007", "month_end": "2007-02-01", "quarter": "2007 Q1"}},
{"pk": "2007-01-28", "model": "input.dates", "fields": {"dayofweek": 0, "week": "2007 W04", "week_end": "2007-01-29", "year_start": "2007-01-01", "quarter_end": "2007-04-01", "month_start": "2007-01-01", "quarter_start": "2007-01-01", "year_end": "2008-01-01", "month": "Jan 2007", "week_start": "2007-01-22", "year": "2007", "month_end": "2007-02-01", "quarter": "2007 Q1"}},
{"pk": "2007-01-29", "model": "input.dates", "fields": {"dayofweek": 1, "week": "2007 W05", "week_end": "2007-02-05", "year_start": "2007-01-01", "quarter_end": "2007-04-01", "month_start": "2007-01-01", "quarter_start": "2007-01-01", "year_end": "2008-01-01", "month": "Jan 2007", "week_start": "2007-01-29", "year": "2007", "month_end": "2007-02-01", "quarter": "2007 Q1"}},
{"pk": "2007-01-30", "model": "input.dates", "fields": {"dayofweek": 2, "week": "2007 W05", "week_end": "2007-02-05", "year_start": "2007-01-01", "quarter_end": "2007-04-01", "month_start": "2007-01-01", "quarter_start": "2007-01-01", "year_end": "2008-01-01", "month": "Jan 2007", "week_start": "2007-01-29", "year": "2007", "month_end": "2007-02-01", "quarter": "2007 Q1"}},
{"pk": "2007-01-31", "model": "input.dates", "fields": {"dayofweek": 3, "week": "2007 W05", "week_end": "2007-02-05", "year_start": "2007-01-01", "quarter_end": "2007-04-01", "month_start": "2007-01-01", "quarter_start": "2007-01-01", "year_end": "2008-01-01", "month": "Jan 2007", "week_start": "2007-01-29", "year": "2007", "month_end": "2007-02-01", "quarter": "2007 Q1"}},
{"pk": "2007-02-01", "model": "input.dates", "fields": {"dayofweek": 4, "week": "2007 W05", "week_end": "2007-02-05", "year_start": "2007-01-01", "quarter_end": "2007-04-01", "month_start": "2007-02-01", "quarter_start": "2007-01-01", "year_end": "2008-01-01", "month": "Feb 2007", "week_start": "2007-01-29", "year": "2007", "month_end": "2007-03-01", "quarter": "2007 Q1"}},
{"pk": "2007-02-02", "model": "input.dates", "fields": {"dayofweek": 5, "week": "2007 W05", "week_end": "2007-02-05", "year_start": "2007-01-01", "quarter_end": "2007-04-01", "month_start": "2007-02-01", "quarter_start": "2007-01-01", "year_end": "2008-01-01", "month": "Feb 2007", "week_start": "2007-01-29", "year": "2007", "month_end": "2007-03-01", "quarter": "2007 Q1"}},
{"pk": "2007-02-03", "model": "input.dates", "fields": {"dayofweek": 6, "week": "2007 W05", "week_end": "2007-02-05", "year_start": "2007-01-01", "quarter_end": "2007-04-01", "month_start": "2007-02-01", "quarter_start": "2007-01-01", "year_end": "2008-01-01", "month": "Feb 2007", "week_start": "2007-01-29", "year": "2007", "month_end": "2007-03-01", "quarter": "2007 Q1"}},
{"pk": "2007-02-04", "model": "input.dates", "fields": {"dayofweek": 0, "week": "2007 W05", "week_end": "2007-02-05", "year_start": "2007-01-01", "quarter_end": "2007-04-01", "month_start": "2007-02-01", "quarter_start": "2007-01-01", "year_end": "2008-01-01", "month": "Feb 2007", "week_start": "2007-01-29", "year": "2007", "month_end": "2007-03-01", "quarter": "2007 Q1"}},
{"pk": "2007-02-05", "model": "input.dates", "fields": {"dayofweek": 1, "week": "2007 W06", "week_end": "2007-02-12", "year_start": "2007-01-01", "quarter_end": "2007-04-01", "month_start": "2007-02-01", "quarter_start": "2007-01-01", "year_end": "2008-01-01", "month": "Feb 2007", "week_start": "2007-02-05", "year": "2007", "month_end": "2007-03-01", "quarter": "2007 Q1"}},
{"pk": "2007-02-06", "model": "input.dates", "fields": {"dayofweek": 2, "week": "2007 W06", "week_end": "2007-02-12", "year_start": "2007-01-01", "quarter_end": "2007-04-01", "month_start": "2007-02-01", "quarter_start": "2007-01-01", "year_end": "2008-01-01", "month": "Feb 2007", "week_start": "2007-02-05", "year": "2007", "month_end": "2007-03-01", "quarter": "2007 Q1"}},
{"pk": "2007-02-07", "model": "input.dates", "fields": {"dayofweek": 3, "week": "2007 W06", "week_end": "2007-02-12", "year_start": "2007-01-01", "quarter_end": "2007-04-01", "month_start": "2007-02-01", "quarter_start": "2007-01-01", "year_end": "2008-01-01", "month": "Feb 2007", "week_start": "2007-02-05", "year": "2007", "month_end": "2007-03-01", "quarter": "2007 Q1"}},
{"pk": "2007-02-08", "model": "input.dates", "fields": {"dayofweek": 4, "week": "2007 W06", "week_end": "2007-02-12", "year_start": "2007-01-01", "quarter_end": "2007-04-01", "month_start": "2007-02-01", "quarter_start": "2007-01-01", "year_end": "2008-01-01", "month": "Feb 2007", "week_start": "2007-02-05", "year": "2007", "month_end": "2007-03-01", "quarter": "2007 Q1"}},
{"pk": "2007-02-09", "model": "input.dates", "fields": {"dayofweek": 5, "week": "2007 W06", "week_end": "2007-02-12", "year_start": "2007-01-01", "quarter_end": "2007-04-01", "month_start": "2007-02-01", "quarter_start": "2007-01-01", "year_end": "2008-01-01", "month": "Feb 2007", "week_start": "2007-02-05", "year": "2007", "month_end": "2007-03-01", "quarter": "2007 Q1"}},
{"pk": "2007-02-10", "model": "input.dates", "fields": {"dayofweek": 6, "week": "2007 W06", "week_end": "2007-02-12", "year_start": "2007-01-01", "quarter_end": "2007-04-01", "month_start": "2007-02-01", "quarter_start": "2007-01-01", "year_end": "2008-01-01", "month": "Feb 2007", "week_start": "2007-02-05", "year": "2007", "month_end": "2007-03-01", "quarter": "2007 Q1"}},
{"pk": "2007-02-11", "model": "input.dates", "fields": {"dayofweek": 0, "week": "2007 W06", "week_end": "2007-02-12", "year_start": "2007-01-01", "quarter_end": "2007-04-01", "month_start": "2007-02-01", "quarter_start": "2007-01-01", "year_end": "2008-01-01", "month": "Feb 2007", "week_start": "2007-02-05", "year": "2007", "month_end": "2007-03-01", "quarter": "2007 Q1"}},
{"pk": "2007-02-12", "model": "input.dates", "fields": {"dayofweek": 1, "week": "2007 W07", "week_end": "2007-02-19", "year_start": "2007-01-01", "quarter_end": "2007-04-01", "month_start": "2007-02-01", "quarter_start": "2007-01-01", "year_end": "2008-01-01", "month": "Feb 2007", "week_start": "2007-02-12", "year": "2007", "month_end": "2007-03-01", "quarter": "2007 Q1"}},
{"pk": "2007-02-13", "model": "input.dates", "fields": {"dayofweek": 2, "week": "2007 W07", "week_end": "2007-02-19", "year_start": "2007-01-01", "quarter_end": "2007-04-01", "month_start": "2007-02-01", "quarter_start": "2007-01-01", "year_end": "2008-01-01", "month": "Feb 2007", "week_start": "2007-02-12", "year": "2007", "month_end": "2007-03-01", "quarter": "2007 Q1"}},
{"pk": "2007-02-14", "model": "input.dates", "fields": {"dayofweek": 3, "week": "2007 W07", "week_end": "2007-02-19", "year_start": "2007-01-01", "quarter_end": "2007-04-01", "month_start": "2007-02-01", "quarter_start": "2007-01-01", "year_end": "2008-01-01", "month": "Feb 2007", "week_start": "2007-02-12", "year": "2007", "month_end": "2007-03-01", "quarter": "2007 Q1"}},
{"pk": "2007-02-15", "model": "input.dates", "fields": {"dayofweek": 4, "week": "2007 W07", "week_end": "2007-02-19", "year_start": "2007-01-01", "quarter_end": "2007-04-01", "month_start": "2007-02-01", "quarter_start": "2007-01-01", "year_end": "2008-01-01", "month": "Feb 2007", "week_start": "2007-02-12", "year": "2007", "month_end": "2007-03-01", "quarter": "2007 Q1"}},
{"pk": "2007-02-16", "model": "input.dates", "fields": {"dayofweek": 5, "week": "2007 W07", "week_end": "2007-02-19", "year_start": "2007-01-01", "quarter_end": "2007-04-01", "month_start": "2007-02-01", "quarter_start": "2007-01-01", "year_end": "2008-01-01", "month": "Feb 2007", "week_start": "2007-02-12", "year": "2007", "month_end": "2007-03-01", "quarter": "2007 Q1"}},
{"pk": "2007-02-17", "model": "input.dates", "fields": {"dayofweek": 6, "week": "2007 W07", "week_end": "2007-02-19", "year_start": "2007-01-01", "quarter_end": "2007-04-01", "month_start": "2007-02-01", "quarter_start": "2007-01-01", "year_end": "2008-01-01", "month": "Feb 2007", "week_start": "2007-02-12", "year": "2007", "month_end": "2007-03-01", "quarter": "2007 Q1"}},
{"pk": "2007-02-18", "model": "input.dates", "fields": {"dayofweek": 0, "week": "2007 W07", "week_end": "2007-02-19", "year_start": "2007-01-01", "quarter_end": "2007-04-01", "month_start": "2007-02-01", "quarter_start": "2007-01-01", "year_end": "2008-01-01", "month": "Feb 2007", "week_start": "2007-02-12", "year": "2007", "month_end": "2007-03-01", "quarter": "2007 Q1"}},
{"pk": "2007-02-19", "model": "input.dates", "fields": {"dayofweek": 1, "week": "2007 W08", "week_end": "2007-02-26", "year_start": "2007-01-01", "quarter_end": "2007-04-01", "month_start": "2007-02-01", "quarter_start": "2007-01-01", "year_end": "2008-01-01", "month": "Feb 2007", "week_start": "2007-02-19", "year": "2007", "month_end": "2007-03-01", "quarter": "2007 Q1"}},
{"pk": "2007-02-20", "model": "input.dates", "fields": {"dayofweek": 2, "week": "2007 W08", "week_end": "2007-02-26", "year_start": "2007-01-01", "quarter_end": "2007-04-01", "month_start": "2007-02-01", "quarter_start": "2007-01-01", "year_end": "2008-01-01", "month": "Feb 2007", "week_start": "2007-02-19", "year": "2007", "month_end": "2007-03-01", "quarter": "2007 Q1"}},
{"pk": "2007-02-21", "model": "input.dates", "fields": {"dayofweek": 3, "week": "2007 W08", "week_end": "2007-02-26", "year_start": "2007-01-01", "quarter_end": "2007-04-01", "month_start": "2007-02-01", "quarter_start": "2007-01-01", "year_end": "2008-01-01", "month": "Feb 2007", "week_start": "2007-02-19", "year": "2007", "month_end": "2007-03-01", "quarter": "2007 Q1"}},
{"pk": "2007-02-22", "model": "input.dates", "fields": {"dayofweek": 4, "week": "2007 W08", "week_end": "2007-02-26", "year_start": "2007-01-01", "quarter_end": "2007-04-01", "month_start": "2007-02-01", "quarter_start": "2007-01-01", "year_end": "2008-01-01", "month": "Feb 2007", "week_start": "2007-02-19", "year": "2007", "month_end": "2007-03-01", "quarter": "2007 Q1"}},
{"pk": "2007-02-23", "model": "input.dates", "fields": {"dayofweek": 5, "week": "2007 W08", "week_end": "2007-02-26", "year_start": "2007-01-01", "quarter_end": "2007-04-01", "month_start": "2007-02-01", "quarter_start": "2007-01-01", "year_end": "2008-01-01", "month": "Feb 2007", "week_start": "2007-02-19", "year": "2007", "month_end": "2007-03-01", "quarter": "2007 Q1"}},
{"pk": "2007-02-24", "model": "input.dates", "fields": {"dayofweek": 6, "week": "2007 W08", "week_end": "2007-02-26", "year_start": "2007-01-01", "quarter_end": "2007-04-01", "month_start": "2007-02-01", "quarter_start": "2007-01-01", "year_end": "2008-01-01", "month": "Feb 2007", "week_start": "2007-02-19", "year": "2007", "month_end": "2007-03-01", "quarter": "2007 Q1"}},
{"pk": "2007-02-25", "model": "input.dates", "fields": {"dayofweek": 0, "week": "2007 W08", "week_end": "2007-02-26", "year_start": "2007-01-01", "quarter_end": "2007-04-01", "month_start": "2007-02-01", "quarter_start": "2007-01-01", "year_end": "2008-01-01", "month": "Feb 2007", "week_start": "2007-02-19", "year": "2007", "month_end": "2007-03-01", "quarter": "2007 Q1"}},
{"pk": "2007-02-26", "model": "input.dates", "fields": {"dayofweek": 1, "week": "2007 W09", "week_end": "2007-03-05", "year_start": "2007-01-01", "quarter_end": "2007-04-01", "month_start": "2007-02-01", "quarter_start": "2007-01-01", "year_end": "2008-01-01", "month": "Feb 2007", "week_start": "2007-02-26", "year": "2007", "month_end": "2007-03-01", "quarter": "2007 Q1"}},
{"pk": "2007-02-27", "model": "input.dates", "fields": {"dayofweek": 2, "week": "2007 W09", "week_end": "2007-03-05", "year_start": "2007-01-01", "quarter_end": "2007-04-01", "month_start": "2007-02-01", "quarter_start": "2007-01-01", "year_end": "2008-01-01", "month": "Feb 2007", "week_start": "2007-02-26", "year": "2007", "month_end": "2007-03-01", "quarter": "2007 Q1"}},
{"pk": "2007-02-28", "model": "input.dates", "fields": {"dayofweek": 3, "week": "2007 W09", "week_end": "2007-03-05", "year_start": "2007-01-01", "quarter_end": "2007-04-01", "month_start": "2007-02-01", "quarter_start": "2007-01-01", "year_end": "2008-01-01", "month": "Feb 2007", "week_start": "2007-02-26", "year": "2007", "month_end": "2007-03-01", "quarter": "2007 Q1"}},
{"pk": "2007-03-01", "model": "input.dates", "fields": {"dayofweek": 4, "week": "2007 W09", "week_end": "2007-03-05", "year_start": "2007-01-01", "quarter_end": "2007-04-01", "month_start": "2007-03-01", "quarter_start": "2007-01-01", "year_end": "2008-01-01", "month": "Mar 2007", "week_start": "2007-02-26", "year": "2007", "month_end": "2007-04-01", "quarter": "2007 Q1"}},
{"pk": "2007-03-02", "model": "input.dates", "fields": {"dayofweek": 5, "week": "2007 W09", "week_end": "2007-03-05", "year_start": "2007-01-01", "quarter_end": "2007-04-01", "month_start": "2007-03-01", "quarter_start": "2007-01-01", "year_end": "2008-01-01", "month": "Mar 2007", "week_start": "2007-02-26", "year": "2007", "month_end": "2007-04-01", "quarter": "2007 Q1"}},
{"pk": "2007-03-03", "model": "input.dates", "fields": {"dayofweek": 6, "week": "2007 W09", "week_end": "2007-03-05", "year_start": "2007-01-01", "quarter_end": "2007-04-01", "month_start": "2007-03-01", "quarter_start": "2007-01-01", "year_end": "2008-01-01", "month": "Mar 2007", "week_start": "2007-02-26", "year": "2007", "month_end": "2007-04-01", "quarter": "2007 Q1"}},
{"pk": "2007-03-04", "model": "input.dates", "fields": {"dayofweek": 0, "week": "2007 W09", "week_end": "2007-03-05", "year_start": "2007-01-01", "quarter_end": "2007-04-01", "month_start": "2007-03-01", "quarter_start": "2007-01-01", "year_end": "2008-01-01", "month": "Mar 2007", "week_start": "2007-02-26", "year": "2007", "month_end": "2007-04-01", "quarter": "2007 Q1"}},
{"pk": "2007-03-05", "model": "input.dates", "fields": {"dayofweek": 1, "week": "2007 W10", "week_end": "2007-03-12", "year_start": "2007-01-01", "quarter_end": "2007-04-01", "month_start": "2007-03-01", "quarter_start": "2007-01-01", "year_end": "2008-01-01", "month": "Mar 2007", "week_start": "2007-03-05", "year": "2007", "month_end": "2007-04-01", "quarter": "2007 Q1"}},
{"pk": "2007-03-06", "model": "input.dates", "fields": {"dayofweek": 2, "week": "2007 W10", "week_end": "2007-03-12", "year_start": "2007-01-01", "quarter_end": "2007-04-01", "month_start": "2007-03-01", "quarter_start": "2007-01-01", "year_end": "2008-01-01", "month": "Mar 2007", "week_start": "2007-03-05", "year": "2007", "month_end": "2007-04-01", "quarter": "2007 Q1"}},
{"pk": "2007-03-07", "model": "input.dates", "fields": {"dayofweek": 3, "week": "2007 W10", "week_end": "2007-03-12", "year_start": "2007-01-01", "quarter_end": "2007-04-01", "month_start": "2007-03-01", "quarter_start": "2007-01-01", "year_end": "2008-01-01", "month": "Mar 2007", "week_start": "2007-03-05", "year": "2007", "month_end": "2007-04-01", "quarter": "2007 Q1"}},
{"pk": "2007-03-08", "model": "input.dates", "fields": {"dayofweek": 4, "week": "2007 W10", "week_end": "2007-03-12", "year_start": "2007-01-01", "quarter_end": "2007-04-01", "month_start": "2007-03-01", "quarter_start": "2007-01-01", "year_end": "2008-01-01", "month": "Mar 2007", "week_start": "2007-03-05", "year": "2007", "month_end": "2007-04-01", "quarter": "2007 Q1"}},
{"pk": "2007-03-09", "model": "input.dates", "fields": {"dayofweek": 5, "week": "2007 W10", "week_end": "2007-03-12", "year_start": "2007-01-01", "quarter_end": "2007-04-01", "month_start": "2007-03-01", "quarter_start": "2007-01-01", "year_end": "2008-01-01", "month": "Mar 2007", "week_start": "2007-03-05", "year": "2007", "month_end": "2007-04-01", "quarter": "2007 Q1"}},
{"pk": "2007-03-10", "model": "input.dates", "fields": {"dayofweek": 6, "week": "2007 W10", "week_end": "2007-03-12", "year_start": "2007-01-01", "quarter_end": "2007-04-01", "month_start": "2007-03-01", "quarter_start": "2007-01-01", "year_end": "2008-01-01", "month": "Mar 2007", "week_start": "2007-03-05", "year": "2007", "month_end": "2007-04-01", "quarter": "2007 Q1"}},
{"pk": "2007-03-11", "model": "input.dates", "fields": {"dayofweek": 0, "week": "2007 W10", "week_end": "2007-03-12", "year_start": "2007-01-01", "quarter_end": "2007-04-01", "month_start": "2007-03-01", "quarter_start": "2007-01-01", "year_end": "2008-01-01", "month": "Mar 2007", "week_start": "2007-03-05", "year": "2007", "month_end": "2007-04-01", "quarter": "2007 Q1"}},
{"pk": "2007-03-12", "model": "input.dates", "fields": {"dayofweek": 1, "week": "2007 W11", "week_end": "2007-03-19", "year_start": "2007-01-01", "quarter_end": "2007-04-01", "month_start": "2007-03-01", "quarter_start": "2007-01-01", "year_end": "2008-01-01", "month": "Mar 2007", "week_start": "2007-03-12", "year": "2007", "month_end": "2007-04-01", "quarter": "2007 Q1"}},
{"pk": "2007-03-13", "model": "input.dates", "fields": {"dayofweek": 2, "week": "2007 W11", "week_end": "2007-03-19", "year_start": "2007-01-01", "quarter_end": "2007-04-01", "month_start": "2007-03-01", "quarter_start": "2007-01-01", "year_end": "2008-01-01", "month": "Mar 2007", "week_start": "2007-03-12", "year": "2007", "month_end": "2007-04-01", "quarter": "2007 Q1"}},
{"pk": "2007-03-14", "model": "input.dates", "fields": {"dayofweek": 3, "week": "2007 W11", "week_end": "2007-03-19", "year_start": "2007-01-01", "quarter_end": "2007-04-01", "month_start": "2007-03-01", "quarter_start": "2007-01-01", "year_end": "2008-01-01", "month": "Mar 2007", "week_start": "2007-03-12", "year": "2007", "month_end": "2007-04-01", "quarter": "2007 Q1"}},
{"pk": "2007-03-15", "model": "input.dates", "fields": {"dayofweek": 4, "week": "2007 W11", "week_end": "2007-03-19", "year_start": "2007-01-01", "quarter_end": "2007-04-01", "month_start": "2007-03-01", "quarter_start": "2007-01-01", "year_end": "2008-01-01", "month": "Mar 2007", "week_start": "2007-03-12", "year": "2007", "month_end": "2007-04-01", "quarter": "2007 Q1"}},
{"pk": "2007-03-16", "model": "input.dates", "fields": {"dayofweek": 5, "week": "2007 W11", "week_end": "2007-03-19", "year_start": "2007-01-01", "quarter_end": "2007-04-01", "month_start": "2007-03-01", "quarter_start": "2007-01-01", "year_end": "2008-01-01", "month": "Mar 2007", "week_start": "2007-03-12", "year": "2007", "month_end": "2007-04-01", "quarter": "2007 Q1"}},
{"pk": "2007-03-17", "model": "input.dates", "fields": {"dayofweek": 6, "week": "2007 W11", "week_end": "2007-03-19", "year_start": "2007-01-01", "quarter_end": "2007-04-01", "month_start": "2007-03-01", "quarter_start": "2007-01-01", "year_end": "2008-01-01", "month": "Mar 2007", "week_start": "2007-03-12", "year": "2007", "month_end": "2007-04-01", "quarter": "2007 Q1"}},
{"pk": "2007-03-18", "model": "input.dates", "fields": {"dayofweek": 0, "week": "2007 W11", "week_end": "2007-03-19", "year_start": "2007-01-01", "quarter_end": "2007-04-01", "month_start": "2007-03-01", "quarter_start": "2007-01-01", "year_end": "2008-01-01", "month": "Mar 2007", "week_start": "2007-03-12", "year": "2007", "month_end": "2007-04-01", "quarter": "2007 Q1"}},
{"pk": "2007-03-19", "model": "input.dates", "fields": {"dayofweek": 1, "week": "2007 W12", "week_end": "2007-03-26", "year_start": "2007-01-01", "quarter_end": "2007-04-01", "month_start": "2007-03-01", "quarter_start": "2007-01-01", "year_end": "2008-01-01", "month": "Mar 2007", "week_start": "2007-03-19", "year": "2007", "month_end": "2007-04-01", "quarter": "2007 Q1"}},
{"pk": "2007-03-20", "model": "input.dates", "fields": {"dayofweek": 2, "week": "2007 W12", "week_end": "2007-03-26", "year_start": "2007-01-01", "quarter_end": "2007-04-01", "month_start": "2007-03-01", "quarter_start": "2007-01-01", "year_end": "2008-01-01", "month": "Mar 2007", "week_start": "2007-03-19", "year": "2007", "month_end": "2007-04-01", "quarter": "2007 Q1"}},
{"pk": "2007-03-21", "model": "input.dates", "fields": {"dayofweek": 3, "week": "2007 W12", "week_end": "2007-03-26", "year_start": "2007-01-01", "quarter_end": "2007-04-01", "month_start": "2007-03-01", "quarter_start": "2007-01-01", "year_end": "2008-01-01", "month": "Mar 2007", "week_start": "2007-03-19", "year": "2007", "month_end": "2007-04-01", "quarter": "2007 Q1"}},
{"pk": "2007-03-22", "model": "input.dates", "fields": {"dayofweek": 4, "week": "2007 W12", "week_end": "2007-03-26", "year_start": "2007-01-01", "quarter_end": "2007-04-01", "month_start": "2007-03-01", "quarter_start": "2007-01-01", "year_end": "2008-01-01", "month": "Mar 2007", "week_start": "2007-03-19", "year": "2007", "month_end": "2007-04-01", "quarter": "2007 Q1"}},
{"pk": "2007-03-23", "model": "input.dates", "fields": {"dayofweek": 5, "week": "2007 W12", "week_end": "2007-03-26", "year_start": "2007-01-01", "quarter_end": "2007-04-01", "month_start": "2007-03-01", "quarter_start": "2007-01-01", "year_end": "2008-01-01", "month": "Mar 2007", "week_start": "2007-03-19", "year": "2007", "month_end": "2007-04-01", "quarter": "2007 Q1"}},
{"pk": "2007-03-24", "model": "input.dates", "fields": {"dayofweek": 6, "week": "2007 W12", "week_end": "2007-03-26", "year_start": "2007-01-01", "quarter_end": "2007-04-01", "month_start": "2007-03-01", "quarter_start": "2007-01-01", "year_end": "2008-01-01", "month": "Mar 2007", "week_start": "2007-03-19", "year": "2007", "month_end": "2007-04-01", "quarter": "2007 Q1"}},
{"pk": "2007-03-25", "model": "input.dates", "fields": {"dayofweek": 0, "week": "2007 W12", "week_end": "2007-03-26", "year_start": "2007-01-01", "quarter_end": "2007-04-01", "month_start": "2007-03-01", "quarter_start": "2007-01-01", "year_end": "2008-01-01", "month": "Mar 2007", "week_start": "2007-03-19", "year": "2007", "month_end": "2007-04-01", "quarter": "2007 Q1"}},
{"pk": "2007-03-26", "model": "input.dates", "fields": {"dayofweek": 1, "week": "2007 W13", "week_end": "2007-04-02", "year_start": "2007-01-01", "quarter_end": "2007-04-01", "month_start": "2007-03-01", "quarter_start": "2007-01-01", "year_end": "2008-01-01", "month": "Mar 2007", "week_start": "2007-03-26", "year": "2007", "month_end": "2007-04-01", "quarter": "2007 Q1"}},
{"pk": "2007-03-27", "model": "input.dates", "fields": {"dayofweek": 2, "week": "2007 W13", "week_end": "2007-04-02", "year_start": "2007-01-01", "quarter_end": "2007-04-01", "month_start": "2007-03-01", "quarter_start": "2007-01-01", "year_end": "2008-01-01", "month": "Mar 2007", "week_start": "2007-03-26", "year": "2007", "month_end": "2007-04-01", "quarter": "2007 Q1"}},
{"pk": "2007-03-28", "model": "input.dates", "fields": {"dayofweek": 3, "week": "2007 W13", "week_end": "2007-04-02", "year_start": "2007-01-01", "quarter_end": "2007-04-01", "month_start": "2007-03-01", "quarter_start": "2007-01-01", "year_end": "2008-01-01", "month": "Mar 2007", "week_start": "2007-03-26", "year": "2007", "month_end": "2007-04-01", "quarter": "2007 Q1"}},
{"pk": "2007-03-29", "model": "input.dates", "fields": {"dayofweek": 4, "week": "2007 W13", "week_end": "2007-04-02", "year_start": "2007-01-01", "quarter_end": "2007-04-01", "month_start": "2007-03-01", "quarter_start": "2007-01-01", "year_end": "2008-01-01", "month": "Mar 2007", "week_start": "2007-03-26", "year": "2007", "month_end": "2007-04-01", "quarter": "2007 Q1"}},
{"pk": "2007-03-30", "model": "input.dates", "fields": {"dayofweek": 5, "week": "2007 W13", "week_end": "2007-04-02", "year_start": "2007-01-01", "quarter_end": "2007-04-01", "month_start": "2007-03-01", "quarter_start": "2007-01-01", "year_end": "2008-01-01", "month": "Mar 2007", "week_start": "2007-03-26", "year": "2007", "month_end": "2007-04-01", "quarter": "2007 Q1"}},
{"pk": "2007-03-31", "model": "input.dates", "fields": {"dayofweek": 6, "week": "2007 W13", "week_end": "2007-04-02", "year_start": "2007-01-01", "quarter_end": "2007-04-01", "month_start": "2007-03-01", "quarter_start": "2007-01-01", "year_end": "2008-01-01", "month": "Mar 2007", "week_start": "2007-03-26", "year": "2007", "month_end": "2007-04-01", "quarter": "2007 Q1"}},
{"pk": "2007-04-01", "model": "input.dates", "fields": {"dayofweek": 0, "week": "2007 W13", "week_end": "2007-04-02", "year_start": "2007-01-01", "quarter_end": "2007-07-01", "month_start": "2007-04-01", "quarter_start": "2007-04-01", "year_end": "2008-01-01", "month": "Apr 2007", "week_start": "2007-03-26", "year": "2007", "month_end": "2007-05-01", "quarter": "2007 Q2"}},
{"pk": "2007-04-02", "model": "input.dates", "fields": {"dayofweek": 1, "week": "2007 W14", "week_end": "2007-04-09", "year_start": "2007-01-01", "quarter_end": "2007-07-01", "month_start": "2007-04-01", "quarter_start": "2007-04-01", "year_end": "2008-01-01", "month": "Apr 2007", "week_start": "2007-04-02", "year": "2007", "month_end": "2007-05-01", "quarter": "2007 Q2"}},
{"pk": "2007-04-03", "model": "input.dates", "fields": {"dayofweek": 2, "week": "2007 W14", "week_end": "2007-04-09", "year_start": "2007-01-01", "quarter_end": "2007-07-01", "month_start": "2007-04-01", "quarter_start": "2007-04-01", "year_end": "2008-01-01", "month": "Apr 2007", "week_start": "2007-04-02", "year": "2007", "month_end": "2007-05-01", "quarter": "2007 Q2"}},
{"pk": "2007-04-04", "model": "input.dates", "fields": {"dayofweek": 3, "week": "2007 W14", "week_end": "2007-04-09", "year_start": "2007-01-01", "quarter_end": "2007-07-01", "month_start": "2007-04-01", "quarter_start": "2007-04-01", "year_end": "2008-01-01", "month": "Apr 2007", "week_start": "2007-04-02", "year": "2007", "month_end": "2007-05-01", "quarter": "2007 Q2"}},
{"pk": "2007-04-05", "model": "input.dates", "fields": {"dayofweek": 4, "week": "2007 W14", "week_end": "2007-04-09", "year_start": "2007-01-01", "quarter_end": "2007-07-01", "month_start": "2007-04-01", "quarter_start": "2007-04-01", "year_end": "2008-01-01", "month": "Apr 2007", "week_start": "2007-04-02", "year": "2007", "month_end": "2007-05-01", "quarter": "2007 Q2"}},
{"pk": "2007-04-06", "model": "input.dates", "fields": {"dayofweek": 5, "week": "2007 W14", "week_end": "2007-04-09", "year_start": "2007-01-01", "quarter_end": "2007-07-01", "month_start": "2007-04-01", "quarter_start": "2007-04-01", "year_end": "2008-01-01", "month": "Apr 2007", "week_start": "2007-04-02", "year": "2007", "month_end": "2007-05-01", "quarter": "2007 Q2"}},
{"pk": "2007-04-07", "model": "input.dates", "fields": {"dayofweek": 6, "week": "2007 W14", "week_end": "2007-04-09", "year_start": "2007-01-01", "quarter_end": "2007-07-01", "month_start": "2007-04-01", "quarter_start": "2007-04-01", "year_end": "2008-01-01", "month": "Apr 2007", "week_start": "2007-04-02", "year": "2007", "month_end": "2007-05-01", "quarter": "2007 Q2"}},
{"pk": "2007-04-08", "model": "input.dates", "fields": {"dayofweek": 0, "week": "2007 W14", "week_end": "2007-04-09", "year_start": "2007-01-01", "quarter_end": "2007-07-01", "month_start": "2007-04-01", "quarter_start": "2007-04-01", "year_end": "2008-01-01", "month": "Apr 2007", "week_start": "2007-04-02", "year": "2007", "month_end": "2007-05-01", "quarter": "2007 Q2"}},
{"pk": "2007-04-09", "model": "input.dates", "fields": {"dayofweek": 1, "week": "2007 W15", "week_end": "2007-04-16", "year_start": "2007-01-01", "quarter_end": "2007-07-01", "month_start": "2007-04-01", "quarter_start": "2007-04-01", "year_end": "2008-01-01", "month": "Apr 2007", "week_start": "2007-04-09", "year": "2007", "month_end": "2007-05-01", "quarter": "2007 Q2"}},
{"pk": "2007-04-10", "model": "input.dates", "fields": {"dayofweek": 2, "week": "2007 W15", "week_end": "2007-04-16", "year_start": "2007-01-01", "quarter_end": "2007-07-01", "month_start": "2007-04-01", "quarter_start": "2007-04-01", "year_end": "2008-01-01", "month": "Apr 2007", "week_start": "2007-04-09", "year": "2007", "month_end": "2007-05-01", "quarter": "2007 Q2"}},
{"pk": "2007-04-11", "model": "input.dates", "fields": {"dayofweek": 3, "week": "2007 W15", "week_end": "2007-04-16", "year_start": "2007-01-01", "quarter_end": "2007-07-01", "month_start": "2007-04-01", "quarter_start": "2007-04-01", "year_end": "2008-01-01", "month": "Apr 2007", "week_start": "2007-04-09", "year": "2007", "month_end": "2007-05-01", "quarter": "2007 Q2"}},
{"pk": "2007-04-12", "model": "input.dates", "fields": {"dayofweek": 4, "week": "2007 W15", "week_end": "2007-04-16", "year_start": "2007-01-01", "quarter_end": "2007-07-01", "month_start": "2007-04-01", "quarter_start": "2007-04-01", "year_end": "2008-01-01", "month": "Apr 2007", "week_start": "2007-04-09", "year": "2007", "month_end": "2007-05-01", "quarter": "2007 Q2"}},
{"pk": "2007-04-13", "model": "input.dates", "fields": {"dayofweek": 5, "week": "2007 W15", "week_end": "2007-04-16", "year_start": "2007-01-01", "quarter_end": "2007-07-01", "month_start": "2007-04-01", "quarter_start": "2007-04-01", "year_end": "2008-01-01", "month": "Apr 2007", "week_start": "2007-04-09", "year": "2007", "month_end": "2007-05-01", "quarter": "2007 Q2"}},
{"pk": "2007-04-14", "model": "input.dates", "fields": {"dayofweek": 6, "week": "2007 W15", "week_end": "2007-04-16", "year_start": "2007-01-01", "quarter_end": "2007-07-01", "month_start": "2007-04-01", "quarter_start": "2007-04-01", "year_end": "2008-01-01", "month": "Apr 2007", "week_start": "2007-04-09", "year": "2007", "month_end": "2007-05-01", "quarter": "2007 Q2"}},
{"pk": "2007-04-15", "model": "input.dates", "fields": {"dayofweek": 0, "week": "2007 W15", "week_end": "2007-04-16", "year_start": "2007-01-01", "quarter_end": "2007-07-01", "month_start": "2007-04-01", "quarter_start": "2007-04-01", "year_end": "2008-01-01", "month": "Apr 2007", "week_start": "2007-04-09", "year": "2007", "month_end": "2007-05-01", "quarter": "2007 Q2"}},
{"pk": "2007-04-16", "model": "input.dates", "fields": {"dayofweek": 1, "week": "2007 W16", "week_end": "2007-04-23", "year_start": "2007-01-01", "quarter_end": "2007-07-01", "month_start": "2007-04-01", "quarter_start": "2007-04-01", "year_end": "2008-01-01", "month": "Apr 2007", "week_start": "2007-04-16", "year": "2007", "month_end": "2007-05-01", "quarter": "2007 Q2"}},
{"pk": "2007-04-17", "model": "input.dates", "fields": {"dayofweek": 2, "week": "2007 W16", "week_end": "2007-04-23", "year_start": "2007-01-01", "quarter_end": "2007-07-01", "month_start": "2007-04-01", "quarter_start": "2007-04-01", "year_end": "2008-01-01", "month": "Apr 2007", "week_start": "2007-04-16", "year": "2007", "month_end": "2007-05-01", "quarter": "2007 Q2"}},
{"pk": "2007-04-18", "model": "input.dates", "fields": {"dayofweek": 3, "week": "2007 W16", "week_end": "2007-04-23", "year_start": "2007-01-01", "quarter_end": "2007-07-01", "month_start": "2007-04-01", "quarter_start": "2007-04-01", "year_end": "2008-01-01", "month": "Apr 2007", "week_start": "2007-04-16", "year": "2007", "month_end": "2007-05-01", "quarter": "2007 Q2"}},
{"pk": "2007-04-19", "model": "input.dates", "fields": {"dayofweek": 4, "week": "2007 W16", "week_end": "2007-04-23", "year_start": "2007-01-01", "quarter_end": "2007-07-01", "month_start": "2007-04-01", "quarter_start": "2007-04-01", "year_end": "2008-01-01", "month": "Apr 2007", "week_start": "2007-04-16", "year": "2007", "month_end": "2007-05-01", "quarter": "2007 Q2"}},
{"pk": "2007-04-20", "model": "input.dates", "fields": {"dayofweek": 5, "week": "2007 W16", "week_end": "2007-04-23", "year_start": "2007-01-01", "quarter_end": "2007-07-01", "month_start": "2007-04-01", "quarter_start": "2007-04-01", "year_end": "2008-01-01", "month": "Apr 2007", "week_start": "2007-04-16", "year": "2007", "month_end": "2007-05-01", "quarter": "2007 Q2"}},
{"pk": "2007-04-21", "model": "input.dates", "fields": {"dayofweek": 6, "week": "2007 W16", "week_end": "2007-04-23", "year_start": "2007-01-01", "quarter_end": "2007-07-01", "month_start": "2007-04-01", "quarter_start": "2007-04-01", "year_end": "2008-01-01", "month": "Apr 2007", "week_start": "2007-04-16", "year": "2007", "month_end": "2007-05-01", "quarter": "2007 Q2"}},
{"pk": "2007-04-22", "model": "input.dates", "fields": {"dayofweek": 0, "week": "2007 W16", "week_end": "2007-04-23", "year_start": "2007-01-01", "quarter_end": "2007-07-01", "month_start": "2007-04-01", "quarter_start": "2007-04-01", "year_end": "2008-01-01", "month": "Apr 2007", "week_start": "2007-04-16", "year": "2007", "month_end": "2007-05-01", "quarter": "2007 Q2"}},
{"pk": "2007-04-23", "model": "input.dates", "fields": {"dayofweek": 1, "week": "2007 W17", "week_end": "2007-04-30", "year_start": "2007-01-01", "quarter_end": "2007-07-01", "month_start": "2007-04-01", "quarter_start": "2007-04-01", "year_end": "2008-01-01", "month": "Apr 2007", "week_start": "2007-04-23", "year": "2007", "month_end": "2007-05-01", "quarter": "2007 Q2"}},
{"pk": "2007-04-24", "model": "input.dates", "fields": {"dayofweek": 2, "week": "2007 W17", "week_end": "2007-04-30", "year_start": "2007-01-01", "quarter_end": "2007-07-01", "month_start": "2007-04-01", "quarter_start": "2007-04-01", "year_end": "2008-01-01", "month": "Apr 2007", "week_start": "2007-04-23", "year": "2007", "month_end": "2007-05-01", "quarter": "2007 Q2"}},
{"pk": "2007-04-25", "model": "input.dates", "fields": {"dayofweek": 3, "week": "2007 W17", "week_end": "2007-04-30", "year_start": "2007-01-01", "quarter_end": "2007-07-01", "month_start": "2007-04-01", "quarter_start": "2007-04-01", "year_end": "2008-01-01", "month": "Apr 2007", "week_start": "2007-04-23", "year": "2007", "month_end": "2007-05-01", "quarter": "2007 Q2"}},
{"pk": "2007-04-26", "model": "input.dates", "fields": {"dayofweek": 4, "week": "2007 W17", "week_end": "2007-04-30", "year_start": "2007-01-01", "quarter_end": "2007-07-01", "month_start": "2007-04-01", "quarter_start": "2007-04-01", "year_end": "2008-01-01", "month": "Apr 2007", "week_start": "2007-04-23", "year": "2007", "month_end": "2007-05-01", "quarter": "2007 Q2"}},
{"pk": "2007-04-27", "model": "input.dates", "fields": {"dayofweek": 5, "week": "2007 W17", "week_end": "2007-04-30", "year_start": "2007-01-01", "quarter_end": "2007-07-01", "month_start": "2007-04-01", "quarter_start": "2007-04-01", "year_end": "2008-01-01", "month": "Apr 2007", "week_start": "2007-04-23", "year": "2007", "month_end": "2007-05-01", "quarter": "2007 Q2"}},
{"pk": "2007-04-28", "model": "input.dates", "fields": {"dayofweek": 6, "week": "2007 W17", "week_end": "2007-04-30", "year_start": "2007-01-01", "quarter_end": "2007-07-01", "month_start": "2007-04-01", "quarter_start": "2007-04-01", "year_end": "2008-01-01", "month": "Apr 2007", "week_start": "2007-04-23", "year": "2007", "month_end": "2007-05-01", "quarter": "2007 Q2"}},
{"pk": "2007-04-29", "model": "input.dates", "fields": {"dayofweek": 0, "week": "2007 W17", "week_end": "2007-04-30", "year_start": "2007-01-01", "quarter_end": "2007-07-01", "month_start": "2007-04-01", "quarter_start": "2007-04-01", "year_end": "2008-01-01", "month": "Apr 2007", "week_start": "2007-04-23", "year": "2007", "month_end": "2007-05-01", "quarter": "2007 Q2"}},
{"pk": "2007-04-30", "model": "input.dates", "fields": {"dayofweek": 1, "week": "2007 W18", "week_end": "2007-05-07", "year_start": "2007-01-01", "quarter_end": "2007-07-01", "month_start": "2007-04-01", "quarter_start": "2007-04-01", "year_end": "2008-01-01", "month": "Apr 2007", "week_start": "2007-04-30", "year": "2007", "month_end": "2007-05-01", "quarter": "2007 Q2"}},
{"pk": "2007-05-01", "model": "input.dates", "fields": {"dayofweek": 2, "week": "2007 W18", "week_end": "2007-05-07", "year_start": "2007-01-01", "quarter_end": "2007-07-01", "month_start": "2007-05-01", "quarter_start": "2007-04-01", "year_end": "2008-01-01", "month": "May 2007", "week_start": "2007-04-30", "year": "2007", "month_end": "2007-06-01", "quarter": "2007 Q2"}},
{"pk": "2007-05-02", "model": "input.dates", "fields": {"dayofweek": 3, "week": "2007 W18", "week_end": "2007-05-07", "year_start": "2007-01-01", "quarter_end": "2007-07-01", "month_start": "2007-05-01", "quarter_start": "2007-04-01", "year_end": "2008-01-01", "month": "May 2007", "week_start": "2007-04-30", "year": "2007", "month_end": "2007-06-01", "quarter": "2007 Q2"}},
{"pk": "2007-05-03", "model": "input.dates", "fields": {"dayofweek": 4, "week": "2007 W18", "week_end": "2007-05-07", "year_start": "2007-01-01", "quarter_end": "2007-07-01", "month_start": "2007-05-01", "quarter_start": "2007-04-01", "year_end": "2008-01-01", "month": "May 2007", "week_start": "2007-04-30", "year": "2007", "month_end": "2007-06-01", "quarter": "2007 Q2"}},
{"pk": "2007-05-04", "model": "input.dates", "fields": {"dayofweek": 5, "week": "2007 W18", "week_end": "2007-05-07", "year_start": "2007-01-01", "quarter_end": "2007-07-01", "month_start": "2007-05-01", "quarter_start": "2007-04-01", "year_end": "2008-01-01", "month": "May 2007", "week_start": "2007-04-30", "year": "2007", "month_end": "2007-06-01", "quarter": "2007 Q2"}},
{"pk": "2007-05-05", "model": "input.dates", "fields": {"dayofweek": 6, "week": "2007 W18", "week_end": "2007-05-07", "year_start": "2007-01-01", "quarter_end": "2007-07-01", "month_start": "2007-05-01", "quarter_start": "2007-04-01", "year_end": "2008-01-01", "month": "May 2007", "week_start": "2007-04-30", "year": "2007", "month_end": "2007-06-01", "quarter": "2007 Q2"}},
{"pk": "2007-05-06", "model": "input.dates", "fields": {"dayofweek": 0, "week": "2007 W18", "week_end": "2007-05-07", "year_start": "2007-01-01", "quarter_end": "2007-07-01", "month_start": "2007-05-01", "quarter_start": "2007-04-01", "year_end": "2008-01-01", "month": "May 2007", "week_start": "2007-04-30", "year": "2007", "month_end": "2007-06-01", "quarter": "2007 Q2"}},
{"pk": "2007-05-07", "model": "input.dates", "fields": {"dayofweek": 1, "week": "2007 W19", "week_end": "2007-05-14", "year_start": "2007-01-01", "quarter_end": "2007-07-01", "month_start": "2007-05-01", "quarter_start": "2007-04-01", "year_end": "2008-01-01", "month": "May 2007", "week_start": "2007-05-07", "year": "2007", "month_end": "2007-06-01", "quarter": "2007 Q2"}},
{"pk": "2007-05-08", "model": "input.dates", "fields": {"dayofweek": 2, "week": "2007 W19", "week_end": "2007-05-14", "year_start": "2007-01-01", "quarter_end": "2007-07-01", "month_start": "2007-05-01", "quarter_start": "2007-04-01", "year_end": "2008-01-01", "month": "May 2007", "week_start": "2007-05-07", "year": "2007", "month_end": "2007-06-01", "quarter": "2007 Q2"}},
{"pk": "2007-05-09", "model": "input.dates", "fields": {"dayofweek": 3, "week": "2007 W19", "week_end": "2007-05-14", "year_start": "2007-01-01", "quarter_end": "2007-07-01", "month_start": "2007-05-01", "quarter_start": "2007-04-01", "year_end": "2008-01-01", "month": "May 2007", "week_start": "2007-05-07", "year": "2007", "month_end": "2007-06-01", "quarter": "2007 Q2"}},
{"pk": "2007-05-10", "model": "input.dates", "fields": {"dayofweek": 4, "week": "2007 W19", "week_end": "2007-05-14", "year_start": "2007-01-01", "quarter_end": "2007-07-01", "month_start": "2007-05-01", "quarter_start": "2007-04-01", "year_end": "2008-01-01", "month": "May 2007", "week_start": "2007-05-07", "year": "2007", "month_end": "2007-06-01", "quarter": "2007 Q2"}},
{"pk": "2007-05-11", "model": "input.dates", "fields": {"dayofweek": 5, "week": "2007 W19", "week_end": "2007-05-14", "year_start": "2007-01-01", "quarter_end": "2007-07-01", "month_start": "2007-05-01", "quarter_start": "2007-04-01", "year_end": "2008-01-01", "month": "May 2007", "week_start": "2007-05-07", "year": "2007", "month_end": "2007-06-01", "quarter": "2007 Q2"}},
{"pk": "2007-05-12", "model": "input.dates", "fields": {"dayofweek": 6, "week": "2007 W19", "week_end": "2007-05-14", "year_start": "2007-01-01", "quarter_end": "2007-07-01", "month_start": "2007-05-01", "quarter_start": "2007-04-01", "year_end": "2008-01-01", "month": "May 2007", "week_start": "2007-05-07", "year": "2007", "month_end": "2007-06-01", "quarter": "2007 Q2"}},
{"pk": "2007-05-13", "model": "input.dates", "fields": {"dayofweek": 0, "week": "2007 W19", "week_end": "2007-05-14", "year_start": "2007-01-01", "quarter_end": "2007-07-01", "month_start": "2007-05-01", "quarter_start": "2007-04-01", "year_end": "2008-01-01", "month": "May 2007", "week_start": "2007-05-07", "year": "2007", "month_end": "2007-06-01", "quarter": "2007 Q2"}},
{"pk": "2007-05-14", "model": "input.dates", "fields": {"dayofweek": 1, "week": "2007 W20", "week_end": "2007-05-21", "year_start": "2007-01-01", "quarter_end": "2007-07-01", "month_start": "2007-05-01", "quarter_start": "2007-04-01", "year_end": "2008-01-01", "month": "May 2007", "week_start": "2007-05-14", "year": "2007", "month_end": "2007-06-01", "quarter": "2007 Q2"}},
{"pk": "2007-05-15", "model": "input.dates", "fields": {"dayofweek": 2, "week": "2007 W20", "week_end": "2007-05-21", "year_start": "2007-01-01", "quarter_end": "2007-07-01", "month_start": "2007-05-01", "quarter_start": "2007-04-01", "year_end": "2008-01-01", "month": "May 2007", "week_start": "2007-05-14", "year": "2007", "month_end": "2007-06-01", "quarter": "2007 Q2"}},
{"pk": "2007-05-16", "model": "input.dates", "fields": {"dayofweek": 3, "week": "2007 W20", "week_end": "2007-05-21", "year_start": "2007-01-01", "quarter_end": "2007-07-01", "month_start": "2007-05-01", "quarter_start": "2007-04-01", "year_end": "2008-01-01", "month": "May 2007", "week_start": "2007-05-14", "year": "2007", "month_end": "2007-06-01", "quarter": "2007 Q2"}},
{"pk": "2007-05-17", "model": "input.dates", "fields": {"dayofweek": 4, "week": "2007 W20", "week_end": "2007-05-21", "year_start": "2007-01-01", "quarter_end": "2007-07-01", "month_start": "2007-05-01", "quarter_start": "2007-04-01", "year_end": "2008-01-01", "month": "May 2007", "week_start": "2007-05-14", "year": "2007", "month_end": "2007-06-01", "quarter": "2007 Q2"}},
{"pk": "2007-05-18", "model": "input.dates", "fields": {"dayofweek": 5, "week": "2007 W20", "week_end": "2007-05-21", "year_start": "2007-01-01", "quarter_end": "2007-07-01", "month_start": "2007-05-01", "quarter_start": "2007-04-01", "year_end": "2008-01-01", "month": "May 2007", "week_start": "2007-05-14", "year": "2007", "month_end": "2007-06-01", "quarter": "2007 Q2"}},
{"pk": "2007-05-19", "model": "input.dates", "fields": {"dayofweek": 6, "week": "2007 W20", "week_end": "2007-05-21", "year_start": "2007-01-01", "quarter_end": "2007-07-01", "month_start": "2007-05-01", "quarter_start": "2007-04-01", "year_end": "2008-01-01", "month": "May 2007", "week_start": "2007-05-14", "year": "2007", "month_end": "2007-06-01", "quarter": "2007 Q2"}},
{"pk": "2007-05-20", "model": "input.dates", "fields": {"dayofweek": 0, "week": "2007 W20", "week_end": "2007-05-21", "year_start": "2007-01-01", "quarter_end": "2007-07-01", "month_start": "2007-05-01", "quarter_start": "2007-04-01", "year_end": "2008-01-01", "month": "May 2007", "week_start": "2007-05-14", "year": "2007", "month_end": "2007-06-01", "quarter": "2007 Q2"}},
{"pk": "2007-05-21", "model": "input.dates", "fields": {"dayofweek": 1, "week": "2007 W21", "week_end": "2007-05-28", "year_start": "2007-01-01", "quarter_end": "2007-07-01", "month_start": "2007-05-01", "quarter_start": "2007-04-01", "year_end": "2008-01-01", "month": "May 2007", "week_start": "2007-05-21", "year": "2007", "month_end": "2007-06-01", "quarter": "2007 Q2"}},
{"pk": "2007-05-22", "model": "input.dates", "fields": {"dayofweek": 2, "week": "2007 W21", "week_end": "2007-05-28", "year_start": "2007-01-01", "quarter_end": "2007-07-01", "month_start": "2007-05-01", "quarter_start": "2007-04-01", "year_end": "2008-01-01", "month": "May 2007", "week_start": "2007-05-21", "year": "2007", "month_end": "2007-06-01", "quarter": "2007 Q2"}},
{"pk": "2007-05-23", "model": "input.dates", "fields": {"dayofweek": 3, "week": "2007 W21", "week_end": "2007-05-28", "year_start": "2007-01-01", "quarter_end": "2007-07-01", "month_start": "2007-05-01", "quarter_start": "2007-04-01", "year_end": "2008-01-01", "month": "May 2007", "week_start": "2007-05-21", "year": "2007", "month_end": "2007-06-01", "quarter": "2007 Q2"}},
{"pk": "2007-05-24", "model": "input.dates", "fields": {"dayofweek": 4, "week": "2007 W21", "week_end": "2007-05-28", "year_start": "2007-01-01", "quarter_end": "2007-07-01", "month_start": "2007-05-01", "quarter_start": "2007-04-01", "year_end": "2008-01-01", "month": "May 2007", "week_start": "2007-05-21", "year": "2007", "month_end": "2007-06-01", "quarter": "2007 Q2"}},
{"pk": "2007-05-25", "model": "input.dates", "fields": {"dayofweek": 5, "week": "2007 W21", "week_end": "2007-05-28", "year_start": "2007-01-01", "quarter_end": "2007-07-01", "month_start": "2007-05-01", "quarter_start": "2007-04-01", "year_end": "2008-01-01", "month": "May 2007", "week_start": "2007-05-21", "year": "2007", "month_end": "2007-06-01", "quarter": "2007 Q2"}},
{"pk": "2007-05-26", "model": "input.dates", "fields": {"dayofweek": 6, "week": "2007 W21", "week_end": "2007-05-28", "year_start": "2007-01-01", "quarter_end": "2007-07-01", "month_start": "2007-05-01", "quarter_start": "2007-04-01", "year_end": "2008-01-01", "month": "May 2007", "week_start": "2007-05-21", "year": "2007", "month_end": "2007-06-01", "quarter": "2007 Q2"}},
{"pk": "2007-05-27", "model": "input.dates", "fields": {"dayofweek": 0, "week": "2007 W21", "week_end": "2007-05-28", "year_start": "2007-01-01", "quarter_end": "2007-07-01", "month_start": "2007-05-01", "quarter_start": "2007-04-01", "year_end": "2008-01-01", "month": "May 2007", "week_start": "2007-05-21", "year": "2007", "month_end": "2007-06-01", "quarter": "2007 Q2"}},
{"pk": "2007-05-28", "model": "input.dates", "fields": {"dayofweek": 1, "week": "2007 W22", "week_end": "2007-06-04", "year_start": "2007-01-01", "quarter_end": "2007-07-01", "month_start": "2007-05-01", "quarter_start": "2007-04-01", "year_end": "2008-01-01", "month": "May 2007", "week_start": "2007-05-28", "year": "2007", "month_end": "2007-06-01", "quarter": "2007 Q2"}},
{"pk": "2007-05-29", "model": "input.dates", "fields": {"dayofweek": 2, "week": "2007 W22", "week_end": "2007-06-04", "year_start": "2007-01-01", "quarter_end": "2007-07-01", "month_start": "2007-05-01", "quarter_start": "2007-04-01", "year_end": "2008-01-01", "month": "May 2007", "week_start": "2007-05-28", "year": "2007", "month_end": "2007-06-01", "quarter": "2007 Q2"}},
{"pk": "2007-05-30", "model": "input.dates", "fields": {"dayofweek": 3, "week": "2007 W22", "week_end": "2007-06-04", "year_start": "2007-01-01", "quarter_end": "2007-07-01", "month_start": "2007-05-01", "quarter_start": "2007-04-01", "year_end": "2008-01-01", "month": "May 2007", "week_start": "2007-05-28", "year": "2007", "month_end": "2007-06-01", "quarter": "2007 Q2"}},
{"pk": "2007-05-31", "model": "input.dates", "fields": {"dayofweek": 4, "week": "2007 W22", "week_end": "2007-06-04", "year_start": "2007-01-01", "quarter_end": "2007-07-01", "month_start": "2007-05-01", "quarter_start": "2007-04-01", "year_end": "2008-01-01", "month": "May 2007", "week_start": "2007-05-28", "year": "2007", "month_end": "2007-06-01", "quarter": "2007 Q2"}},
{"pk": "2007-06-01", "model": "input.dates", "fields": {"dayofweek": 5, "week": "2007 W22", "week_end": "2007-06-04", "year_start": "2007-01-01", "quarter_end": "2007-07-01", "month_start": "2007-06-01", "quarter_start": "2007-04-01", "year_end": "2008-01-01", "month": "Jun 2007", "week_start": "2007-05-28", "year": "2007", "month_end": "2007-07-01", "quarter": "2007 Q2"}},
{"pk": "2007-06-02", "model": "input.dates", "fields": {"dayofweek": 6, "week": "2007 W22", "week_end": "2007-06-04", "year_start": "2007-01-01", "quarter_end": "2007-07-01", "month_start": "2007-06-01", "quarter_start": "2007-04-01", "year_end": "2008-01-01", "month": "Jun 2007", "week_start": "2007-05-28", "year": "2007", "month_end": "2007-07-01", "quarter": "2007 Q2"}},
{"pk": "2007-06-03", "model": "input.dates", "fields": {"dayofweek": 0, "week": "2007 W22", "week_end": "2007-06-04", "year_start": "2007-01-01", "quarter_end": "2007-07-01", "month_start": "2007-06-01", "quarter_start": "2007-04-01", "year_end": "2008-01-01", "month": "Jun 2007", "week_start": "2007-05-28", "year": "2007", "month_end": "2007-07-01", "quarter": "2007 Q2"}},
{"pk": "2007-06-04", "model": "input.dates", "fields": {"dayofweek": 1, "week": "2007 W23", "week_end": "2007-06-11", "year_start": "2007-01-01", "quarter_end": "2007-07-01", "month_start": "2007-06-01", "quarter_start": "2007-04-01", "year_end": "2008-01-01", "month": "Jun 2007", "week_start": "2007-06-04", "year": "2007", "month_end": "2007-07-01", "quarter": "2007 Q2"}},
{"pk": "2007-06-05", "model": "input.dates", "fields": {"dayofweek": 2, "week": "2007 W23", "week_end": "2007-06-11", "year_start": "2007-01-01", "quarter_end": "2007-07-01", "month_start": "2007-06-01", "quarter_start": "2007-04-01", "year_end": "2008-01-01", "month": "Jun 2007", "week_start": "2007-06-04", "year": "2007", "month_end": "2007-07-01", "quarter": "2007 Q2"}},
{"pk": "2007-06-06", "model": "input.dates", "fields": {"dayofweek": 3, "week": "2007 W23", "week_end": "2007-06-11", "year_start": "2007-01-01", "quarter_end": "2007-07-01", "month_start": "2007-06-01", "quarter_start": "2007-04-01", "year_end": "2008-01-01", "month": "Jun 2007", "week_start": "2007-06-04", "year": "2007", "month_end": "2007-07-01", "quarter": "2007 Q2"}},
{"pk": "2007-06-07", "model": "input.dates", "fields": {"dayofweek": 4, "week": "2007 W23", "week_end": "2007-06-11", "year_start": "2007-01-01", "quarter_end": "2007-07-01", "month_start": "2007-06-01", "quarter_start": "2007-04-01", "year_end": "2008-01-01", "month": "Jun 2007", "week_start": "2007-06-04", "year": "2007", "month_end": "2007-07-01", "quarter": "2007 Q2"}},
{"pk": "2007-06-08", "model": "input.dates", "fields": {"dayofweek": 5, "week": "2007 W23", "week_end": "2007-06-11", "year_start": "2007-01-01", "quarter_end": "2007-07-01", "month_start": "2007-06-01", "quarter_start": "2007-04-01", "year_end": "2008-01-01", "month": "Jun 2007", "week_start": "2007-06-04", "year": "2007", "month_end": "2007-07-01", "quarter": "2007 Q2"}},
{"pk": "2007-06-09", "model": "input.dates", "fields": {"dayofweek": 6, "week": "2007 W23", "week_end": "2007-06-11", "year_start": "2007-01-01", "quarter_end": "2007-07-01", "month_start": "2007-06-01", "quarter_start": "2007-04-01", "year_end": "2008-01-01", "month": "Jun 2007", "week_start": "2007-06-04", "year": "2007", "month_end": "2007-07-01", "quarter": "2007 Q2"}},
{"pk": "2007-06-10", "model": "input.dates", "fields": {"dayofweek": 0, "week": "2007 W23", "week_end": "2007-06-11", "year_start": "2007-01-01", "quarter_end": "2007-07-01", "month_start": "2007-06-01", "quarter_start": "2007-04-01", "year_end": "2008-01-01", "month": "Jun 2007", "week_start": "2007-06-04", "year": "2007", "month_end": "2007-07-01", "quarter": "2007 Q2"}},
{"pk": "2007-06-11", "model": "input.dates", "fields": {"dayofweek": 1, "week": "2007 W24", "week_end": "2007-06-18", "year_start": "2007-01-01", "quarter_end": "2007-07-01", "month_start": "2007-06-01", "quarter_start": "2007-04-01", "year_end": "2008-01-01", "month": "Jun 2007", "week_start": "2007-06-11", "year": "2007", "month_end": "2007-07-01", "quarter": "2007 Q2"}},
{"pk": "2007-06-12", "model": "input.dates", "fields": {"dayofweek": 2, "week": "2007 W24", "week_end": "2007-06-18", "year_start": "2007-01-01", "quarter_end": "2007-07-01", "month_start": "2007-06-01", "quarter_start": "2007-04-01", "year_end": "2008-01-01", "month": "Jun 2007", "week_start": "2007-06-11", "year": "2007", "month_end": "2007-07-01", "quarter": "2007 Q2"}},
{"pk": "2007-06-13", "model": "input.dates", "fields": {"dayofweek": 3, "week": "2007 W24", "week_end": "2007-06-18", "year_start": "2007-01-01", "quarter_end": "2007-07-01", "month_start": "2007-06-01", "quarter_start": "2007-04-01", "year_end": "2008-01-01", "month": "Jun 2007", "week_start": "2007-06-11", "year": "2007", "month_end": "2007-07-01", "quarter": "2007 Q2"}},
{"pk": "2007-06-14", "model": "input.dates", "fields": {"dayofweek": 4, "week": "2007 W24", "week_end": "2007-06-18", "year_start": "2007-01-01", "quarter_end": "2007-07-01", "month_start": "2007-06-01", "quarter_start": "2007-04-01", "year_end": "2008-01-01", "month": "Jun 2007", "week_start": "2007-06-11", "year": "2007", "month_end": "2007-07-01", "quarter": "2007 Q2"}},
{"pk": "2007-06-15", "model": "input.dates", "fields": {"dayofweek": 5, "week": "2007 W24", "week_end": "2007-06-18", "year_start": "2007-01-01", "quarter_end": "2007-07-01", "month_start": "2007-06-01", "quarter_start": "2007-04-01", "year_end": "2008-01-01", "month": "Jun 2007", "week_start": "2007-06-11", "year": "2007", "month_end": "2007-07-01", "quarter": "2007 Q2"}},
{"pk": "2007-06-16", "model": "input.dates", "fields": {"dayofweek": 6, "week": "2007 W24", "week_end": "2007-06-18", "year_start": "2007-01-01", "quarter_end": "2007-07-01", "month_start": "2007-06-01", "quarter_start": "2007-04-01", "year_end": "2008-01-01", "month": "Jun 2007", "week_start": "2007-06-11", "year": "2007", "month_end": "2007-07-01", "quarter": "2007 Q2"}},
{"pk": "2007-06-17", "model": "input.dates", "fields": {"dayofweek": 0, "week": "2007 W24", "week_end": "2007-06-18", "year_start": "2007-01-01", "quarter_end": "2007-07-01", "month_start": "2007-06-01", "quarter_start": "2007-04-01", "year_end": "2008-01-01", "month": "Jun 2007", "week_start": "2007-06-11", "year": "2007", "month_end": "2007-07-01", "quarter": "2007 Q2"}},
{"pk": "2007-06-18", "model": "input.dates", "fields": {"dayofweek": 1, "week": "2007 W25", "week_end": "2007-06-25", "year_start": "2007-01-01", "quarter_end": "2007-07-01", "month_start": "2007-06-01", "quarter_start": "2007-04-01", "year_end": "2008-01-01", "month": "Jun 2007", "week_start": "2007-06-18", "year": "2007", "month_end": "2007-07-01", "quarter": "2007 Q2"}},
{"pk": "2007-06-19", "model": "input.dates", "fields": {"dayofweek": 2, "week": "2007 W25", "week_end": "2007-06-25", "year_start": "2007-01-01", "quarter_end": "2007-07-01", "month_start": "2007-06-01", "quarter_start": "2007-04-01", "year_end": "2008-01-01", "month": "Jun 2007", "week_start": "2007-06-18", "year": "2007", "month_end": "2007-07-01", "quarter": "2007 Q2"}},
{"pk": "2007-06-20", "model": "input.dates", "fields": {"dayofweek": 3, "week": "2007 W25", "week_end": "2007-06-25", "year_start": "2007-01-01", "quarter_end": "2007-07-01", "month_start": "2007-06-01", "quarter_start": "2007-04-01", "year_end": "2008-01-01", "month": "Jun 2007", "week_start": "2007-06-18", "year": "2007", "month_end": "2007-07-01", "quarter": "2007 Q2"}},
{"pk": "2007-06-21", "model": "input.dates", "fields": {"dayofweek": 4, "week": "2007 W25", "week_end": "2007-06-25", "year_start": "2007-01-01", "quarter_end": "2007-07-01", "month_start": "2007-06-01", "quarter_start": "2007-04-01", "year_end": "2008-01-01", "month": "Jun 2007", "week_start": "2007-06-18", "year": "2007", "month_end": "2007-07-01", "quarter": "2007 Q2"}},
{"pk": "2007-06-22", "model": "input.dates", "fields": {"dayofweek": 5, "week": "2007 W25", "week_end": "2007-06-25", "year_start": "2007-01-01", "quarter_end": "2007-07-01", "month_start": "2007-06-01", "quarter_start": "2007-04-01", "year_end": "2008-01-01", "month": "Jun 2007", "week_start": "2007-06-18", "year": "2007", "month_end": "2007-07-01", "quarter": "2007 Q2"}},
{"pk": "2007-06-23", "model": "input.dates", "fields": {"dayofweek": 6, "week": "2007 W25", "week_end": "2007-06-25", "year_start": "2007-01-01", "quarter_end": "2007-07-01", "month_start": "2007-06-01", "quarter_start": "2007-04-01", "year_end": "2008-01-01", "month": "Jun 2007", "week_start": "2007-06-18", "year": "2007", "month_end": "2007-07-01", "quarter": "2007 Q2"}},
{"pk": "2007-06-24", "model": "input.dates", "fields": {"dayofweek": 0, "week": "2007 W25", "week_end": "2007-06-25", "year_start": "2007-01-01", "quarter_end": "2007-07-01", "month_start": "2007-06-01", "quarter_start": "2007-04-01", "year_end": "2008-01-01", "month": "Jun 2007", "week_start": "2007-06-18", "year": "2007", "month_end": "2007-07-01", "quarter": "2007 Q2"}},
{"pk": "2007-06-25", "model": "input.dates", "fields": {"dayofweek": 1, "week": "2007 W26", "week_end": "2007-07-02", "year_start": "2007-01-01", "quarter_end": "2007-07-01", "month_start": "2007-06-01", "quarter_start": "2007-04-01", "year_end": "2008-01-01", "month": "Jun 2007", "week_start": "2007-06-25", "year": "2007", "month_end": "2007-07-01", "quarter": "2007 Q2"}},
{"pk": "2007-06-26", "model": "input.dates", "fields": {"dayofweek": 2, "week": "2007 W26", "week_end": "2007-07-02", "year_start": "2007-01-01", "quarter_end": "2007-07-01", "month_start": "2007-06-01", "quarter_start": "2007-04-01", "year_end": "2008-01-01", "month": "Jun 2007", "week_start": "2007-06-25", "year": "2007", "month_end": "2007-07-01", "quarter": "2007 Q2"}},
{"pk": "2007-06-27", "model": "input.dates", "fields": {"dayofweek": 3, "week": "2007 W26", "week_end": "2007-07-02", "year_start": "2007-01-01", "quarter_end": "2007-07-01", "month_start": "2007-06-01", "quarter_start": "2007-04-01", "year_end": "2008-01-01", "month": "Jun 2007", "week_start": "2007-06-25", "year": "2007", "month_end": "2007-07-01", "quarter": "2007 Q2"}},
{"pk": "2007-06-28", "model": "input.dates", "fields": {"dayofweek": 4, "week": "2007 W26", "week_end": "2007-07-02", "year_start": "2007-01-01", "quarter_end": "2007-07-01", "month_start": "2007-06-01", "quarter_start": "2007-04-01", "year_end": "2008-01-01", "month": "Jun 2007", "week_start": "2007-06-25", "year": "2007", "month_end": "2007-07-01", "quarter": "2007 Q2"}},
{"pk": "2007-06-29", "model": "input.dates", "fields": {"dayofweek": 5, "week": "2007 W26", "week_end": "2007-07-02", "year_start": "2007-01-01", "quarter_end": "2007-07-01", "month_start": "2007-06-01", "quarter_start": "2007-04-01", "year_end": "2008-01-01", "month": "Jun 2007", "week_start": "2007-06-25", "year": "2007", "month_end": "2007-07-01", "quarter": "2007 Q2"}},
{"pk": "2007-06-30", "model": "input.dates", "fields": {"dayofweek": 6, "week": "2007 W26", "week_end": "2007-07-02", "year_start": "2007-01-01", "quarter_end": "2007-07-01", "month_start": "2007-06-01", "quarter_start": "2007-04-01", "year_end": "2008-01-01", "month": "Jun 2007", "week_start": "2007-06-25", "year": "2007", "month_end": "2007-07-01", "quarter": "2007 Q2"}},
{"pk": "2007-07-01", "model": "input.dates", "fields": {"dayofweek": 0, "week": "2007 W26", "week_end": "2007-07-02", "year_start": "2007-01-01", "quarter_end": "2007-10-01", "month_start": "2007-07-01", "quarter_start": "2007-07-01", "year_end": "2008-01-01", "month": "Jul 2007", "week_start": "2007-06-25", "year": "2007", "month_end": "2007-08-01", "quarter": "2007 Q3"}},
{"pk": "2007-07-02", "model": "input.dates", "fields": {"dayofweek": 1, "week": "2007 W27", "week_end": "2007-07-09", "year_start": "2007-01-01", "quarter_end": "2007-10-01", "month_start": "2007-07-01", "quarter_start": "2007-07-01", "year_end": "2008-01-01", "month": "Jul 2007", "week_start": "2007-07-02", "year": "2007", "month_end": "2007-08-01", "quarter": "2007 Q3"}},
{"pk": "2007-07-03", "model": "input.dates", "fields": {"dayofweek": 2, "week": "2007 W27", "week_end": "2007-07-09", "year_start": "2007-01-01", "quarter_end": "2007-10-01", "month_start": "2007-07-01", "quarter_start": "2007-07-01", "year_end": "2008-01-01", "month": "Jul 2007", "week_start": "2007-07-02", "year": "2007", "month_end": "2007-08-01", "quarter": "2007 Q3"}},
{"pk": "2007-07-04", "model": "input.dates", "fields": {"dayofweek": 3, "week": "2007 W27", "week_end": "2007-07-09", "year_start": "2007-01-01", "quarter_end": "2007-10-01", "month_start": "2007-07-01", "quarter_start": "2007-07-01", "year_end": "2008-01-01", "month": "Jul 2007", "week_start": "2007-07-02", "year": "2007", "month_end": "2007-08-01", "quarter": "2007 Q3"}},
{"pk": "2007-07-05", "model": "input.dates", "fields": {"dayofweek": 4, "week": "2007 W27", "week_end": "2007-07-09", "year_start": "2007-01-01", "quarter_end": "2007-10-01", "month_start": "2007-07-01", "quarter_start": "2007-07-01", "year_end": "2008-01-01", "month": "Jul 2007", "week_start": "2007-07-02", "year": "2007", "month_end": "2007-08-01", "quarter": "2007 Q3"}},
{"pk": "2007-07-06", "model": "input.dates", "fields": {"dayofweek": 5, "week": "2007 W27", "week_end": "2007-07-09", "year_start": "2007-01-01", "quarter_end": "2007-10-01", "month_start": "2007-07-01", "quarter_start": "2007-07-01", "year_end": "2008-01-01", "month": "Jul 2007", "week_start": "2007-07-02", "year": "2007", "month_end": "2007-08-01", "quarter": "2007 Q3"}},
{"pk": "2007-07-07", "model": "input.dates", "fields": {"dayofweek": 6, "week": "2007 W27", "week_end": "2007-07-09", "year_start": "2007-01-01", "quarter_end": "2007-10-01", "month_start": "2007-07-01", "quarter_start": "2007-07-01", "year_end": "2008-01-01", "month": "Jul 2007", "week_start": "2007-07-02", "year": "2007", "month_end": "2007-08-01", "quarter": "2007 Q3"}},
{"pk": "2007-07-08", "model": "input.dates", "fields": {"dayofweek": 0, "week": "2007 W27", "week_end": "2007-07-09", "year_start": "2007-01-01", "quarter_end": "2007-10-01", "month_start": "2007-07-01", "quarter_start": "2007-07-01", "year_end": "2008-01-01", "month": "Jul 2007", "week_start": "2007-07-02", "year": "2007", "month_end": "2007-08-01", "quarter": "2007 Q3"}},
{"pk": "2007-07-09", "model": "input.dates", "fields": {"dayofweek": 1, "week": "2007 W28", "week_end": "2007-07-16", "year_start": "2007-01-01", "quarter_end": "2007-10-01", "month_start": "2007-07-01", "quarter_start": "2007-07-01", "year_end": "2008-01-01", "month": "Jul 2007", "week_start": "2007-07-09", "year": "2007", "month_end": "2007-08-01", "quarter": "2007 Q3"}},
{"pk": "2007-07-10", "model": "input.dates", "fields": {"dayofweek": 2, "week": "2007 W28", "week_end": "2007-07-16", "year_start": "2007-01-01", "quarter_end": "2007-10-01", "month_start": "2007-07-01", "quarter_start": "2007-07-01", "year_end": "2008-01-01", "month": "Jul 2007", "week_start": "2007-07-09", "year": "2007", "month_end": "2007-08-01", "quarter": "2007 Q3"}},
{"pk": "2007-07-11", "model": "input.dates", "fields": {"dayofweek": 3, "week": "2007 W28", "week_end": "2007-07-16", "year_start": "2007-01-01", "quarter_end": "2007-10-01", "month_start": "2007-07-01", "quarter_start": "2007-07-01", "year_end": "2008-01-01", "month": "Jul 2007", "week_start": "2007-07-09", "year": "2007", "month_end": "2007-08-01", "quarter": "2007 Q3"}},
{"pk": "2007-07-12", "model": "input.dates", "fields": {"dayofweek": 4, "week": "2007 W28", "week_end": "2007-07-16", "year_start": "2007-01-01", "quarter_end": "2007-10-01", "month_start": "2007-07-01", "quarter_start": "2007-07-01", "year_end": "2008-01-01", "month": "Jul 2007", "week_start": "2007-07-09", "year": "2007", "month_end": "2007-08-01", "quarter": "2007 Q3"}},
{"pk": "2007-07-13", "model": "input.dates", "fields": {"dayofweek": 5, "week": "2007 W28", "week_end": "2007-07-16", "year_start": "2007-01-01", "quarter_end": "2007-10-01", "month_start": "2007-07-01", "quarter_start": "2007-07-01", "year_end": "2008-01-01", "month": "Jul 2007", "week_start": "2007-07-09", "year": "2007", "month_end": "2007-08-01", "quarter": "2007 Q3"}},
{"pk": "2007-07-14", "model": "input.dates", "fields": {"dayofweek": 6, "week": "2007 W28", "week_end": "2007-07-16", "year_start": "2007-01-01", "quarter_end": "2007-10-01", "month_start": "2007-07-01", "quarter_start": "2007-07-01", "year_end": "2008-01-01", "month": "Jul 2007", "week_start": "2007-07-09", "year": "2007", "month_end": "2007-08-01", "quarter": "2007 Q3"}},
{"pk": "2007-07-15", "model": "input.dates", "fields": {"dayofweek": 0, "week": "2007 W28", "week_end": "2007-07-16", "year_start": "2007-01-01", "quarter_end": "2007-10-01", "month_start": "2007-07-01", "quarter_start": "2007-07-01", "year_end": "2008-01-01", "month": "Jul 2007", "week_start": "2007-07-09", "year": "2007", "month_end": "2007-08-01", "quarter": "2007 Q3"}},
{"pk": "2007-07-16", "model": "input.dates", "fields": {"dayofweek": 1, "week": "2007 W29", "week_end": "2007-07-23", "year_start": "2007-01-01", "quarter_end": "2007-10-01", "month_start": "2007-07-01", "quarter_start": "2007-07-01", "year_end": "2008-01-01", "month": "Jul 2007", "week_start": "2007-07-16", "year": "2007", "month_end": "2007-08-01", "quarter": "2007 Q3"}},
{"pk": "2007-07-17", "model": "input.dates", "fields": {"dayofweek": 2, "week": "2007 W29", "week_end": "2007-07-23", "year_start": "2007-01-01", "quarter_end": "2007-10-01", "month_start": "2007-07-01", "quarter_start": "2007-07-01", "year_end": "2008-01-01", "month": "Jul 2007", "week_start": "2007-07-16", "year": "2007", "month_end": "2007-08-01", "quarter": "2007 Q3"}},
{"pk": "2007-07-18", "model": "input.dates", "fields": {"dayofweek": 3, "week": "2007 W29", "week_end": "2007-07-23", "year_start": "2007-01-01", "quarter_end": "2007-10-01", "month_start": "2007-07-01", "quarter_start": "2007-07-01", "year_end": "2008-01-01", "month": "Jul 2007", "week_start": "2007-07-16", "year": "2007", "month_end": "2007-08-01", "quarter": "2007 Q3"}},
{"pk": "2007-07-19", "model": "input.dates", "fields": {"dayofweek": 4, "week": "2007 W29", "week_end": "2007-07-23", "year_start": "2007-01-01", "quarter_end": "2007-10-01", "month_start": "2007-07-01", "quarter_start": "2007-07-01", "year_end": "2008-01-01", "month": "Jul 2007", "week_start": "2007-07-16", "year": "2007", "month_end": "2007-08-01", "quarter": "2007 Q3"}},
{"pk": "2007-07-20", "model": "input.dates", "fields": {"dayofweek": 5, "week": "2007 W29", "week_end": "2007-07-23", "year_start": "2007-01-01", "quarter_end": "2007-10-01", "month_start": "2007-07-01", "quarter_start": "2007-07-01", "year_end": "2008-01-01", "month": "Jul 2007", "week_start": "2007-07-16", "year": "2007", "month_end": "2007-08-01", "quarter": "2007 Q3"}},
{"pk": "2007-07-21", "model": "input.dates", "fields": {"dayofweek": 6, "week": "2007 W29", "week_end": "2007-07-23", "year_start": "2007-01-01", "quarter_end": "2007-10-01", "month_start": "2007-07-01", "quarter_start": "2007-07-01", "year_end": "2008-01-01", "month": "Jul 2007", "week_start": "2007-07-16", "year": "2007", "month_end": "2007-08-01", "quarter": "2007 Q3"}},
{"pk": "2007-07-22", "model": "input.dates", "fields": {"dayofweek": 0, "week": "2007 W29", "week_end": "2007-07-23", "year_start": "2007-01-01", "quarter_end": "2007-10-01", "month_start": "2007-07-01", "quarter_start": "2007-07-01", "year_end": "2008-01-01", "month": "Jul 2007", "week_start": "2007-07-16", "year": "2007", "month_end": "2007-08-01", "quarter": "2007 Q3"}},
{"pk": "2007-07-23", "model": "input.dates", "fields": {"dayofweek": 1, "week": "2007 W30", "week_end": "2007-07-30", "year_start": "2007-01-01", "quarter_end": "2007-10-01", "month_start": "2007-07-01", "quarter_start": "2007-07-01", "year_end": "2008-01-01", "month": "Jul 2007", "week_start": "2007-07-23", "year": "2007", "month_end": "2007-08-01", "quarter": "2007 Q3"}},
{"pk": "2007-07-24", "model": "input.dates", "fields": {"dayofweek": 2, "week": "2007 W30", "week_end": "2007-07-30", "year_start": "2007-01-01", "quarter_end": "2007-10-01", "month_start": "2007-07-01", "quarter_start": "2007-07-01", "year_end": "2008-01-01", "month": "Jul 2007", "week_start": "2007-07-23", "year": "2007", "month_end": "2007-08-01", "quarter": "2007 Q3"}},
{"pk": "2007-07-25", "model": "input.dates", "fields": {"dayofweek": 3, "week": "2007 W30", "week_end": "2007-07-30", "year_start": "2007-01-01", "quarter_end": "2007-10-01", "month_start": "2007-07-01", "quarter_start": "2007-07-01", "year_end": "2008-01-01", "month": "Jul 2007", "week_start": "2007-07-23", "year": "2007", "month_end": "2007-08-01", "quarter": "2007 Q3"}},
{"pk": "2007-07-26", "model": "input.dates", "fields": {"dayofweek": 4, "week": "2007 W30", "week_end": "2007-07-30", "year_start": "2007-01-01", "quarter_end": "2007-10-01", "month_start": "2007-07-01", "quarter_start": "2007-07-01", "year_end": "2008-01-01", "month": "Jul 2007", "week_start": "2007-07-23", "year": "2007", "month_end": "2007-08-01", "quarter": "2007 Q3"}},
{"pk": "2007-07-27", "model": "input.dates", "fields": {"dayofweek": 5, "week": "2007 W30", "week_end": "2007-07-30", "year_start": "2007-01-01", "quarter_end": "2007-10-01", "month_start": "2007-07-01", "quarter_start": "2007-07-01", "year_end": "2008-01-01", "month": "Jul 2007", "week_start": "2007-07-23", "year": "2007", "month_end": "2007-08-01", "quarter": "2007 Q3"}},
{"pk": "2007-07-28", "model": "input.dates", "fields": {"dayofweek": 6, "week": "2007 W30", "week_end": "2007-07-30", "year_start": "2007-01-01", "quarter_end": "2007-10-01", "month_start": "2007-07-01", "quarter_start": "2007-07-01", "year_end": "2008-01-01", "month": "Jul 2007", "week_start": "2007-07-23", "year": "2007", "month_end": "2007-08-01", "quarter": "2007 Q3"}},
{"pk": "2007-07-29", "model": "input.dates", "fields": {"dayofweek": 0, "week": "2007 W30", "week_end": "2007-07-30", "year_start": "2007-01-01", "quarter_end": "2007-10-01", "month_start": "2007-07-01", "quarter_start": "2007-07-01", "year_end": "2008-01-01", "month": "Jul 2007", "week_start": "2007-07-23", "year": "2007", "month_end": "2007-08-01", "quarter": "2007 Q3"}},
{"pk": "2007-07-30", "model": "input.dates", "fields": {"dayofweek": 1, "week": "2007 W31", "week_end": "2007-08-06", "year_start": "2007-01-01", "quarter_end": "2007-10-01", "month_start": "2007-07-01", "quarter_start": "2007-07-01", "year_end": "2008-01-01", "month": "Jul 2007", "week_start": "2007-07-30", "year": "2007", "month_end": "2007-08-01", "quarter": "2007 Q3"}},
{"pk": "2007-07-31", "model": "input.dates", "fields": {"dayofweek": 2, "week": "2007 W31", "week_end": "2007-08-06", "year_start": "2007-01-01", "quarter_end": "2007-10-01", "month_start": "2007-07-01", "quarter_start": "2007-07-01", "year_end": "2008-01-01", "month": "Jul 2007", "week_start": "2007-07-30", "year": "2007", "month_end": "2007-08-01", "quarter": "2007 Q3"}},
{"pk": "2007-08-01", "model": "input.dates", "fields": {"dayofweek": 3, "week": "2007 W31", "week_end": "2007-08-06", "year_start": "2007-01-01", "quarter_end": "2007-10-01", "month_start": "2007-08-01", "quarter_start": "2007-07-01", "year_end": "2008-01-01", "month": "Aug 2007", "week_start": "2007-07-30", "year": "2007", "month_end": "2007-09-01", "quarter": "2007 Q3"}},
{"pk": "2007-08-02", "model": "input.dates", "fields": {"dayofweek": 4, "week": "2007 W31", "week_end": "2007-08-06", "year_start": "2007-01-01", "quarter_end": "2007-10-01", "month_start": "2007-08-01", "quarter_start": "2007-07-01", "year_end": "2008-01-01", "month": "Aug 2007", "week_start": "2007-07-30", "year": "2007", "month_end": "2007-09-01", "quarter": "2007 Q3"}},
{"pk": "2007-08-03", "model": "input.dates", "fields": {"dayofweek": 5, "week": "2007 W31", "week_end": "2007-08-06", "year_start": "2007-01-01", "quarter_end": "2007-10-01", "month_start": "2007-08-01", "quarter_start": "2007-07-01", "year_end": "2008-01-01", "month": "Aug 2007", "week_start": "2007-07-30", "year": "2007", "month_end": "2007-09-01", "quarter": "2007 Q3"}},
{"pk": "2007-08-04", "model": "input.dates", "fields": {"dayofweek": 6, "week": "2007 W31", "week_end": "2007-08-06", "year_start": "2007-01-01", "quarter_end": "2007-10-01", "month_start": "2007-08-01", "quarter_start": "2007-07-01", "year_end": "2008-01-01", "month": "Aug 2007", "week_start": "2007-07-30", "year": "2007", "month_end": "2007-09-01", "quarter": "2007 Q3"}},
{"pk": "2007-08-05", "model": "input.dates", "fields": {"dayofweek": 0, "week": "2007 W31", "week_end": "2007-08-06", "year_start": "2007-01-01", "quarter_end": "2007-10-01", "month_start": "2007-08-01", "quarter_start": "2007-07-01", "year_end": "2008-01-01", "month": "Aug 2007", "week_start": "2007-07-30", "year": "2007", "month_end": "2007-09-01", "quarter": "2007 Q3"}},
{"pk": "2007-08-06", "model": "input.dates", "fields": {"dayofweek": 1, "week": "2007 W32", "week_end": "2007-08-13", "year_start": "2007-01-01", "quarter_end": "2007-10-01", "month_start": "2007-08-01", "quarter_start": "2007-07-01", "year_end": "2008-01-01", "month": "Aug 2007", "week_start": "2007-08-06", "year": "2007", "month_end": "2007-09-01", "quarter": "2007 Q3"}},
{"pk": "2007-08-07", "model": "input.dates", "fields": {"dayofweek": 2, "week": "2007 W32", "week_end": "2007-08-13", "year_start": "2007-01-01", "quarter_end": "2007-10-01", "month_start": "2007-08-01", "quarter_start": "2007-07-01", "year_end": "2008-01-01", "month": "Aug 2007", "week_start": "2007-08-06", "year": "2007", "month_end": "2007-09-01", "quarter": "2007 Q3"}},
{"pk": "2007-08-08", "model": "input.dates", "fields": {"dayofweek": 3, "week": "2007 W32", "week_end": "2007-08-13", "year_start": "2007-01-01", "quarter_end": "2007-10-01", "month_start": "2007-08-01", "quarter_start": "2007-07-01", "year_end": "2008-01-01", "month": "Aug 2007", "week_start": "2007-08-06", "year": "2007", "month_end": "2007-09-01", "quarter": "2007 Q3"}},
{"pk": "2007-08-09", "model": "input.dates", "fields": {"dayofweek": 4, "week": "2007 W32", "week_end": "2007-08-13", "year_start": "2007-01-01", "quarter_end": "2007-10-01", "month_start": "2007-08-01", "quarter_start": "2007-07-01", "year_end": "2008-01-01", "month": "Aug 2007", "week_start": "2007-08-06", "year": "2007", "month_end": "2007-09-01", "quarter": "2007 Q3"}},
{"pk": "2007-08-10", "model": "input.dates", "fields": {"dayofweek": 5, "week": "2007 W32", "week_end": "2007-08-13", "year_start": "2007-01-01", "quarter_end": "2007-10-01", "month_start": "2007-08-01", "quarter_start": "2007-07-01", "year_end": "2008-01-01", "month": "Aug 2007", "week_start": "2007-08-06", "year": "2007", "month_end": "2007-09-01", "quarter": "2007 Q3"}},
{"pk": "2007-08-11", "model": "input.dates", "fields": {"dayofweek": 6, "week": "2007 W32", "week_end": "2007-08-13", "year_start": "2007-01-01", "quarter_end": "2007-10-01", "month_start": "2007-08-01", "quarter_start": "2007-07-01", "year_end": "2008-01-01", "month": "Aug 2007", "week_start": "2007-08-06", "year": "2007", "month_end": "2007-09-01", "quarter": "2007 Q3"}},
{"pk": "2007-08-12", "model": "input.dates", "fields": {"dayofweek": 0, "week": "2007 W32", "week_end": "2007-08-13", "year_start": "2007-01-01", "quarter_end": "2007-10-01", "month_start": "2007-08-01", "quarter_start": "2007-07-01", "year_end": "2008-01-01", "month": "Aug 2007", "week_start": "2007-08-06", "year": "2007", "month_end": "2007-09-01", "quarter": "2007 Q3"}},
{"pk": "2007-08-13", "model": "input.dates", "fields": {"dayofweek": 1, "week": "2007 W33", "week_end": "2007-08-20", "year_start": "2007-01-01", "quarter_end": "2007-10-01", "month_start": "2007-08-01", "quarter_start": "2007-07-01", "year_end": "2008-01-01", "month": "Aug 2007", "week_start": "2007-08-13", "year": "2007", "month_end": "2007-09-01", "quarter": "2007 Q3"}},
{"pk": "2007-08-14", "model": "input.dates", "fields": {"dayofweek": 2, "week": "2007 W33", "week_end": "2007-08-20", "year_start": "2007-01-01", "quarter_end": "2007-10-01", "month_start": "2007-08-01", "quarter_start": "2007-07-01", "year_end": "2008-01-01", "month": "Aug 2007", "week_start": "2007-08-13", "year": "2007", "month_end": "2007-09-01", "quarter": "2007 Q3"}},
{"pk": "2007-08-15", "model": "input.dates", "fields": {"dayofweek": 3, "week": "2007 W33", "week_end": "2007-08-20", "year_start": "2007-01-01", "quarter_end": "2007-10-01", "month_start": "2007-08-01", "quarter_start": "2007-07-01", "year_end": "2008-01-01", "month": "Aug 2007", "week_start": "2007-08-13", "year": "2007", "month_end": "2007-09-01", "quarter": "2007 Q3"}},
{"pk": "2007-08-16", "model": "input.dates", "fields": {"dayofweek": 4, "week": "2007 W33", "week_end": "2007-08-20", "year_start": "2007-01-01", "quarter_end": "2007-10-01", "month_start": "2007-08-01", "quarter_start": "2007-07-01", "year_end": "2008-01-01", "month": "Aug 2007", "week_start": "2007-08-13", "year": "2007", "month_end": "2007-09-01", "quarter": "2007 Q3"}},
{"pk": "2007-08-17", "model": "input.dates", "fields": {"dayofweek": 5, "week": "2007 W33", "week_end": "2007-08-20", "year_start": "2007-01-01", "quarter_end": "2007-10-01", "month_start": "2007-08-01", "quarter_start": "2007-07-01", "year_end": "2008-01-01", "month": "Aug 2007", "week_start": "2007-08-13", "year": "2007", "month_end": "2007-09-01", "quarter": "2007 Q3"}},
{"pk": "2007-08-18", "model": "input.dates", "fields": {"dayofweek": 6, "week": "2007 W33", "week_end": "2007-08-20", "year_start": "2007-01-01", "quarter_end": "2007-10-01", "month_start": "2007-08-01", "quarter_start": "2007-07-01", "year_end": "2008-01-01", "month": "Aug 2007", "week_start": "2007-08-13", "year": "2007", "month_end": "2007-09-01", "quarter": "2007 Q3"}},
{"pk": "2007-08-19", "model": "input.dates", "fields": {"dayofweek": 0, "week": "2007 W33", "week_end": "2007-08-20", "year_start": "2007-01-01", "quarter_end": "2007-10-01", "month_start": "2007-08-01", "quarter_start": "2007-07-01", "year_end": "2008-01-01", "month": "Aug 2007", "week_start": "2007-08-13", "year": "2007", "month_end": "2007-09-01", "quarter": "2007 Q3"}},
{"pk": "2007-08-20", "model": "input.dates", "fields": {"dayofweek": 1, "week": "2007 W34", "week_end": "2007-08-27", "year_start": "2007-01-01", "quarter_end": "2007-10-01", "month_start": "2007-08-01", "quarter_start": "2007-07-01", "year_end": "2008-01-01", "month": "Aug 2007", "week_start": "2007-08-20", "year": "2007", "month_end": "2007-09-01", "quarter": "2007 Q3"}},
{"pk": "2007-08-21", "model": "input.dates", "fields": {"dayofweek": 2, "week": "2007 W34", "week_end": "2007-08-27", "year_start": "2007-01-01", "quarter_end": "2007-10-01", "month_start": "2007-08-01", "quarter_start": "2007-07-01", "year_end": "2008-01-01", "month": "Aug 2007", "week_start": "2007-08-20", "year": "2007", "month_end": "2007-09-01", "quarter": "2007 Q3"}},
{"pk": "2007-08-22", "model": "input.dates", "fields": {"dayofweek": 3, "week": "2007 W34", "week_end": "2007-08-27", "year_start": "2007-01-01", "quarter_end": "2007-10-01", "month_start": "2007-08-01", "quarter_start": "2007-07-01", "year_end": "2008-01-01", "month": "Aug 2007", "week_start": "2007-08-20", "year": "2007", "month_end": "2007-09-01", "quarter": "2007 Q3"}},
{"pk": "2007-08-23", "model": "input.dates", "fields": {"dayofweek": 4, "week": "2007 W34", "week_end": "2007-08-27", "year_start": "2007-01-01", "quarter_end": "2007-10-01", "month_start": "2007-08-01", "quarter_start": "2007-07-01", "year_end": "2008-01-01", "month": "Aug 2007", "week_start": "2007-08-20", "year": "2007", "month_end": "2007-09-01", "quarter": "2007 Q3"}},
{"pk": "2007-08-24", "model": "input.dates", "fields": {"dayofweek": 5, "week": "2007 W34", "week_end": "2007-08-27", "year_start": "2007-01-01", "quarter_end": "2007-10-01", "month_start": "2007-08-01", "quarter_start": "2007-07-01", "year_end": "2008-01-01", "month": "Aug 2007", "week_start": "2007-08-20", "year": "2007", "month_end": "2007-09-01", "quarter": "2007 Q3"}},
{"pk": "2007-08-25", "model": "input.dates", "fields": {"dayofweek": 6, "week": "2007 W34", "week_end": "2007-08-27", "year_start": "2007-01-01", "quarter_end": "2007-10-01", "month_start": "2007-08-01", "quarter_start": "2007-07-01", "year_end": "2008-01-01", "month": "Aug 2007", "week_start": "2007-08-20", "year": "2007", "month_end": "2007-09-01", "quarter": "2007 Q3"}},
{"pk": "2007-08-26", "model": "input.dates", "fields": {"dayofweek": 0, "week": "2007 W34", "week_end": "2007-08-27", "year_start": "2007-01-01", "quarter_end": "2007-10-01", "month_start": "2007-08-01", "quarter_start": "2007-07-01", "year_end": "2008-01-01", "month": "Aug 2007", "week_start": "2007-08-20", "year": "2007", "month_end": "2007-09-01", "quarter": "2007 Q3"}},
{"pk": "2007-08-27", "model": "input.dates", "fields": {"dayofweek": 1, "week": "2007 W35", "week_end": "2007-09-03", "year_start": "2007-01-01", "quarter_end": "2007-10-01", "month_start": "2007-08-01", "quarter_start": "2007-07-01", "year_end": "2008-01-01", "month": "Aug 2007", "week_start": "2007-08-27", "year": "2007", "month_end": "2007-09-01", "quarter": "2007 Q3"}},
{"pk": "2007-08-28", "model": "input.dates", "fields": {"dayofweek": 2, "week": "2007 W35", "week_end": "2007-09-03", "year_start": "2007-01-01", "quarter_end": "2007-10-01", "month_start": "2007-08-01", "quarter_start": "2007-07-01", "year_end": "2008-01-01", "month": "Aug 2007", "week_start": "2007-08-27", "year": "2007", "month_end": "2007-09-01", "quarter": "2007 Q3"}},
{"pk": "2007-08-29", "model": "input.dates", "fields": {"dayofweek": 3, "week": "2007 W35", "week_end": "2007-09-03", "year_start": "2007-01-01", "quarter_end": "2007-10-01", "month_start": "2007-08-01", "quarter_start": "2007-07-01", "year_end": "2008-01-01", "month": "Aug 2007", "week_start": "2007-08-27", "year": "2007", "month_end": "2007-09-01", "quarter": "2007 Q3"}},
{"pk": "2007-08-30", "model": "input.dates", "fields": {"dayofweek": 4, "week": "2007 W35", "week_end": "2007-09-03", "year_start": "2007-01-01", "quarter_end": "2007-10-01", "month_start": "2007-08-01", "quarter_start": "2007-07-01", "year_end": "2008-01-01", "month": "Aug 2007", "week_start": "2007-08-27", "year": "2007", "month_end": "2007-09-01", "quarter": "2007 Q3"}},
{"pk": "2007-08-31", "model": "input.dates", "fields": {"dayofweek": 5, "week": "2007 W35", "week_end": "2007-09-03", "year_start": "2007-01-01", "quarter_end": "2007-10-01", "month_start": "2007-08-01", "quarter_start": "2007-07-01", "year_end": "2008-01-01", "month": "Aug 2007", "week_start": "2007-08-27", "year": "2007", "month_end": "2007-09-01", "quarter": "2007 Q3"}},
{"pk": "2007-09-01", "model": "input.dates", "fields": {"dayofweek": 6, "week": "2007 W35", "week_end": "2007-09-03", "year_start": "2007-01-01", "quarter_end": "2007-10-01", "month_start": "2007-09-01", "quarter_start": "2007-07-01", "year_end": "2008-01-01", "month": "Sep 2007", "week_start": "2007-08-27", "year": "2007", "month_end": "2007-10-01", "quarter": "2007 Q3"}},
{"pk": "2007-09-02", "model": "input.dates", "fields": {"dayofweek": 0, "week": "2007 W35", "week_end": "2007-09-03", "year_start": "2007-01-01", "quarter_end": "2007-10-01", "month_start": "2007-09-01", "quarter_start": "2007-07-01", "year_end": "2008-01-01", "month": "Sep 2007", "week_start": "2007-08-27", "year": "2007", "month_end": "2007-10-01", "quarter": "2007 Q3"}},
{"pk": "2007-09-03", "model": "input.dates", "fields": {"dayofweek": 1, "week": "2007 W36", "week_end": "2007-09-10", "year_start": "2007-01-01", "quarter_end": "2007-10-01", "month_start": "2007-09-01", "quarter_start": "2007-07-01", "year_end": "2008-01-01", "month": "Sep 2007", "week_start": "2007-09-03", "year": "2007", "month_end": "2007-10-01", "quarter": "2007 Q3"}},
{"pk": "2007-09-04", "model": "input.dates", "fields": {"dayofweek": 2, "week": "2007 W36", "week_end": "2007-09-10", "year_start": "2007-01-01", "quarter_end": "2007-10-01", "month_start": "2007-09-01", "quarter_start": "2007-07-01", "year_end": "2008-01-01", "month": "Sep 2007", "week_start": "2007-09-03", "year": "2007", "month_end": "2007-10-01", "quarter": "2007 Q3"}},
{"pk": "2007-09-05", "model": "input.dates", "fields": {"dayofweek": 3, "week": "2007 W36", "week_end": "2007-09-10", "year_start": "2007-01-01", "quarter_end": "2007-10-01", "month_start": "2007-09-01", "quarter_start": "2007-07-01", "year_end": "2008-01-01", "month": "Sep 2007", "week_start": "2007-09-03", "year": "2007", "month_end": "2007-10-01", "quarter": "2007 Q3"}},
{"pk": "2007-09-06", "model": "input.dates", "fields": {"dayofweek": 4, "week": "2007 W36", "week_end": "2007-09-10", "year_start": "2007-01-01", "quarter_end": "2007-10-01", "month_start": "2007-09-01", "quarter_start": "2007-07-01", "year_end": "2008-01-01", "month": "Sep 2007", "week_start": "2007-09-03", "year": "2007", "month_end": "2007-10-01", "quarter": "2007 Q3"}},
{"pk": "2007-09-07", "model": "input.dates", "fields": {"dayofweek": 5, "week": "2007 W36", "week_end": "2007-09-10", "year_start": "2007-01-01", "quarter_end": "2007-10-01", "month_start": "2007-09-01", "quarter_start": "2007-07-01", "year_end": "2008-01-01", "month": "Sep 2007", "week_start": "2007-09-03", "year": "2007", "month_end": "2007-10-01", "quarter": "2007 Q3"}},
{"pk": "2007-09-08", "model": "input.dates", "fields": {"dayofweek": 6, "week": "2007 W36", "week_end": "2007-09-10", "year_start": "2007-01-01", "quarter_end": "2007-10-01", "month_start": "2007-09-01", "quarter_start": "2007-07-01", "year_end": "2008-01-01", "month": "Sep 2007", "week_start": "2007-09-03", "year": "2007", "month_end": "2007-10-01", "quarter": "2007 Q3"}},
{"pk": "2007-09-09", "model": "input.dates", "fields": {"dayofweek": 0, "week": "2007 W36", "week_end": "2007-09-10", "year_start": "2007-01-01", "quarter_end": "2007-10-01", "month_start": "2007-09-01", "quarter_start": "2007-07-01", "year_end": "2008-01-01", "month": "Sep 2007", "week_start": "2007-09-03", "year": "2007", "month_end": "2007-10-01", "quarter": "2007 Q3"}},
{"pk": "2007-09-10", "model": "input.dates", "fields": {"dayofweek": 1, "week": "2007 W37", "week_end": "2007-09-17", "year_start": "2007-01-01", "quarter_end": "2007-10-01", "month_start": "2007-09-01", "quarter_start": "2007-07-01", "year_end": "2008-01-01", "month": "Sep 2007", "week_start": "2007-09-10", "year": "2007", "month_end": "2007-10-01", "quarter": "2007 Q3"}},
{"pk": "2007-09-11", "model": "input.dates", "fields": {"dayofweek": 2, "week": "2007 W37", "week_end": "2007-09-17", "year_start": "2007-01-01", "quarter_end": "2007-10-01", "month_start": "2007-09-01", "quarter_start": "2007-07-01", "year_end": "2008-01-01", "month": "Sep 2007", "week_start": "2007-09-10", "year": "2007", "month_end": "2007-10-01", "quarter": "2007 Q3"}},
{"pk": "2007-09-12", "model": "input.dates", "fields": {"dayofweek": 3, "week": "2007 W37", "week_end": "2007-09-17", "year_start": "2007-01-01", "quarter_end": "2007-10-01", "month_start": "2007-09-01", "quarter_start": "2007-07-01", "year_end": "2008-01-01", "month": "Sep 2007", "week_start": "2007-09-10", "year": "2007", "month_end": "2007-10-01", "quarter": "2007 Q3"}},
{"pk": "2007-09-13", "model": "input.dates", "fields": {"dayofweek": 4, "week": "2007 W37", "week_end": "2007-09-17", "year_start": "2007-01-01", "quarter_end": "2007-10-01", "month_start": "2007-09-01", "quarter_start": "2007-07-01", "year_end": "2008-01-01", "month": "Sep 2007", "week_start": "2007-09-10", "year": "2007", "month_end": "2007-10-01", "quarter": "2007 Q3"}},
{"pk": "2007-09-14", "model": "input.dates", "fields": {"dayofweek": 5, "week": "2007 W37", "week_end": "2007-09-17", "year_start": "2007-01-01", "quarter_end": "2007-10-01", "month_start": "2007-09-01", "quarter_start": "2007-07-01", "year_end": "2008-01-01", "month": "Sep 2007", "week_start": "2007-09-10", "year": "2007", "month_end": "2007-10-01", "quarter": "2007 Q3"}},
{"pk": "2007-09-15", "model": "input.dates", "fields": {"dayofweek": 6, "week": "2007 W37", "week_end": "2007-09-17", "year_start": "2007-01-01", "quarter_end": "2007-10-01", "month_start": "2007-09-01", "quarter_start": "2007-07-01", "year_end": "2008-01-01", "month": "Sep 2007", "week_start": "2007-09-10", "year": "2007", "month_end": "2007-10-01", "quarter": "2007 Q3"}},
{"pk": "2007-09-16", "model": "input.dates", "fields": {"dayofweek": 0, "week": "2007 W37", "week_end": "2007-09-17", "year_start": "2007-01-01", "quarter_end": "2007-10-01", "month_start": "2007-09-01", "quarter_start": "2007-07-01", "year_end": "2008-01-01", "month": "Sep 2007", "week_start": "2007-09-10", "year": "2007", "month_end": "2007-10-01", "quarter": "2007 Q3"}},
{"pk": "2007-09-17", "model": "input.dates", "fields": {"dayofweek": 1, "week": "2007 W38", "week_end": "2007-09-24", "year_start": "2007-01-01", "quarter_end": "2007-10-01", "month_start": "2007-09-01", "quarter_start": "2007-07-01", "year_end": "2008-01-01", "month": "Sep 2007", "week_start": "2007-09-17", "year": "2007", "month_end": "2007-10-01", "quarter": "2007 Q3"}},
{"pk": "2007-09-18", "model": "input.dates", "fields": {"dayofweek": 2, "week": "2007 W38", "week_end": "2007-09-24", "year_start": "2007-01-01", "quarter_end": "2007-10-01", "month_start": "2007-09-01", "quarter_start": "2007-07-01", "year_end": "2008-01-01", "month": "Sep 2007", "week_start": "2007-09-17", "year": "2007", "month_end": "2007-10-01", "quarter": "2007 Q3"}},
{"pk": "2007-09-19", "model": "input.dates", "fields": {"dayofweek": 3, "week": "2007 W38", "week_end": "2007-09-24", "year_start": "2007-01-01", "quarter_end": "2007-10-01", "month_start": "2007-09-01", "quarter_start": "2007-07-01", "year_end": "2008-01-01", "month": "Sep 2007", "week_start": "2007-09-17", "year": "2007", "month_end": "2007-10-01", "quarter": "2007 Q3"}},
{"pk": "2007-09-20", "model": "input.dates", "fields": {"dayofweek": 4, "week": "2007 W38", "week_end": "2007-09-24", "year_start": "2007-01-01", "quarter_end": "2007-10-01", "month_start": "2007-09-01", "quarter_start": "2007-07-01", "year_end": "2008-01-01", "month": "Sep 2007", "week_start": "2007-09-17", "year": "2007", "month_end": "2007-10-01", "quarter": "2007 Q3"}},
{"pk": "2007-09-21", "model": "input.dates", "fields": {"dayofweek": 5, "week": "2007 W38", "week_end": "2007-09-24", "year_start": "2007-01-01", "quarter_end": "2007-10-01", "month_start": "2007-09-01", "quarter_start": "2007-07-01", "year_end": "2008-01-01", "month": "Sep 2007", "week_start": "2007-09-17", "year": "2007", "month_end": "2007-10-01", "quarter": "2007 Q3"}},
{"pk": "2007-09-22", "model": "input.dates", "fields": {"dayofweek": 6, "week": "2007 W38", "week_end": "2007-09-24", "year_start": "2007-01-01", "quarter_end": "2007-10-01", "month_start": "2007-09-01", "quarter_start": "2007-07-01", "year_end": "2008-01-01", "month": "Sep 2007", "week_start": "2007-09-17", "year": "2007", "month_end": "2007-10-01", "quarter": "2007 Q3"}},
{"pk": "2007-09-23", "model": "input.dates", "fields": {"dayofweek": 0, "week": "2007 W38", "week_end": "2007-09-24", "year_start": "2007-01-01", "quarter_end": "2007-10-01", "month_start": "2007-09-01", "quarter_start": "2007-07-01", "year_end": "2008-01-01", "month": "Sep 2007", "week_start": "2007-09-17", "year": "2007", "month_end": "2007-10-01", "quarter": "2007 Q3"}},
{"pk": "2007-09-24", "model": "input.dates", "fields": {"dayofweek": 1, "week": "2007 W39", "week_end": "2007-10-01", "year_start": "2007-01-01", "quarter_end": "2007-10-01", "month_start": "2007-09-01", "quarter_start": "2007-07-01", "year_end": "2008-01-01", "month": "Sep 2007", "week_start": "2007-09-24", "year": "2007", "month_end": "2007-10-01", "quarter": "2007 Q3"}},
{"pk": "2007-09-25", "model": "input.dates", "fields": {"dayofweek": 2, "week": "2007 W39", "week_end": "2007-10-01", "year_start": "2007-01-01", "quarter_end": "2007-10-01", "month_start": "2007-09-01", "quarter_start": "2007-07-01", "year_end": "2008-01-01", "month": "Sep 2007", "week_start": "2007-09-24", "year": "2007", "month_end": "2007-10-01", "quarter": "2007 Q3"}},
{"pk": "2007-09-26", "model": "input.dates", "fields": {"dayofweek": 3, "week": "2007 W39", "week_end": "2007-10-01", "year_start": "2007-01-01", "quarter_end": "2007-10-01", "month_start": "2007-09-01", "quarter_start": "2007-07-01", "year_end": "2008-01-01", "month": "Sep 2007", "week_start": "2007-09-24", "year": "2007", "month_end": "2007-10-01", "quarter": "2007 Q3"}},
{"pk": "2007-09-27", "model": "input.dates", "fields": {"dayofweek": 4, "week": "2007 W39", "week_end": "2007-10-01", "year_start": "2007-01-01", "quarter_end": "2007-10-01", "month_start": "2007-09-01", "quarter_start": "2007-07-01", "year_end": "2008-01-01", "month": "Sep 2007", "week_start": "2007-09-24", "year": "2007", "month_end": "2007-10-01", "quarter": "2007 Q3"}},
{"pk": "2007-09-28", "model": "input.dates", "fields": {"dayofweek": 5, "week": "2007 W39", "week_end": "2007-10-01", "year_start": "2007-01-01", "quarter_end": "2007-10-01", "month_start": "2007-09-01", "quarter_start": "2007-07-01", "year_end": "2008-01-01", "month": "Sep 2007", "week_start": "2007-09-24", "year": "2007", "month_end": "2007-10-01", "quarter": "2007 Q3"}},
{"pk": "2007-09-29", "model": "input.dates", "fields": {"dayofweek": 6, "week": "2007 W39", "week_end": "2007-10-01", "year_start": "2007-01-01", "quarter_end": "2007-10-01", "month_start": "2007-09-01", "quarter_start": "2007-07-01", "year_end": "2008-01-01", "month": "Sep 2007", "week_start": "2007-09-24", "year": "2007", "month_end": "2007-10-01", "quarter": "2007 Q3"}},
{"pk": "2007-09-30", "model": "input.dates", "fields": {"dayofweek": 0, "week": "2007 W39", "week_end": "2007-10-01", "year_start": "2007-01-01", "quarter_end": "2007-10-01", "month_start": "2007-09-01", "quarter_start": "2007-07-01", "year_end": "2008-01-01", "month": "Sep 2007", "week_start": "2007-09-24", "year": "2007", "month_end": "2007-10-01", "quarter": "2007 Q3"}},
{"pk": "2007-10-01", "model": "input.dates", "fields": {"dayofweek": 1, "week": "2007 W40", "week_end": "2007-10-08", "year_start": "2007-01-01", "quarter_end": "2008-01-01", "month_start": "2007-10-01", "quarter_start": "2007-10-01", "year_end": "2008-01-01", "month": "Oct 2007", "week_start": "2007-10-01", "year": "2007", "month_end": "2007-11-01", "quarter": "2007 Q4"}},
{"pk": "2007-10-02", "model": "input.dates", "fields": {"dayofweek": 2, "week": "2007 W40", "week_end": "2007-10-08", "year_start": "2007-01-01", "quarter_end": "2008-01-01", "month_start": "2007-10-01", "quarter_start": "2007-10-01", "year_end": "2008-01-01", "month": "Oct 2007", "week_start": "2007-10-01", "year": "2007", "month_end": "2007-11-01", "quarter": "2007 Q4"}},
{"pk": "2007-10-03", "model": "input.dates", "fields": {"dayofweek": 3, "week": "2007 W40", "week_end": "2007-10-08", "year_start": "2007-01-01", "quarter_end": "2008-01-01", "month_start": "2007-10-01", "quarter_start": "2007-10-01", "year_end": "2008-01-01", "month": "Oct 2007", "week_start": "2007-10-01", "year": "2007", "month_end": "2007-11-01", "quarter": "2007 Q4"}},
{"pk": "2007-10-04", "model": "input.dates", "fields": {"dayofweek": 4, "week": "2007 W40", "week_end": "2007-10-08", "year_start": "2007-01-01", "quarter_end": "2008-01-01", "month_start": "2007-10-01", "quarter_start": "2007-10-01", "year_end": "2008-01-01", "month": "Oct 2007", "week_start": "2007-10-01", "year": "2007", "month_end": "2007-11-01", "quarter": "2007 Q4"}},
{"pk": "2007-10-05", "model": "input.dates", "fields": {"dayofweek": 5, "week": "2007 W40", "week_end": "2007-10-08", "year_start": "2007-01-01", "quarter_end": "2008-01-01", "month_start": "2007-10-01", "quarter_start": "2007-10-01", "year_end": "2008-01-01", "month": "Oct 2007", "week_start": "2007-10-01", "year": "2007", "month_end": "2007-11-01", "quarter": "2007 Q4"}},
{"pk": "2007-10-06", "model": "input.dates", "fields": {"dayofweek": 6, "week": "2007 W40", "week_end": "2007-10-08", "year_start": "2007-01-01", "quarter_end": "2008-01-01", "month_start": "2007-10-01", "quarter_start": "2007-10-01", "year_end": "2008-01-01", "month": "Oct 2007", "week_start": "2007-10-01", "year": "2007", "month_end": "2007-11-01", "quarter": "2007 Q4"}},
{"pk": "2007-10-07", "model": "input.dates", "fields": {"dayofweek": 0, "week": "2007 W40", "week_end": "2007-10-08", "year_start": "2007-01-01", "quarter_end": "2008-01-01", "month_start": "2007-10-01", "quarter_start": "2007-10-01", "year_end": "2008-01-01", "month": "Oct 2007", "week_start": "2007-10-01", "year": "2007", "month_end": "2007-11-01", "quarter": "2007 Q4"}},
{"pk": "2007-10-08", "model": "input.dates", "fields": {"dayofweek": 1, "week": "2007 W41", "week_end": "2007-10-15", "year_start": "2007-01-01", "quarter_end": "2008-01-01", "month_start": "2007-10-01", "quarter_start": "2007-10-01", "year_end": "2008-01-01", "month": "Oct 2007", "week_start": "2007-10-08", "year": "2007", "month_end": "2007-11-01", "quarter": "2007 Q4"}},
{"pk": "2007-10-09", "model": "input.dates", "fields": {"dayofweek": 2, "week": "2007 W41", "week_end": "2007-10-15", "year_start": "2007-01-01", "quarter_end": "2008-01-01", "month_start": "2007-10-01", "quarter_start": "2007-10-01", "year_end": "2008-01-01", "month": "Oct 2007", "week_start": "2007-10-08", "year": "2007", "month_end": "2007-11-01", "quarter": "2007 Q4"}},
{"pk": "2007-10-10", "model": "input.dates", "fields": {"dayofweek": 3, "week": "2007 W41", "week_end": "2007-10-15", "year_start": "2007-01-01", "quarter_end": "2008-01-01", "month_start": "2007-10-01", "quarter_start": "2007-10-01", "year_end": "2008-01-01", "month": "Oct 2007", "week_start": "2007-10-08", "year": "2007", "month_end": "2007-11-01", "quarter": "2007 Q4"}},
{"pk": "2007-10-11", "model": "input.dates", "fields": {"dayofweek": 4, "week": "2007 W41", "week_end": "2007-10-15", "year_start": "2007-01-01", "quarter_end": "2008-01-01", "month_start": "2007-10-01", "quarter_start": "2007-10-01", "year_end": "2008-01-01", "month": "Oct 2007", "week_start": "2007-10-08", "year": "2007", "month_end": "2007-11-01", "quarter": "2007 Q4"}},
{"pk": "2007-10-12", "model": "input.dates", "fields": {"dayofweek": 5, "week": "2007 W41", "week_end": "2007-10-15", "year_start": "2007-01-01", "quarter_end": "2008-01-01", "month_start": "2007-10-01", "quarter_start": "2007-10-01", "year_end": "2008-01-01", "month": "Oct 2007", "week_start": "2007-10-08", "year": "2007", "month_end": "2007-11-01", "quarter": "2007 Q4"}},
{"pk": "2007-10-13", "model": "input.dates", "fields": {"dayofweek": 6, "week": "2007 W41", "week_end": "2007-10-15", "year_start": "2007-01-01", "quarter_end": "2008-01-01", "month_start": "2007-10-01", "quarter_start": "2007-10-01", "year_end": "2008-01-01", "month": "Oct 2007", "week_start": "2007-10-08", "year": "2007", "month_end": "2007-11-01", "quarter": "2007 Q4"}},
{"pk": "2007-10-14", "model": "input.dates", "fields": {"dayofweek": 0, "week": "2007 W41", "week_end": "2007-10-15", "year_start": "2007-01-01", "quarter_end": "2008-01-01", "month_start": "2007-10-01", "quarter_start": "2007-10-01", "year_end": "2008-01-01", "month": "Oct 2007", "week_start": "2007-10-08", "year": "2007", "month_end": "2007-11-01", "quarter": "2007 Q4"}},
{"pk": "2007-10-15", "model": "input.dates", "fields": {"dayofweek": 1, "week": "2007 W42", "week_end": "2007-10-22", "year_start": "2007-01-01", "quarter_end": "2008-01-01", "month_start": "2007-10-01", "quarter_start": "2007-10-01", "year_end": "2008-01-01", "month": "Oct 2007", "week_start": "2007-10-15", "year": "2007", "month_end": "2007-11-01", "quarter": "2007 Q4"}},
{"pk": "2007-10-16", "model": "input.dates", "fields": {"dayofweek": 2, "week": "2007 W42", "week_end": "2007-10-22", "year_start": "2007-01-01", "quarter_end": "2008-01-01", "month_start": "2007-10-01", "quarter_start": "2007-10-01", "year_end": "2008-01-01", "month": "Oct 2007", "week_start": "2007-10-15", "year": "2007", "month_end": "2007-11-01", "quarter": "2007 Q4"}},
{"pk": "2007-10-17", "model": "input.dates", "fields": {"dayofweek": 3, "week": "2007 W42", "week_end": "2007-10-22", "year_start": "2007-01-01", "quarter_end": "2008-01-01", "month_start": "2007-10-01", "quarter_start": "2007-10-01", "year_end": "2008-01-01", "month": "Oct 2007", "week_start": "2007-10-15", "year": "2007", "month_end": "2007-11-01", "quarter": "2007 Q4"}},
{"pk": "2007-10-18", "model": "input.dates", "fields": {"dayofweek": 4, "week": "2007 W42", "week_end": "2007-10-22", "year_start": "2007-01-01", "quarter_end": "2008-01-01", "month_start": "2007-10-01", "quarter_start": "2007-10-01", "year_end": "2008-01-01", "month": "Oct 2007", "week_start": "2007-10-15", "year": "2007", "month_end": "2007-11-01", "quarter": "2007 Q4"}},
{"pk": "2007-10-19", "model": "input.dates", "fields": {"dayofweek": 5, "week": "2007 W42", "week_end": "2007-10-22", "year_start": "2007-01-01", "quarter_end": "2008-01-01", "month_start": "2007-10-01", "quarter_start": "2007-10-01", "year_end": "2008-01-01", "month": "Oct 2007", "week_start": "2007-10-15", "year": "2007", "month_end": "2007-11-01", "quarter": "2007 Q4"}},
{"pk": "2007-10-20", "model": "input.dates", "fields": {"dayofweek": 6, "week": "2007 W42", "week_end": "2007-10-22", "year_start": "2007-01-01", "quarter_end": "2008-01-01", "month_start": "2007-10-01", "quarter_start": "2007-10-01", "year_end": "2008-01-01", "month": "Oct 2007", "week_start": "2007-10-15", "year": "2007", "month_end": "2007-11-01", "quarter": "2007 Q4"}},
{"pk": "2007-10-21", "model": "input.dates", "fields": {"dayofweek": 0, "week": "2007 W42", "week_end": "2007-10-22", "year_start": "2007-01-01", "quarter_end": "2008-01-01", "month_start": "2007-10-01", "quarter_start": "2007-10-01", "year_end": "2008-01-01", "month": "Oct 2007", "week_start": "2007-10-15", "year": "2007", "month_end": "2007-11-01", "quarter": "2007 Q4"}},
{"pk": "2007-10-22", "model": "input.dates", "fields": {"dayofweek": 1, "week": "2007 W43", "week_end": "2007-10-29", "year_start": "2007-01-01", "quarter_end": "2008-01-01", "month_start": "2007-10-01", "quarter_start": "2007-10-01", "year_end": "2008-01-01", "month": "Oct 2007", "week_start": "2007-10-22", "year": "2007", "month_end": "2007-11-01", "quarter": "2007 Q4"}},
{"pk": "2007-10-23", "model": "input.dates", "fields": {"dayofweek": 2, "week": "2007 W43", "week_end": "2007-10-29", "year_start": "2007-01-01", "quarter_end": "2008-01-01", "month_start": "2007-10-01", "quarter_start": "2007-10-01", "year_end": "2008-01-01", "month": "Oct 2007", "week_start": "2007-10-22", "year": "2007", "month_end": "2007-11-01", "quarter": "2007 Q4"}},
{"pk": "2007-10-24", "model": "input.dates", "fields": {"dayofweek": 3, "week": "2007 W43", "week_end": "2007-10-29", "year_start": "2007-01-01", "quarter_end": "2008-01-01", "month_start": "2007-10-01", "quarter_start": "2007-10-01", "year_end": "2008-01-01", "month": "Oct 2007", "week_start": "2007-10-22", "year": "2007", "month_end": "2007-11-01", "quarter": "2007 Q4"}},
{"pk": "2007-10-25", "model": "input.dates", "fields": {"dayofweek": 4, "week": "2007 W43", "week_end": "2007-10-29", "year_start": "2007-01-01", "quarter_end": "2008-01-01", "month_start": "2007-10-01", "quarter_start": "2007-10-01", "year_end": "2008-01-01", "month": "Oct 2007", "week_start": "2007-10-22", "year": "2007", "month_end": "2007-11-01", "quarter": "2007 Q4"}},
{"pk": "2007-10-26", "model": "input.dates", "fields": {"dayofweek": 5, "week": "2007 W43", "week_end": "2007-10-29", "year_start": "2007-01-01", "quarter_end": "2008-01-01", "month_start": "2007-10-01", "quarter_start": "2007-10-01", "year_end": "2008-01-01", "month": "Oct 2007", "week_start": "2007-10-22", "year": "2007", "month_end": "2007-11-01", "quarter": "2007 Q4"}},
{"pk": "2007-10-27", "model": "input.dates", "fields": {"dayofweek": 6, "week": "2007 W43", "week_end": "2007-10-29", "year_start": "2007-01-01", "quarter_end": "2008-01-01", "month_start": "2007-10-01", "quarter_start": "2007-10-01", "year_end": "2008-01-01", "month": "Oct 2007", "week_start": "2007-10-22", "year": "2007", "month_end": "2007-11-01", "quarter": "2007 Q4"}},
{"pk": "2007-10-28", "model": "input.dates", "fields": {"dayofweek": 0, "week": "2007 W43", "week_end": "2007-10-29", "year_start": "2007-01-01", "quarter_end": "2008-01-01", "month_start": "2007-10-01", "quarter_start": "2007-10-01", "year_end": "2008-01-01", "month": "Oct 2007", "week_start": "2007-10-22", "year": "2007", "month_end": "2007-11-01", "quarter": "2007 Q4"}},
{"pk": "2007-10-29", "model": "input.dates", "fields": {"dayofweek": 1, "week": "2007 W44", "week_end": "2007-11-05", "year_start": "2007-01-01", "quarter_end": "2008-01-01", "month_start": "2007-10-01", "quarter_start": "2007-10-01", "year_end": "2008-01-01", "month": "Oct 2007", "week_start": "2007-10-29", "year": "2007", "month_end": "2007-11-01", "quarter": "2007 Q4"}},
{"pk": "2007-10-30", "model": "input.dates", "fields": {"dayofweek": 2, "week": "2007 W44", "week_end": "2007-11-05", "year_start": "2007-01-01", "quarter_end": "2008-01-01", "month_start": "2007-10-01", "quarter_start": "2007-10-01", "year_end": "2008-01-01", "month": "Oct 2007", "week_start": "2007-10-29", "year": "2007", "month_end": "2007-11-01", "quarter": "2007 Q4"}},
{"pk": "2007-10-31", "model": "input.dates", "fields": {"dayofweek": 3, "week": "2007 W44", "week_end": "2007-11-05", "year_start": "2007-01-01", "quarter_end": "2008-01-01", "month_start": "2007-10-01", "quarter_start": "2007-10-01", "year_end": "2008-01-01", "month": "Oct 2007", "week_start": "2007-10-29", "year": "2007", "month_end": "2007-11-01", "quarter": "2007 Q4"}},
{"pk": "2007-11-01", "model": "input.dates", "fields": {"dayofweek": 4, "week": "2007 W44", "week_end": "2007-11-05", "year_start": "2007-01-01", "quarter_end": "2008-01-01", "month_start": "2007-11-01", "quarter_start": "2007-10-01", "year_end": "2008-01-01", "month": "Nov 2007", "week_start": "2007-10-29", "year": "2007", "month_end": "2007-12-01", "quarter": "2007 Q4"}},
{"pk": "2007-11-02", "model": "input.dates", "fields": {"dayofweek": 5, "week": "2007 W44", "week_end": "2007-11-05", "year_start": "2007-01-01", "quarter_end": "2008-01-01", "month_start": "2007-11-01", "quarter_start": "2007-10-01", "year_end": "2008-01-01", "month": "Nov 2007", "week_start": "2007-10-29", "year": "2007", "month_end": "2007-12-01", "quarter": "2007 Q4"}},
{"pk": "2007-11-03", "model": "input.dates", "fields": {"dayofweek": 6, "week": "2007 W44", "week_end": "2007-11-05", "year_start": "2007-01-01", "quarter_end": "2008-01-01", "month_start": "2007-11-01", "quarter_start": "2007-10-01", "year_end": "2008-01-01", "month": "Nov 2007", "week_start": "2007-10-29", "year": "2007", "month_end": "2007-12-01", "quarter": "2007 Q4"}},
{"pk": "2007-11-04", "model": "input.dates", "fields": {"dayofweek": 0, "week": "2007 W44", "week_end": "2007-11-05", "year_start": "2007-01-01", "quarter_end": "2008-01-01", "month_start": "2007-11-01", "quarter_start": "2007-10-01", "year_end": "2008-01-01", "month": "Nov 2007", "week_start": "2007-10-29", "year": "2007", "month_end": "2007-12-01", "quarter": "2007 Q4"}},
{"pk": "2007-11-05", "model": "input.dates", "fields": {"dayofweek": 1, "week": "2007 W45", "week_end": "2007-11-12", "year_start": "2007-01-01", "quarter_end": "2008-01-01", "month_start": "2007-11-01", "quarter_start": "2007-10-01", "year_end": "2008-01-01", "month": "Nov 2007", "week_start": "2007-11-05", "year": "2007", "month_end": "2007-12-01", "quarter": "2007 Q4"}},
{"pk": "2007-11-06", "model": "input.dates", "fields": {"dayofweek": 2, "week": "2007 W45", "week_end": "2007-11-12", "year_start": "2007-01-01", "quarter_end": "2008-01-01", "month_start": "2007-11-01", "quarter_start": "2007-10-01", "year_end": "2008-01-01", "month": "Nov 2007", "week_start": "2007-11-05", "year": "2007", "month_end": "2007-12-01", "quarter": "2007 Q4"}},
{"pk": "2007-11-07", "model": "input.dates", "fields": {"dayofweek": 3, "week": "2007 W45", "week_end": "2007-11-12", "year_start": "2007-01-01", "quarter_end": "2008-01-01", "month_start": "2007-11-01", "quarter_start": "2007-10-01", "year_end": "2008-01-01", "month": "Nov 2007", "week_start": "2007-11-05", "year": "2007", "month_end": "2007-12-01", "quarter": "2007 Q4"}},
{"pk": "2007-11-08", "model": "input.dates", "fields": {"dayofweek": 4, "week": "2007 W45", "week_end": "2007-11-12", "year_start": "2007-01-01", "quarter_end": "2008-01-01", "month_start": "2007-11-01", "quarter_start": "2007-10-01", "year_end": "2008-01-01", "month": "Nov 2007", "week_start": "2007-11-05", "year": "2007", "month_end": "2007-12-01", "quarter": "2007 Q4"}},
{"pk": "2007-11-09", "model": "input.dates", "fields": {"dayofweek": 5, "week": "2007 W45", "week_end": "2007-11-12", "year_start": "2007-01-01", "quarter_end": "2008-01-01", "month_start": "2007-11-01", "quarter_start": "2007-10-01", "year_end": "2008-01-01", "month": "Nov 2007", "week_start": "2007-11-05", "year": "2007", "month_end": "2007-12-01", "quarter": "2007 Q4"}},
{"pk": "2007-11-10", "model": "input.dates", "fields": {"dayofweek": 6, "week": "2007 W45", "week_end": "2007-11-12", "year_start": "2007-01-01", "quarter_end": "2008-01-01", "month_start": "2007-11-01", "quarter_start": "2007-10-01", "year_end": "2008-01-01", "month": "Nov 2007", "week_start": "2007-11-05", "year": "2007", "month_end": "2007-12-01", "quarter": "2007 Q4"}},
{"pk": "2007-11-11", "model": "input.dates", "fields": {"dayofweek": 0, "week": "2007 W45", "week_end": "2007-11-12", "year_start": "2007-01-01", "quarter_end": "2008-01-01", "month_start": "2007-11-01", "quarter_start": "2007-10-01", "year_end": "2008-01-01", "month": "Nov 2007", "week_start": "2007-11-05", "year": "2007", "month_end": "2007-12-01", "quarter": "2007 Q4"}},
{"pk": "2007-11-12", "model": "input.dates", "fields": {"dayofweek": 1, "week": "2007 W46", "week_end": "2007-11-19", "year_start": "2007-01-01", "quarter_end": "2008-01-01", "month_start": "2007-11-01", "quarter_start": "2007-10-01", "year_end": "2008-01-01", "month": "Nov 2007", "week_start": "2007-11-12", "year": "2007", "month_end": "2007-12-01", "quarter": "2007 Q4"}},
{"pk": "2007-11-13", "model": "input.dates", "fields": {"dayofweek": 2, "week": "2007 W46", "week_end": "2007-11-19", "year_start": "2007-01-01", "quarter_end": "2008-01-01", "month_start": "2007-11-01", "quarter_start": "2007-10-01", "year_end": "2008-01-01", "month": "Nov 2007", "week_start": "2007-11-12", "year": "2007", "month_end": "2007-12-01", "quarter": "2007 Q4"}},
{"pk": "2007-11-14", "model": "input.dates", "fields": {"dayofweek": 3, "week": "2007 W46", "week_end": "2007-11-19", "year_start": "2007-01-01", "quarter_end": "2008-01-01", "month_start": "2007-11-01", "quarter_start": "2007-10-01", "year_end": "2008-01-01", "month": "Nov 2007", "week_start": "2007-11-12", "year": "2007", "month_end": "2007-12-01", "quarter": "2007 Q4"}},
{"pk": "2007-11-15", "model": "input.dates", "fields": {"dayofweek": 4, "week": "2007 W46", "week_end": "2007-11-19", "year_start": "2007-01-01", "quarter_end": "2008-01-01", "month_start": "2007-11-01", "quarter_start": "2007-10-01", "year_end": "2008-01-01", "month": "Nov 2007", "week_start": "2007-11-12", "year": "2007", "month_end": "2007-12-01", "quarter": "2007 Q4"}},
{"pk": "2007-11-16", "model": "input.dates", "fields": {"dayofweek": 5, "week": "2007 W46", "week_end": "2007-11-19", "year_start": "2007-01-01", "quarter_end": "2008-01-01", "month_start": "2007-11-01", "quarter_start": "2007-10-01", "year_end": "2008-01-01", "month": "Nov 2007", "week_start": "2007-11-12", "year": "2007", "month_end": "2007-12-01", "quarter": "2007 Q4"}},
{"pk": "2007-11-17", "model": "input.dates", "fields": {"dayofweek": 6, "week": "2007 W46", "week_end": "2007-11-19", "year_start": "2007-01-01", "quarter_end": "2008-01-01", "month_start": "2007-11-01", "quarter_start": "2007-10-01", "year_end": "2008-01-01", "month": "Nov 2007", "week_start": "2007-11-12", "year": "2007", "month_end": "2007-12-01", "quarter": "2007 Q4"}},
{"pk": "2007-11-18", "model": "input.dates", "fields": {"dayofweek": 0, "week": "2007 W46", "week_end": "2007-11-19", "year_start": "2007-01-01", "quarter_end": "2008-01-01", "month_start": "2007-11-01", "quarter_start": "2007-10-01", "year_end": "2008-01-01", "month": "Nov 2007", "week_start": "2007-11-12", "year": "2007", "month_end": "2007-12-01", "quarter": "2007 Q4"}},
{"pk": "2007-11-19", "model": "input.dates", "fields": {"dayofweek": 1, "week": "2007 W47", "week_end": "2007-11-26", "year_start": "2007-01-01", "quarter_end": "2008-01-01", "month_start": "2007-11-01", "quarter_start": "2007-10-01", "year_end": "2008-01-01", "month": "Nov 2007", "week_start": "2007-11-19", "year": "2007", "month_end": "2007-12-01", "quarter": "2007 Q4"}},
{"pk": "2007-11-20", "model": "input.dates", "fields": {"dayofweek": 2, "week": "2007 W47", "week_end": "2007-11-26", "year_start": "2007-01-01", "quarter_end": "2008-01-01", "month_start": "2007-11-01", "quarter_start": "2007-10-01", "year_end": "2008-01-01", "month": "Nov 2007", "week_start": "2007-11-19", "year": "2007", "month_end": "2007-12-01", "quarter": "2007 Q4"}},
{"pk": "2007-11-21", "model": "input.dates", "fields": {"dayofweek": 3, "week": "2007 W47", "week_end": "2007-11-26", "year_start": "2007-01-01", "quarter_end": "2008-01-01", "month_start": "2007-11-01", "quarter_start": "2007-10-01", "year_end": "2008-01-01", "month": "Nov 2007", "week_start": "2007-11-19", "year": "2007", "month_end": "2007-12-01", "quarter": "2007 Q4"}},
{"pk": "2007-11-22", "model": "input.dates", "fields": {"dayofweek": 4, "week": "2007 W47", "week_end": "2007-11-26", "year_start": "2007-01-01", "quarter_end": "2008-01-01", "month_start": "2007-11-01", "quarter_start": "2007-10-01", "year_end": "2008-01-01", "month": "Nov 2007", "week_start": "2007-11-19", "year": "2007", "month_end": "2007-12-01", "quarter": "2007 Q4"}},
{"pk": "2007-11-23", "model": "input.dates", "fields": {"dayofweek": 5, "week": "2007 W47", "week_end": "2007-11-26", "year_start": "2007-01-01", "quarter_end": "2008-01-01", "month_start": "2007-11-01", "quarter_start": "2007-10-01", "year_end": "2008-01-01", "month": "Nov 2007", "week_start": "2007-11-19", "year": "2007", "month_end": "2007-12-01", "quarter": "2007 Q4"}},
{"pk": "2007-11-24", "model": "input.dates", "fields": {"dayofweek": 6, "week": "2007 W47", "week_end": "2007-11-26", "year_start": "2007-01-01", "quarter_end": "2008-01-01", "month_start": "2007-11-01", "quarter_start": "2007-10-01", "year_end": "2008-01-01", "month": "Nov 2007", "week_start": "2007-11-19", "year": "2007", "month_end": "2007-12-01", "quarter": "2007 Q4"}},
{"pk": "2007-11-25", "model": "input.dates", "fields": {"dayofweek": 0, "week": "2007 W47", "week_end": "2007-11-26", "year_start": "2007-01-01", "quarter_end": "2008-01-01", "month_start": "2007-11-01", "quarter_start": "2007-10-01", "year_end": "2008-01-01", "month": "Nov 2007", "week_start": "2007-11-19", "year": "2007", "month_end": "2007-12-01", "quarter": "2007 Q4"}},
{"pk": "2007-11-26", "model": "input.dates", "fields": {"dayofweek": 1, "week": "2007 W48", "week_end": "2007-12-03", "year_start": "2007-01-01", "quarter_end": "2008-01-01", "month_start": "2007-11-01", "quarter_start": "2007-10-01", "year_end": "2008-01-01", "month": "Nov 2007", "week_start": "2007-11-26", "year": "2007", "month_end": "2007-12-01", "quarter": "2007 Q4"}},
{"pk": "2007-11-27", "model": "input.dates", "fields": {"dayofweek": 2, "week": "2007 W48", "week_end": "2007-12-03", "year_start": "2007-01-01", "quarter_end": "2008-01-01", "month_start": "2007-11-01", "quarter_start": "2007-10-01", "year_end": "2008-01-01", "month": "Nov 2007", "week_start": "2007-11-26", "year": "2007", "month_end": "2007-12-01", "quarter": "2007 Q4"}},
{"pk": "2007-11-28", "model": "input.dates", "fields": {"dayofweek": 3, "week": "2007 W48", "week_end": "2007-12-03", "year_start": "2007-01-01", "quarter_end": "2008-01-01", "month_start": "2007-11-01", "quarter_start": "2007-10-01", "year_end": "2008-01-01", "month": "Nov 2007", "week_start": "2007-11-26", "year": "2007", "month_end": "2007-12-01", "quarter": "2007 Q4"}},
{"pk": "2007-11-29", "model": "input.dates", "fields": {"dayofweek": 4, "week": "2007 W48", "week_end": "2007-12-03", "year_start": "2007-01-01", "quarter_end": "2008-01-01", "month_start": "2007-11-01", "quarter_start": "2007-10-01", "year_end": "2008-01-01", "month": "Nov 2007", "week_start": "2007-11-26", "year": "2007", "month_end": "2007-12-01", "quarter": "2007 Q4"}},
{"pk": "2007-11-30", "model": "input.dates", "fields": {"dayofweek": 5, "week": "2007 W48", "week_end": "2007-12-03", "year_start": "2007-01-01", "quarter_end": "2008-01-01", "month_start": "2007-11-01", "quarter_start": "2007-10-01", "year_end": "2008-01-01", "month": "Nov 2007", "week_start": "2007-11-26", "year": "2007", "month_end": "2007-12-01", "quarter": "2007 Q4"}},
{"pk": "2007-12-01", "model": "input.dates", "fields": {"dayofweek": 6, "week": "2007 W48", "week_end": "2007-12-03", "year_start": "2007-01-01", "quarter_end": "2008-01-01", "month_start": "2007-12-01", "quarter_start": "2007-10-01", "year_end": "2008-01-01", "month": "Dec 2007", "week_start": "2007-11-26", "year": "2007", "month_end": "2008-01-01", "quarter": "2007 Q4"}},
{"pk": "2007-12-02", "model": "input.dates", "fields": {"dayofweek": 0, "week": "2007 W48", "week_end": "2007-12-03", "year_start": "2007-01-01", "quarter_end": "2008-01-01", "month_start": "2007-12-01", "quarter_start": "2007-10-01", "year_end": "2008-01-01", "month": "Dec 2007", "week_start": "2007-11-26", "year": "2007", "month_end": "2008-01-01", "quarter": "2007 Q4"}},
{"pk": "2007-12-03", "model": "input.dates", "fields": {"dayofweek": 1, "week": "2007 W49", "week_end": "2007-12-10", "year_start": "2007-01-01", "quarter_end": "2008-01-01", "month_start": "2007-12-01", "quarter_start": "2007-10-01", "year_end": "2008-01-01", "month": "Dec 2007", "week_start": "2007-12-03", "year": "2007", "month_end": "2008-01-01", "quarter": "2007 Q4"}},
{"pk": "2007-12-04", "model": "input.dates", "fields": {"dayofweek": 2, "week": "2007 W49", "week_end": "2007-12-10", "year_start": "2007-01-01", "quarter_end": "2008-01-01", "month_start": "2007-12-01", "quarter_start": "2007-10-01", "year_end": "2008-01-01", "month": "Dec 2007", "week_start": "2007-12-03", "year": "2007", "month_end": "2008-01-01", "quarter": "2007 Q4"}},
{"pk": "2007-12-05", "model": "input.dates", "fields": {"dayofweek": 3, "week": "2007 W49", "week_end": "2007-12-10", "year_start": "2007-01-01", "quarter_end": "2008-01-01", "month_start": "2007-12-01", "quarter_start": "2007-10-01", "year_end": "2008-01-01", "month": "Dec 2007", "week_start": "2007-12-03", "year": "2007", "month_end": "2008-01-01", "quarter": "2007 Q4"}},
{"pk": "2007-12-06", "model": "input.dates", "fields": {"dayofweek": 4, "week": "2007 W49", "week_end": "2007-12-10", "year_start": "2007-01-01", "quarter_end": "2008-01-01", "month_start": "2007-12-01", "quarter_start": "2007-10-01", "year_end": "2008-01-01", "month": "Dec 2007", "week_start": "2007-12-03", "year": "2007", "month_end": "2008-01-01", "quarter": "2007 Q4"}},
{"pk": "2007-12-07", "model": "input.dates", "fields": {"dayofweek": 5, "week": "2007 W49", "week_end": "2007-12-10", "year_start": "2007-01-01", "quarter_end": "2008-01-01", "month_start": "2007-12-01", "quarter_start": "2007-10-01", "year_end": "2008-01-01", "month": "Dec 2007", "week_start": "2007-12-03", "year": "2007", "month_end": "2008-01-01", "quarter": "2007 Q4"}},
{"pk": "2007-12-08", "model": "input.dates", "fields": {"dayofweek": 6, "week": "2007 W49", "week_end": "2007-12-10", "year_start": "2007-01-01", "quarter_end": "2008-01-01", "month_start": "2007-12-01", "quarter_start": "2007-10-01", "year_end": "2008-01-01", "month": "Dec 2007", "week_start": "2007-12-03", "year": "2007", "month_end": "2008-01-01", "quarter": "2007 Q4"}},
{"pk": "2007-12-09", "model": "input.dates", "fields": {"dayofweek": 0, "week": "2007 W49", "week_end": "2007-12-10", "year_start": "2007-01-01", "quarter_end": "2008-01-01", "month_start": "2007-12-01", "quarter_start": "2007-10-01", "year_end": "2008-01-01", "month": "Dec 2007", "week_start": "2007-12-03", "year": "2007", "month_end": "2008-01-01", "quarter": "2007 Q4"}},
{"pk": "2007-12-10", "model": "input.dates", "fields": {"dayofweek": 1, "week": "2007 W50", "week_end": "2007-12-17", "year_start": "2007-01-01", "quarter_end": "2008-01-01", "month_start": "2007-12-01", "quarter_start": "2007-10-01", "year_end": "2008-01-01", "month": "Dec 2007", "week_start": "2007-12-10", "year": "2007", "month_end": "2008-01-01", "quarter": "2007 Q4"}},
{"pk": "2007-12-11", "model": "input.dates", "fields": {"dayofweek": 2, "week": "2007 W50", "week_end": "2007-12-17", "year_start": "2007-01-01", "quarter_end": "2008-01-01", "month_start": "2007-12-01", "quarter_start": "2007-10-01", "year_end": "2008-01-01", "month": "Dec 2007", "week_start": "2007-12-10", "year": "2007", "month_end": "2008-01-01", "quarter": "2007 Q4"}},
{"pk": "2007-12-12", "model": "input.dates", "fields": {"dayofweek": 3, "week": "2007 W50", "week_end": "2007-12-17", "year_start": "2007-01-01", "quarter_end": "2008-01-01", "month_start": "2007-12-01", "quarter_start": "2007-10-01", "year_end": "2008-01-01", "month": "Dec 2007", "week_start": "2007-12-10", "year": "2007", "month_end": "2008-01-01", "quarter": "2007 Q4"}},
{"pk": "2007-12-13", "model": "input.dates", "fields": {"dayofweek": 4, "week": "2007 W50", "week_end": "2007-12-17", "year_start": "2007-01-01", "quarter_end": "2008-01-01", "month_start": "2007-12-01", "quarter_start": "2007-10-01", "year_end": "2008-01-01", "month": "Dec 2007", "week_start": "2007-12-10", "year": "2007", "month_end": "2008-01-01", "quarter": "2007 Q4"}},
{"pk": "2007-12-14", "model": "input.dates", "fields": {"dayofweek": 5, "week": "2007 W50", "week_end": "2007-12-17", "year_start": "2007-01-01", "quarter_end": "2008-01-01", "month_start": "2007-12-01", "quarter_start": "2007-10-01", "year_end": "2008-01-01", "month": "Dec 2007", "week_start": "2007-12-10", "year": "2007", "month_end": "2008-01-01", "quarter": "2007 Q4"}},
{"pk": "2007-12-15", "model": "input.dates", "fields": {"dayofweek": 6, "week": "2007 W50", "week_end": "2007-12-17", "year_start": "2007-01-01", "quarter_end": "2008-01-01", "month_start": "2007-12-01", "quarter_start": "2007-10-01", "year_end": "2008-01-01", "month": "Dec 2007", "week_start": "2007-12-10", "year": "2007", "month_end": "2008-01-01", "quarter": "2007 Q4"}},
{"pk": "2007-12-16", "model": "input.dates", "fields": {"dayofweek": 0, "week": "2007 W50", "week_end": "2007-12-17", "year_start": "2007-01-01", "quarter_end": "2008-01-01", "month_start": "2007-12-01", "quarter_start": "2007-10-01", "year_end": "2008-01-01", "month": "Dec 2007", "week_start": "2007-12-10", "year": "2007", "month_end": "2008-01-01", "quarter": "2007 Q4"}},
{"pk": "2007-12-17", "model": "input.dates", "fields": {"dayofweek": 1, "week": "2007 W51", "week_end": "2007-12-24", "year_start": "2007-01-01", "quarter_end": "2008-01-01", "month_start": "2007-12-01", "quarter_start": "2007-10-01", "year_end": "2008-01-01", "month": "Dec 2007", "week_start": "2007-12-17", "year": "2007", "month_end": "2008-01-01", "quarter": "2007 Q4"}},
{"pk": "2007-12-18", "model": "input.dates", "fields": {"dayofweek": 2, "week": "2007 W51", "week_end": "2007-12-24", "year_start": "2007-01-01", "quarter_end": "2008-01-01", "month_start": "2007-12-01", "quarter_start": "2007-10-01", "year_end": "2008-01-01", "month": "Dec 2007", "week_start": "2007-12-17", "year": "2007", "month_end": "2008-01-01", "quarter": "2007 Q4"}},
{"pk": "2007-12-19", "model": "input.dates", "fields": {"dayofweek": 3, "week": "2007 W51", "week_end": "2007-12-24", "year_start": "2007-01-01", "quarter_end": "2008-01-01", "month_start": "2007-12-01", "quarter_start": "2007-10-01", "year_end": "2008-01-01", "month": "Dec 2007", "week_start": "2007-12-17", "year": "2007", "month_end": "2008-01-01", "quarter": "2007 Q4"}},
{"pk": "2007-12-20", "model": "input.dates", "fields": {"dayofweek": 4, "week": "2007 W51", "week_end": "2007-12-24", "year_start": "2007-01-01", "quarter_end": "2008-01-01", "month_start": "2007-12-01", "quarter_start": "2007-10-01", "year_end": "2008-01-01", "month": "Dec 2007", "week_start": "2007-12-17", "year": "2007", "month_end": "2008-01-01", "quarter": "2007 Q4"}},
{"pk": "2007-12-21", "model": "input.dates", "fields": {"dayofweek": 5, "week": "2007 W51", "week_end": "2007-12-24", "year_start": "2007-01-01", "quarter_end": "2008-01-01", "month_start": "2007-12-01", "quarter_start": "2007-10-01", "year_end": "2008-01-01", "month": "Dec 2007", "week_start": "2007-12-17", "year": "2007", "month_end": "2008-01-01", "quarter": "2007 Q4"}},
{"pk": "2007-12-22", "model": "input.dates", "fields": {"dayofweek": 6, "week": "2007 W51", "week_end": "2007-12-24", "year_start": "2007-01-01", "quarter_end": "2008-01-01", "month_start": "2007-12-01", "quarter_start": "2007-10-01", "year_end": "2008-01-01", "month": "Dec 2007", "week_start": "2007-12-17", "year": "2007", "month_end": "2008-01-01", "quarter": "2007 Q4"}},
{"pk": "2007-12-23", "model": "input.dates", "fields": {"dayofweek": 0, "week": "2007 W51", "week_end": "2007-12-24", "year_start": "2007-01-01", "quarter_end": "2008-01-01", "month_start": "2007-12-01", "quarter_start": "2007-10-01", "year_end": "2008-01-01", "month": "Dec 2007", "week_start": "2007-12-17", "year": "2007", "month_end": "2008-01-01", "quarter": "2007 Q4"}},
{"pk": "2007-12-24", "model": "input.dates", "fields": {"dayofweek": 1, "week": "2007 W52", "week_end": "2007-12-31", "year_start": "2007-01-01", "quarter_end": "2008-01-01", "month_start": "2007-12-01", "quarter_start": "2007-10-01", "year_end": "2008-01-01", "month": "Dec 2007", "week_start": "2007-12-24", "year": "2007", "month_end": "2008-01-01", "quarter": "2007 Q4"}},
{"pk": "2007-12-25", "model": "input.dates", "fields": {"dayofweek": 2, "week": "2007 W52", "week_end": "2007-12-31", "year_start": "2007-01-01", "quarter_end": "2008-01-01", "month_start": "2007-12-01", "quarter_start": "2007-10-01", "year_end": "2008-01-01", "month": "Dec 2007", "week_start": "2007-12-24", "year": "2007", "month_end": "2008-01-01", "quarter": "2007 Q4"}},
{"pk": "2007-12-26", "model": "input.dates", "fields": {"dayofweek": 3, "week": "2007 W52", "week_end": "2007-12-31", "year_start": "2007-01-01", "quarter_end": "2008-01-01", "month_start": "2007-12-01", "quarter_start": "2007-10-01", "year_end": "2008-01-01", "month": "Dec 2007", "week_start": "2007-12-24", "year": "2007", "month_end": "2008-01-01", "quarter": "2007 Q4"}},
{"pk": "2007-12-27", "model": "input.dates", "fields": {"dayofweek": 4, "week": "2007 W52", "week_end": "2007-12-31", "year_start": "2007-01-01", "quarter_end": "2008-01-01", "month_start": "2007-12-01", "quarter_start": "2007-10-01", "year_end": "2008-01-01", "month": "Dec 2007", "week_start": "2007-12-24", "year": "2007", "month_end": "2008-01-01", "quarter": "2007 Q4"}},
{"pk": "2007-12-28", "model": "input.dates", "fields": {"dayofweek": 5, "week": "2007 W52", "week_end": "2007-12-31", "year_start": "2007-01-01", "quarter_end": "2008-01-01", "month_start": "2007-12-01", "quarter_start": "2007-10-01", "year_end": "2008-01-01", "month": "Dec 2007", "week_start": "2007-12-24", "year": "2007", "month_end": "2008-01-01", "quarter": "2007 Q4"}},
{"pk": "2007-12-29", "model": "input.dates", "fields": {"dayofweek": 6, "week": "2007 W52", "week_end": "2007-12-31", "year_start": "2007-01-01", "quarter_end": "2008-01-01", "month_start": "2007-12-01", "quarter_start": "2007-10-01", "year_end": "2008-01-01", "month": "Dec 2007", "week_start": "2007-12-24", "year": "2007", "month_end": "2008-01-01", "quarter": "2007 Q4"}},
{"pk": "2007-12-30", "model": "input.dates", "fields": {"dayofweek": 0, "week": "2007 W52", "week_end": "2007-12-31", "year_start": "2007-01-01", "quarter_end": "2008-01-01", "month_start": "2007-12-01", "quarter_start": "2007-10-01", "year_end": "2008-01-01", "month": "Dec 2007", "week_start": "2007-12-24", "year": "2007", "month_end": "2008-01-01", "quarter": "2007 Q4"}},
{"pk": "2007-12-31", "model": "input.dates", "fields": {"dayofweek": 1, "week": "2007 W53", "week_end": "2008-01-07", "year_start": "2007-01-01", "quarter_end": "2008-01-01", "month_start": "2007-12-01", "quarter_start": "2007-10-01", "year_end": "2008-01-01", "month": "Dec 2007", "week_start": "2007-12-31", "year": "2007", "month_end": "2008-01-01", "quarter": "2007 Q4"}},
{"pk": "Deliver product from factory 1 - 7 day", "model": "input.operation", "fields": {"sizemultiple": "1.00", "duration": "604800.00"}},
{"pk": "Deliver product from factory 1 - 1 day", "model": "input.operation", "fields": {"sizemultiple": "1.00", "duration": "86400.00"}},
{"pk": "Deliver product from factory 2 - 7 day", "model": "input.operation", "fields": {"sizemultiple": "1.00", "duration": "604800.00"}},
{"pk": "Deliver product from factory 2 - 1 day", "model": "input.operation", "fields": {"sizemultiple": "1.00", "duration": "86400.00"}},
{"pk": "Pack product @ factory 1", "model": "input.operation", "fields": {"sizemultiple": "1.00", "duration": "86400.00"}},
{"pk": "Pack product @ factory 2", "model": "input.operation", "fields": {"sizemultiple": "1.00", "duration": "86400.00"}},
{"pk": "Purchase box @ factory 1", "model": "input.operation", "fields": {"sizemultiple": "50.00", "duration": "604800.00", "sizeminimum": "400.00"}},
{"pk": "Purchase box @ factory 2", "model": "input.operation", "fields": {"sizemultiple": "50.00", "duration": "604800.00", "sizeminimum": "400.00", "type": ""}},
{"pk": "Purchase ink @ factory 1", "model": "input.operation", "fields": {"sizemultiple": "50.00", "duration": "604800.00"}},
{"pk": "Purchase thread @ factory 1", "model": "input.operation", "fields": {"sizemultiple": "1.00", "duration": "1209600.00", "sizeminimum": "500.00"}},
{"pk": "Make fabric @ factory 1", "model": "input.operation", "fields": {"sizemultiple": "1.00", "duration_per": "3600.00", "duration": "0.00", "type": "OPERATION_TIME_PER"}},
{"pk": "Deliver product from factory 1 or 2", "model": "input.operation", "fields": {"sizemultiple": "1.00", "type": "OPERATION_ALTERNATE"}},
{"pk": "Deliver product from factory 2 or 1", "model": "input.operation", "fields": {"sizemultiple": "1.00", "type": "OPERATION_ALTERNATE"}},
{"pk": "Transport fabric from factory 1 to 2", "model": "input.operation", "fields": {"sizemultiple": "1.00", "duration": "172800.00", "sizeminimum": "1000.00"}},
{"pk": "product", "model": "input.item", "fields": {"operation": "Deliver product from factory 1 or 2"}},
{"pk": "fabric", "model": "input.item", "fields": {}},
{"pk": "box", "model": "input.item", "fields": {}},
{"pk": "ink", "model": "input.item", "fields": {}},
{"pk": "thread", "model": "input.item", "fields": {}},
{"pk": "pack in factory 1", "model": "input.resource", "fields": { "maximum": "pack capacity factory 1", "location": "factory 1", "type": ""}},
{"pk": "pack in factory 2", "model": "input.resource", "fields": { "maximum": "pack capacity factory 2", "location": "factory 2", "type": ""}},
{"pk": "weave in factory 1", "model": "input.resource", "fields": {"category": "", "description": "", "location": "factory 1", "type": "RESOURCE_INFINITE"}},
{"pk": "box @ factory 2", "model": "input.buffer", "fields": {"category": "", "description": "", "item": "box", "location": "factory 2", "onhand": "40.00", "type": "BUFFER_INFINITE"}},
{"pk": "box @ factory 1", "model": "input.buffer", "fields": {"category": "", "description": "", "item": "box", "location": "factory 1", "onhand": "30.00", "type": "BUFFER_INFINITE"}},
{"pk": "ink @ factory 1", "model": "input.buffer", "fields": {"category": "", "description": "", "producing": "Purchase ink @ factory 1", "item": "ink", "location": "factory 1", "onhand": "0.00", "type": ""}},
{"pk": "fabric @ factory 2", "model": "input.buffer", "fields": {"producing": "Transport fabric from factory 1 to 2", "item": "fabric", "location": "factory 2", "onhand": "0.00", "type": ""}},
{"pk": "thread @ factory 1", "model": "input.buffer", "fields": {"producing": "Purchase thread @ factory 1", "item": "thread", "location": "factory 1", "onhand": "50.00", "type": ""}},
{"pk": "product @ factory 2", "model": "input.buffer", "fields": {"category": "", "description": "", "producing": "Pack product @ factory 2", "item": "product", "location": "factory 2", "onhand": "10.00", "type": ""}},
{"pk": "product @ factory 1", "model": "input.buffer", "fields": {"category": "", "description": "", "producing": "Pack product @ factory 1", "item": "product", "location": "factory 1", "onhand": "0.00", "type": ""}},
{"pk": "fabric @ factory 1", "model": "input.buffer", "fields": {"category": "", "description": "", "producing": "Make fabric @ factory 1", "item": "fabric", "location": "factory 1", "onhand": "0.00", "type": ""}},
{"pk": "471", "model": "input.flow", "fields": { "operation": "Pack product @ factory 1", "type": "FLOW_END", "thebuffer": "product @ factory 1", "quantity": "1.00"}},
{"pk": "472", "model": "input.flow", "fields": { "operation": "Pack product @ factory 2", "type": "FLOW_END", "thebuffer": "product @ factory 2", "quantity": "1.00"}},
{"pk": "473", "model": "input.flow", "fields": { "operation": "Purchase box @ factory 1", "type": "FLOW_END", "thebuffer": "box @ factory 1", "quantity": "1.00"}},
{"pk": "474", "model": "input.flow", "fields": { "operation": "Purchase box @ factory 2", "type": "FLOW_END", "thebuffer": "box @ factory 2", "quantity": "1.00"}},
{"pk": "475", "model": "input.flow", "fields": { "operation": "Purchase ink @ factory 1", "type": "FLOW_END", "thebuffer": "ink @ factory 1", "quantity": "1.00"}},
{"pk": "476", "model": "input.flow", "fields": { "operation": "Purchase thread @ factory 1", "type": "FLOW_END", "thebuffer": "thread @ factory 1", "quantity": "1.00"}},
{"pk": "477", "model": "input.flow", "fields": { "operation": "Make fabric @ factory 1", "type": "FLOW_END", "thebuffer": "fabric @ factory 1", "quantity": "1.00"}},
{"pk": "487", "model": "input.flow", "fields": { "operation": "Pack product @ factory 2", "thebuffer": "box @ factory 2", "quantity": "-1.00"}},
{"pk": "486", "model": "input.flow", "fields": { "operation": "Pack product @ factory 1", "thebuffer": "box @ factory 1", "quantity": "-1.00"}},
{"pk": "485", "model": "input.flow", "fields": { "operation": "Pack product @ factory 2", "thebuffer": "fabric @ factory 2", "quantity": "-1.00"}},
{"pk": "484", "model": "input.flow", "fields": { "operation": "Pack product @ factory 1", "thebuffer": "fabric @ factory 1", "quantity": "-1.00"}},
{"pk": "483", "model": "input.flow", "fields": { "operation": "Make fabric @ factory 1", "thebuffer": "ink @ factory 1", "quantity": "-2.00"}},
{"pk": "481", "model": "input.flow", "fields": { "operation": "Deliver product from factory 2 - 7 day", "thebuffer": "product @ factory 2", "quantity": "-1.00"}},
{"pk": "480", "model": "input.flow", "fields": { "operation": "Deliver product from factory 2 - 1 day", "thebuffer": "product @ factory 2", "quantity": "-1.00"}},
{"pk": "482", "model": "input.flow", "fields": { "operation": "Make fabric @ factory 1", "thebuffer": "thread @ factory 1", "quantity": "-3.00"}},
{"pk": "479", "model": "input.flow", "fields": { "operation": "Deliver product from factory 1 - 7 day", "thebuffer": "product @ factory 1", "quantity": "-1.00"}},
{"pk": "478", "model": "input.flow", "fields": { "operation": "Deliver product from factory 1 - 1 day", "thebuffer": "product @ factory 1", "quantity": "-1.00"}},
{"pk": "490", "model": "input.flow", "fields": {"operation": "Transport fabric from factory 1 to 2", "type": "FLOW_END", "thebuffer": "fabric @ factory 2", "quantity": "1.00"}},
{"pk": "491", "model": "input.flow", "fields": {"operation": "Transport fabric from factory 1 to 2", "thebuffer": "fabric @ factory 1", "quantity": "-1.00"}},
{"pk": "1000", "model": "input.operationplan", "fields": {"startdate": "2007-01-02 00:00:00", "enddate": "2007-01-02 00:00:00", "locked": true, "operation": "Purchase box @ factory 1", "quantity": "100.00"}},
{"pk": "1001", "model": "input.operationplan", "fields": {"startdate": "2007-01-09 00:00:00", "enddate": "2007-01-09 00:00:00", "locked": true, "operation": "Purchase box @ factory 2", "quantity": "100.00"}},
{"pk": "1002", "model": "input.operationplan", "fields": {"startdate": "2007-01-02 00:00:00", "enddate": "2007-01-02 00:00:00", "locked": true, "operation": "Purchase ink @ factory 1", "quantity": "100.00"}},
{"pk": "1003", "model": "input.operationplan", "fields": {"startdate": "2007-01-02 00:00:00", "enddate": "2007-01-02 00:00:00", "locked": true, "operation": "Purchase thread @ factory 1", "quantity": "100.00"}},
{"pk": "1", "model": "input.plan", "fields": {"currentdate": "2007-01-01 00:00:00", "name": "frePPLe"}},
{"pk": "Demand 1", "model": "input.demand", "fields": {"customer": "Customer near factory 1", "due": "2007-01-01 00:00:00", "priority": 1, "item": "product", "policy": "PLANSHORT", "operation": "Deliver product from factory 1 or 2", "quantity": "100.00"}},
{"pk": "Demand 2", "model": "input.demand", "fields": {"customer": "Customer near factory 1", "due": "2007-02-01 00:00:00", "priority": 1, "item": "product", "policy": "PLANLATE", "operation": "Deliver product from factory 1 or 2", "quantity": "100.00"}},
{"pk": "Demand 3", "model": "input.demand", "fields": {"customer": "Customer near factory 1", "due": "2007-03-01 00:00:00", "priority": 1, "item": "product", "policy": "PLANLATE", "operation": "Deliver product from factory 1 or 2", "quantity": "100.00"}},
{"pk": "Demand 4", "model": "input.demand", "fields": {"customer": "Customer near factory 1", "due": "2007-04-01 00:00:00", "priority": 1, "item": "product", "policy": "PLANLATE", "operation": "Deliver product from factory 1 or 2", "quantity": "100.00"}},
{"pk": "Demand 5", "model": "input.demand", "fields": {"customer": "Customer near factory 1", "due": "2007-03-01 00:00:00", "priority": 1, "item": "product", "policy": "PLANLATE", "operation": "Deliver product from factory 1 or 2", "quantity": "100.00"}},
{"pk": "Demand 6", "model": "input.demand", "fields": {"customer": "Customer near factory 2", "due": "2007-03-02 00:00:00", "priority": 1, "item": "product", "policy": "PLANLATE", "operation": "Deliver product from factory 2 or 1", "quantity": "300.00"}},
{"pk": "Demand 7", "model": "input.demand", "fields": {"customer": "Customer near factory 2", "due": "2007-02-02 00:00:00", "priority": 1, "item": "product", "policy": "PLANLATE", "operation": "Deliver product from factory 2 or 1", "quantity": "100.00"}},
{"pk": "Demand 8", "model": "input.demand", "fields": {"customer": "Customer near factory 2", "due": "2007-02-22 00:00:00", "priority": 1, "item": "product", "policy": "PLANLATE", "operation": "Deliver product from factory 2 or 1", "quantity": "100.00"}},
{"pk": "Demand 9", "model": "input.demand", "fields": {"customer": "Customer near factory 2", "due": "2007-01-25 00:00:00", "priority": 1, "item": "product", "policy": "PLANLATE", "operation": "Deliver product from factory 2 or 1", "quantity": "100.00"}},
{"pk": "Demand 10", "model": "input.demand", "fields": {"customer": "Customer near factory 2", "due": "2007-02-01 00:00:00", "priority": 1, "item": "product", "policy": "PLANLATE", "operation": "Deliver product from factory 2 or 1", "quantity": "100.00"}},
{"pk": "Demand 11", "model": "input.demand", "fields": {"customer": "Customer near factory 2", "due": "2007-12-25 00:00:00", "priority": 1, "item": "product", "policy": "PLANLATE", "operation": "Deliver product from factory 2 or 1", "quantity": "100.00"}},
{"pk": "Demand 12", "model": "input.demand", "fields": {"customer": "Customer near factory 2", "due": "2007-02-03 00:00:00", "priority": 1, "item": "product", "policy": "PLANLATE", "operation": "Deliver product from factory 2 or 1", "quantity": "100.00"}},
{"pk": "Demand 13", "model": "input.demand", "fields": {"customer": "Customer near factory 2", "due": "2007-02-04 00:00:00", "priority": 1, "item": "product", "policy": "PLANLATE", "operation": "Deliver product from factory 2 or 1", "quantity": "100.00"}},
{"pk": "Demand 14", "model": "input.demand", "fields": {"customer": "Customer near factory 2", "due": "2007-01-02 00:00:00", "priority": 1, "item": "product", "policy": "PLANLATE", "operation": "Deliver product from factory 2 or 1", "quantity": "100.00"}},
{"pk": "21", "model": "input.load", "fields": {"operation": "Pack product @ factory 1", "usagefactor": "1.00", "resource": "pack in factory 1"}},
{"pk": "22", "model": "input.load", "fields": {"operation": "Pack product @ factory 2", "usagefactor": "1.00", "resource": "pack in factory 2"}},
{"pk": "23", "model": "input.load", "fields": { "operation": "Make fabric @ factory 1", "usagefactor": "1.00", "resource": "weave in factory 1"}},
{"pk": "1", "model": "input.suboperation", "fields": {"priority": "1.00", "suboperation": "Deliver product from factory 2 - 1 day", "operation": "Deliver product from factory 2 or 1"}},
{"pk": "2", "model": "input.suboperation", "fields": {"priority": "2.00", "suboperation": "Deliver product from factory 2 - 7 day", "operation": "Deliver product from factory 1 or 2"}},
{"pk": "3", "model": "input.suboperation", "fields": {"priority": "1.00", "suboperation": "Deliver product from factory 1 - 1 day", "operation": "Deliver product from factory 1 or 2"}},
{"pk": "4", "model": "input.suboperation", "fields": {"priority": "2.00", "suboperation": "Deliver product from factory 1 - 7 day", "operation": "Deliver product from factory 2 or 1"}},
{"pk": "Forecast area of factory 1", "model": "input.forecast", "fields": {"category": "", "customer": "Customer near factory 1", "priority": 2, "item": "product", "calendar": "Working Days", "operation": "Deliver product from factory 1 or 2", "subcategory": ""}},
{"pk": "Forecast area of factory 2", "model": "input.forecast", "fields": {"category": "", "customer": "Customer near factory 2", "priority": 2, "item": "product", "calendar": "Working Days", "operation": "Deliver product from factory 2 or 1", "subcategory": ""}}
]
