[
{"pk": "currentdate", "model": "common.parameter", "fields": {"value": "2012-01-01 00:00:00", "description": "Current date of the plan, formatted as YYYY-MM-DD HH:MM:SS"}},
{"pk": "loading_time_units", "model": "common.parameter", "fields": {"value": "days", "description": "Time units to be used for the resource report: hours, days, weeks"}},
{"pk": "pack capacity factory 1", "model": "input.calendar", "fields": {}},
{"pk": "pack capacity factory 2", "model": "input.calendar", "fields": {}},
{"pk": "weave capacity factory 1", "model": "input.calendar", "fields": {}},
{"pk": "Working Days", "model": "input.calendar", "fields": {}},
{"pk": "factory 1", "model": "input.location", "fields": { "description": "A factory that manufactures, stores and packages products", "category": "", "available": "Working Days"}},
{"pk": "factory 2", "model": "input.location", "fields": { "description": "A factory that stores and packages products", "category": "", "available": "Working Days"}},
{"pk": 1000, "model": "input.calendarbucket", "fields": {"value": "1.00", "startdate": "2012-01-01 00:00:00", "calendar": "pack capacity factory 1"}},
{"pk": 1001, "model": "input.calendarbucket", "fields": {"value": "1.00", "startdate": "2012-01-01 00:00:00", "calendar": "pack capacity factory 2"}},
{"pk": 1002, "model": "input.calendarbucket", "fields": {"value": "2.00", "startdate": "2012-02-01 00:00:00", "calendar": "pack capacity factory 1"}},
{"pk": 1003, "model": "input.calendarbucket", "fields": {"value": "3.00", "startdate": "2012-01-01 00:00:00", "calendar": "weave capacity factory 1"}},
{"pk": "Customer near factory 1", "model": "input.customer", "fields": {}},
{"pk": "Customer near factory 2", "model": "input.customer", "fields": {}},
{"pk": 1, "model": "input.calendarbucket", "fields": {"startdate": "2011-01-01 00:00:00", "enddate": "2011-01-03 00:00:00", "value": "0", "calendar": "Working Days"}},
{"pk": 2, "model": "input.calendarbucket", "fields": {"startdate": "2011-01-03 00:00:00", "enddate": "2011-01-08 00:00:00", "value": "1", "calendar": "Working Days"}},
{"pk": 3, "model": "input.calendarbucket", "fields": {"startdate": "2011-01-08 00:00:00", "enddate": "2011-01-10 00:00:00", "value": "0", "calendar": "Working Days"}},
{"pk": 4, "model": "input.calendarbucket", "fields": {"startdate": "2011-01-10 00:00:00", "enddate": "2011-01-15 00:00:00", "value": "1", "calendar": "Working Days"}},
{"pk": 5, "model": "input.calendarbucket", "fields": {"startdate": "2011-01-15 00:00:00", "enddate": "2011-01-17 00:00:00", "value": "0", "calendar": "Working Days"}},
{"pk": 6, "model": "input.calendarbucket", "fields": {"startdate": "2011-01-17 00:00:00", "enddate": "2011-01-22 00:00:00", "value": "1", "calendar": "Working Days"}},
{"pk": 7, "model": "input.calendarbucket", "fields": {"startdate": "2011-01-22 00:00:00", "enddate": "2011-01-24 00:00:00", "value": "0", "calendar": "Working Days"}},
{"pk": 8, "model": "input.calendarbucket", "fields": {"startdate": "2011-01-24 00:00:00", "enddate": "2011-01-29 00:00:00", "value": "1", "calendar": "Working Days"}},
{"pk": 9, "model": "input.calendarbucket", "fields": {"startdate": "2011-01-29 00:00:00", "enddate": "2011-01-31 00:00:00", "value": "0", "calendar": "Working Days"}},
{"pk": 10, "model": "input.calendarbucket", "fields": {"startdate": "2011-01-31 00:00:00", "enddate": "2011-02-05 00:00:00", "value": "1", "calendar": "Working Days"}},
{"pk": 11, "model": "input.calendarbucket", "fields": {"startdate": "2011-02-05 00:00:00", "enddate": "2011-02-07 00:00:00", "value": "0", "calendar": "Working Days"}},
{"pk": 12, "model": "input.calendarbucket", "fields": {"startdate": "2011-02-07 00:00:00", "enddate": "2011-02-12 00:00:00", "value": "1", "calendar": "Working Days"}},
{"pk": 13, "model": "input.calendarbucket", "fields": {"startdate": "2011-02-12 00:00:00", "enddate": "2011-02-14 00:00:00", "value": "0", "calendar": "Working Days"}},
{"pk": 14, "model": "input.calendarbucket", "fields": {"startdate": "2011-02-14 00:00:00", "enddate": "2011-02-19 00:00:00", "value": "1", "calendar": "Working Days"}},
{"pk": 15, "model": "input.calendarbucket", "fields": {"startdate": "2011-02-19 00:00:00", "enddate": "2011-02-21 00:00:00", "value": "0", "calendar": "Working Days"}},
{"pk": 16, "model": "input.calendarbucket", "fields": {"startdate": "2011-02-21 00:00:00", "enddate": "2011-02-26 00:00:00", "value": "1", "calendar": "Working Days"}},
{"pk": 17, "model": "input.calendarbucket", "fields": {"startdate": "2011-02-26 00:00:00", "enddate": "2011-02-28 00:00:00", "value": "0", "calendar": "Working Days"}},
{"pk": 18, "model": "input.calendarbucket", "fields": {"startdate": "2011-02-28 00:00:00", "enddate": "2011-03-05 00:00:00", "value": "1", "calendar": "Working Days"}},
{"pk": 19, "model": "input.calendarbucket", "fields": {"startdate": "2011-03-05 00:00:00", "enddate": "2011-03-07 00:00:00", "value": "0", "calendar": "Working Days"}},
{"pk": 20, "model": "input.calendarbucket", "fields": {"startdate": "2011-03-07 00:00:00", "enddate": "2011-03-12 00:00:00", "value": "1", "calendar": "Working Days"}},
{"pk": 21, "model": "input.calendarbucket", "fields": {"startdate": "2011-03-12 00:00:00", "enddate": "2011-03-14 00:00:00", "value": "0", "calendar": "Working Days"}},
{"pk": 22, "model": "input.calendarbucket", "fields": {"startdate": "2011-03-14 00:00:00", "enddate": "2011-03-19 00:00:00", "value": "1", "calendar": "Working Days"}},
{"pk": 23, "model": "input.calendarbucket", "fields": {"startdate": "2011-03-19 00:00:00", "enddate": "2011-03-21 00:00:00", "value": "0", "calendar": "Working Days"}},
{"pk": 24, "model": "input.calendarbucket", "fields": {"startdate": "2011-03-21 00:00:00", "enddate": "2011-03-26 00:00:00", "value": "1", "calendar": "Working Days"}},
{"pk": 25, "model": "input.calendarbucket", "fields": {"startdate": "2011-03-26 00:00:00", "enddate": "2011-03-28 00:00:00", "value": "0", "calendar": "Working Days"}},
{"pk": 26, "model": "input.calendarbucket", "fields": {"startdate": "2011-03-28 00:00:00", "enddate": "2011-04-02 00:00:00", "value": "1", "calendar": "Working Days"}},
{"pk": 27, "model": "input.calendarbucket", "fields": {"startdate": "2011-04-02 00:00:00", "enddate": "2011-04-04 00:00:00", "value": "0", "calendar": "Working Days"}},
{"pk": 28, "model": "input.calendarbucket", "fields": {"startdate": "2011-04-04 00:00:00", "enddate": "2011-04-09 00:00:00", "value": "1", "calendar": "Working Days"}},
{"pk": 29, "model": "input.calendarbucket", "fields": {"startdate": "2011-04-09 00:00:00", "enddate": "2011-04-11 00:00:00", "value": "0", "calendar": "Working Days"}},
{"pk": 30, "model": "input.calendarbucket", "fields": {"startdate": "2011-04-11 00:00:00", "enddate": "2011-04-16 00:00:00", "value": "1", "calendar": "Working Days"}},
{"pk": 31, "model": "input.calendarbucket", "fields": {"startdate": "2011-04-16 00:00:00", "enddate": "2011-04-18 00:00:00", "value": "0", "calendar": "Working Days"}},
{"pk": 32, "model": "input.calendarbucket", "fields": {"startdate": "2011-04-18 00:00:00", "enddate": "2011-04-23 00:00:00", "value": "1", "calendar": "Working Days"}},
{"pk": 33, "model": "input.calendarbucket", "fields": {"startdate": "2011-04-23 00:00:00", "enddate": "2011-04-25 00:00:00", "value": "0", "calendar": "Working Days"}},
{"pk": 34, "model": "input.calendarbucket", "fields": {"startdate": "2011-04-25 00:00:00", "enddate": "2011-04-30 00:00:00", "value": "1", "calendar": "Working Days"}},
{"pk": 35, "model": "input.calendarbucket", "fields": {"startdate": "2011-04-30 00:00:00", "enddate": "2011-05-02 00:00:00", "value": "0", "calendar": "Working Days"}},
{"pk": 36, "model": "input.calendarbucket", "fields": {"startdate": "2011-05-02 00:00:00", "enddate": "2011-05-07 00:00:00", "value": "1", "calendar": "Working Days"}},
{"pk": 37, "model": "input.calendarbucket", "fields": {"startdate": "2011-05-07 00:00:00", "enddate": "2011-05-09 00:00:00", "value": "0", "calendar": "Working Days"}},
{"pk": 38, "model": "input.calendarbucket", "fields": {"startdate": "2011-05-09 00:00:00", "enddate": "2011-05-14 00:00:00", "value": "1", "calendar": "Working Days"}},
{"pk": 39, "model": "input.calendarbucket", "fields": {"startdate": "2011-05-14 00:00:00", "enddate": "2011-05-16 00:00:00", "value": "0", "calendar": "Working Days"}},
{"pk": 40, "model": "input.calendarbucket", "fields": {"startdate": "2011-05-16 00:00:00", "enddate": "2011-05-21 00:00:00", "value": "1", "calendar": "Working Days"}},
{"pk": 41, "model": "input.calendarbucket", "fields": {"startdate": "2011-05-21 00:00:00", "enddate": "2011-05-23 00:00:00", "value": "0", "calendar": "Working Days"}},
{"pk": 42, "model": "input.calendarbucket", "fields": {"startdate": "2011-05-23 00:00:00", "enddate": "2011-05-28 00:00:00", "value": "1", "calendar": "Working Days"}},
{"pk": 43, "model": "input.calendarbucket", "fields": {"startdate": "2011-05-28 00:00:00", "enddate": "2011-05-30 00:00:00", "value": "0", "calendar": "Working Days"}},
{"pk": 44, "model": "input.calendarbucket", "fields": {"startdate": "2011-05-30 00:00:00", "enddate": "2011-06-04 00:00:00", "value": "1", "calendar": "Working Days"}},
{"pk": 45, "model": "input.calendarbucket", "fields": {"startdate": "2011-06-04 00:00:00", "enddate": "2011-06-06 00:00:00", "value": "0", "calendar": "Working Days"}},
{"pk": 46, "model": "input.calendarbucket", "fields": {"startdate": "2011-06-06 00:00:00", "enddate": "2011-06-11 00:00:00", "value": "1", "calendar": "Working Days"}},
{"pk": 47, "model": "input.calendarbucket", "fields": {"startdate": "2011-06-11 00:00:00", "enddate": "2011-06-13 00:00:00", "value": "0", "calendar": "Working Days"}},
{"pk": 48, "model": "input.calendarbucket", "fields": {"startdate": "2011-06-13 00:00:00", "enddate": "2011-06-18 00:00:00", "value": "1", "calendar": "Working Days"}},
{"pk": 49, "model": "input.calendarbucket", "fields": {"startdate": "2011-06-18 00:00:00", "enddate": "2011-06-20 00:00:00", "value": "0", "calendar": "Working Days"}},
{"pk": 50, "model": "input.calendarbucket", "fields": {"startdate": "2011-06-20 00:00:00", "enddate": "2011-06-25 00:00:00", "value": "1", "calendar": "Working Days"}},
{"pk": 51, "model": "input.calendarbucket", "fields": {"startdate": "2011-06-25 00:00:00", "enddate": "2011-06-27 00:00:00", "value": "0", "calendar": "Working Days"}},
{"pk": 52, "model": "input.calendarbucket", "fields": {"startdate": "2011-06-27 00:00:00", "enddate": "2011-07-02 00:00:00", "value": "1", "calendar": "Working Days"}},
{"pk": 53, "model": "input.calendarbucket", "fields": {"startdate": "2011-07-02 00:00:00", "enddate": "2011-07-04 00:00:00", "value": "0", "calendar": "Working Days"}},
{"pk": 54, "model": "input.calendarbucket", "fields": {"startdate": "2011-07-04 00:00:00", "enddate": "2011-07-09 00:00:00", "value": "1", "calendar": "Working Days"}},
{"pk": 55, "model": "input.calendarbucket", "fields": {"startdate": "2011-07-09 00:00:00", "enddate": "2011-07-11 00:00:00", "value": "0", "calendar": "Working Days"}},
{"pk": 56, "model": "input.calendarbucket", "fields": {"startdate": "2011-07-11 00:00:00", "enddate": "2011-07-16 00:00:00", "value": "1", "calendar": "Working Days"}},
{"pk": 57, "model": "input.calendarbucket", "fields": {"startdate": "2011-07-16 00:00:00", "enddate": "2011-07-18 00:00:00", "value": "0", "calendar": "Working Days"}},
{"pk": 58, "model": "input.calendarbucket", "fields": {"startdate": "2011-07-18 00:00:00", "enddate": "2011-07-23 00:00:00", "value": "1", "calendar": "Working Days"}},
{"pk": 59, "model": "input.calendarbucket", "fields": {"startdate": "2011-07-23 00:00:00", "enddate": "2011-07-25 00:00:00", "value": "0", "calendar": "Working Days"}},
{"pk": 60, "model": "input.calendarbucket", "fields": {"startdate": "2011-07-25 00:00:00", "enddate": "2011-07-30 00:00:00", "value": "1", "calendar": "Working Days"}},
{"pk": 61, "model": "input.calendarbucket", "fields": {"startdate": "2011-07-30 00:00:00", "enddate": "2011-08-01 00:00:00", "value": "0", "calendar": "Working Days"}},
{"pk": 62, "model": "input.calendarbucket", "fields": {"startdate": "2011-08-01 00:00:00", "enddate": "2011-08-06 00:00:00", "value": "1", "calendar": "Working Days"}},
{"pk": 63, "model": "input.calendarbucket", "fields": {"startdate": "2011-08-06 00:00:00", "enddate": "2011-08-08 00:00:00", "value": "0", "calendar": "Working Days"}},
{"pk": 64, "model": "input.calendarbucket", "fields": {"startdate": "2011-08-08 00:00:00", "enddate": "2011-08-13 00:00:00", "value": "1", "calendar": "Working Days"}},
{"pk": 65, "model": "input.calendarbucket", "fields": {"startdate": "2011-08-13 00:00:00", "enddate": "2011-08-15 00:00:00", "value": "0", "calendar": "Working Days"}},
{"pk": 66, "model": "input.calendarbucket", "fields": {"startdate": "2011-08-15 00:00:00", "enddate": "2011-08-20 00:00:00", "value": "1", "calendar": "Working Days"}},
{"pk": 67, "model": "input.calendarbucket", "fields": {"startdate": "2011-08-20 00:00:00", "enddate": "2011-08-22 00:00:00", "value": "0", "calendar": "Working Days"}},
{"pk": 68, "model": "input.calendarbucket", "fields": {"startdate": "2011-08-22 00:00:00", "enddate": "2011-08-27 00:00:00", "value": "1", "calendar": "Working Days"}},
{"pk": 69, "model": "input.calendarbucket", "fields": {"startdate": "2011-08-27 00:00:00", "enddate": "2011-08-29 00:00:00", "value": "0", "calendar": "Working Days"}},
{"pk": 70, "model": "input.calendarbucket", "fields": {"startdate": "2011-08-29 00:00:00", "enddate": "2011-09-03 00:00:00", "value": "1", "calendar": "Working Days"}},
{"pk": 71, "model": "input.calendarbucket", "fields": {"startdate": "2011-09-03 00:00:00", "enddate": "2011-09-05 00:00:00", "value": "0", "calendar": "Working Days"}},
{"pk": 72, "model": "input.calendarbucket", "fields": {"startdate": "2011-09-05 00:00:00", "enddate": "2011-09-10 00:00:00", "value": "1", "calendar": "Working Days"}},
{"pk": 73, "model": "input.calendarbucket", "fields": {"startdate": "2011-09-10 00:00:00", "enddate": "2011-09-12 00:00:00", "value": "0", "calendar": "Working Days"}},
{"pk": 74, "model": "input.calendarbucket", "fields": {"startdate": "2011-09-12 00:00:00", "enddate": "2011-09-17 00:00:00", "value": "1", "calendar": "Working Days"}},
{"pk": 75, "model": "input.calendarbucket", "fields": {"startdate": "2011-09-17 00:00:00", "enddate": "2011-09-19 00:00:00", "value": "0", "calendar": "Working Days"}},
{"pk": 76, "model": "input.calendarbucket", "fields": {"startdate": "2011-09-19 00:00:00", "enddate": "2011-09-24 00:00:00", "value": "1", "calendar": "Working Days"}},
{"pk": 77, "model": "input.calendarbucket", "fields": {"startdate": "2011-09-24 00:00:00", "enddate": "2011-09-26 00:00:00", "value": "0", "calendar": "Working Days"}},
{"pk": 78, "model": "input.calendarbucket", "fields": {"startdate": "2011-09-26 00:00:00", "enddate": "2011-10-01 00:00:00", "value": "1", "calendar": "Working Days"}},
{"pk": 79, "model": "input.calendarbucket", "fields": {"startdate": "2011-10-01 00:00:00", "enddate": "2011-10-03 00:00:00", "value": "0", "calendar": "Working Days"}},
{"pk": 80, "model": "input.calendarbucket", "fields": {"startdate": "2011-10-03 00:00:00", "enddate": "2011-10-08 00:00:00", "value": "1", "calendar": "Working Days"}},
{"pk": 81, "model": "input.calendarbucket", "fields": {"startdate": "2011-10-08 00:00:00", "enddate": "2011-10-10 00:00:00", "value": "0", "calendar": "Working Days"}},
{"pk": 82, "model": "input.calendarbucket", "fields": {"startdate": "2011-10-10 00:00:00", "enddate": "2011-10-15 00:00:00", "value": "1", "calendar": "Working Days"}},
{"pk": 83, "model": "input.calendarbucket", "fields": {"startdate": "2011-10-15 00:00:00", "enddate": "2011-10-17 00:00:00", "value": "0", "calendar": "Working Days"}},
{"pk": 84, "model": "input.calendarbucket", "fields": {"startdate": "2011-10-17 00:00:00", "enddate": "2011-10-22 00:00:00", "value": "1", "calendar": "Working Days"}},
{"pk": 85, "model": "input.calendarbucket", "fields": {"startdate": "2011-10-22 00:00:00", "enddate": "2011-10-24 00:00:00", "value": "0", "calendar": "Working Days"}},
{"pk": 86, "model": "input.calendarbucket", "fields": {"startdate": "2011-10-24 00:00:00", "enddate": "2011-10-29 00:00:00", "value": "1", "calendar": "Working Days"}},
{"pk": 87, "model": "input.calendarbucket", "fields": {"startdate": "2011-10-29 00:00:00", "enddate": "2011-10-31 00:00:00", "value": "0", "calendar": "Working Days"}},
{"pk": 88, "model": "input.calendarbucket", "fields": {"startdate": "2011-10-31 00:00:00", "enddate": "2011-11-05 00:00:00", "value": "1", "calendar": "Working Days"}},
{"pk": 89, "model": "input.calendarbucket", "fields": {"startdate": "2011-11-05 00:00:00", "enddate": "2011-11-07 00:00:00", "value": "0", "calendar": "Working Days"}},
{"pk": 90, "model": "input.calendarbucket", "fields": {"startdate": "2011-11-07 00:00:00", "enddate": "2011-11-12 00:00:00", "value": "1", "calendar": "Working Days"}},
{"pk": 91, "model": "input.calendarbucket", "fields": {"startdate": "2011-11-12 00:00:00", "enddate": "2011-11-14 00:00:00", "value": "0", "calendar": "Working Days"}},
{"pk": 92, "model": "input.calendarbucket", "fields": {"startdate": "2011-11-14 00:00:00", "enddate": "2011-11-19 00:00:00", "value": "1", "calendar": "Working Days"}},
{"pk": 93, "model": "input.calendarbucket", "fields": {"startdate": "2011-11-19 00:00:00", "enddate": "2011-11-21 00:00:00", "value": "0", "calendar": "Working Days"}},
{"pk": 94, "model": "input.calendarbucket", "fields": {"startdate": "2011-11-21 00:00:00", "enddate": "2011-11-26 00:00:00", "value": "1", "calendar": "Working Days"}},
{"pk": 95, "model": "input.calendarbucket", "fields": {"startdate": "2011-11-26 00:00:00", "enddate": "2011-11-28 00:00:00", "value": "0", "calendar": "Working Days"}},
{"pk": 96, "model": "input.calendarbucket", "fields": {"startdate": "2011-11-28 00:00:00", "enddate": "2011-12-03 00:00:00", "value": "1", "calendar": "Working Days"}},
{"pk": 97, "model": "input.calendarbucket", "fields": {"startdate": "2011-12-03 00:00:00", "enddate": "2011-12-05 00:00:00", "value": "0", "calendar": "Working Days"}},
{"pk": 98, "model": "input.calendarbucket", "fields": {"startdate": "2011-12-05 00:00:00", "enddate": "2011-12-10 00:00:00", "value": "1", "calendar": "Working Days"}},
{"pk": 99, "model": "input.calendarbucket", "fields": {"startdate": "2011-12-10 00:00:00", "enddate": "2011-12-12 00:00:00", "value": "0", "calendar": "Working Days"}},
{"pk": 100, "model": "input.calendarbucket", "fields": {"startdate": "2011-12-12 00:00:00", "enddate": "2011-12-17 00:00:00", "value": "1", "calendar": "Working Days"}},
{"pk": 101, "model": "input.calendarbucket", "fields": {"startdate": "2011-12-17 00:00:00", "enddate": "2011-12-19 00:00:00", "value": "0", "calendar": "Working Days"}},
{"pk": 102, "model": "input.calendarbucket", "fields": {"startdate": "2011-12-19 00:00:00", "enddate": "2011-12-24 00:00:00", "value": "1", "calendar": "Working Days"}},
{"pk": 103, "model": "input.calendarbucket", "fields": {"startdate": "2011-12-24 00:00:00", "enddate": "2011-12-26 00:00:00", "value": "0", "calendar": "Working Days"}},
{"pk": 104, "model": "input.calendarbucket", "fields": {"startdate": "2011-12-26 00:00:00", "enddate": "2011-12-31 00:00:00", "value": "1", "calendar": "Working Days"}},
{"pk": 105, "model": "input.calendarbucket", "fields": {"startdate": "2011-12-31 00:00:00", "enddate": "2012-01-02 00:00:00", "value": "0", "calendar": "Working Days"}},
{"pk": 106, "model": "input.calendarbucket", "fields": {"startdate": "2012-01-02 00:00:00", "enddate": "2012-01-07 00:00:00", "value": "1", "calendar": "Working Days"}},
{"pk": 107, "model": "input.calendarbucket", "fields": {"startdate": "2012-01-07 00:00:00", "enddate": "2012-01-09 00:00:00", "value": "0", "calendar": "Working Days"}},
{"pk": 108, "model": "input.calendarbucket", "fields": {"startdate": "2012-01-09 00:00:00", "enddate": "2012-01-14 00:00:00", "value": "1", "calendar": "Working Days"}},
{"pk": 109, "model": "input.calendarbucket", "fields": {"startdate": "2012-01-14 00:00:00", "enddate": "2012-01-16 00:00:00", "value": "0", "calendar": "Working Days"}},
{"pk": 110, "model": "input.calendarbucket", "fields": {"startdate": "2012-01-16 00:00:00", "enddate": "2012-01-21 00:00:00", "value": "1", "calendar": "Working Days"}},
{"pk": 111, "model": "input.calendarbucket", "fields": {"startdate": "2012-01-21 00:00:00", "enddate": "2012-01-23 00:00:00", "value": "0", "calendar": "Working Days"}},
{"pk": 112, "model": "input.calendarbucket", "fields": {"startdate": "2012-01-23 00:00:00", "enddate": "2012-01-28 00:00:00", "value": "1", "calendar": "Working Days"}},
{"pk": 113, "model": "input.calendarbucket", "fields": {"startdate": "2012-01-28 00:00:00", "enddate": "2012-01-30 00:00:00", "value": "0", "calendar": "Working Days"}},
{"pk": 114, "model": "input.calendarbucket", "fields": {"startdate": "2012-01-30 00:00:00", "enddate": "2012-02-04 00:00:00", "value": "1", "calendar": "Working Days"}},
{"pk": 115, "model": "input.calendarbucket", "fields": {"startdate": "2012-02-04 00:00:00", "enddate": "2012-02-06 00:00:00", "value": "0", "calendar": "Working Days"}},
{"pk": 116, "model": "input.calendarbucket", "fields": {"startdate": "2012-02-06 00:00:00", "enddate": "2012-02-11 00:00:00", "value": "1", "calendar": "Working Days"}},
{"pk": 117, "model": "input.calendarbucket", "fields": {"startdate": "2012-02-11 00:00:00", "enddate": "2012-02-13 00:00:00", "value": "0", "calendar": "Working Days"}},
{"pk": 118, "model": "input.calendarbucket", "fields": {"startdate": "2012-02-13 00:00:00", "enddate": "2012-02-18 00:00:00", "value": "1", "calendar": "Working Days"}},
{"pk": 119, "model": "input.calendarbucket", "fields": {"startdate": "2012-02-18 00:00:00", "enddate": "2012-02-20 00:00:00", "value": "0", "calendar": "Working Days"}},
{"pk": 120, "model": "input.calendarbucket", "fields": {"startdate": "2012-02-20 00:00:00", "enddate": "2012-02-25 00:00:00", "value": "1", "calendar": "Working Days"}},
{"pk": 121, "model": "input.calendarbucket", "fields": {"startdate": "2012-02-25 00:00:00", "enddate": "2012-02-27 00:00:00", "value": "0", "calendar": "Working Days"}},
{"pk": 122, "model": "input.calendarbucket", "fields": {"startdate": "2012-02-27 00:00:00", "enddate": "2012-03-03 00:00:00", "value": "1", "calendar": "Working Days"}},
{"pk": 123, "model": "input.calendarbucket", "fields": {"startdate": "2012-03-03 00:00:00", "enddate": "2012-03-05 00:00:00", "value": "0", "calendar": "Working Days"}},
{"pk": 124, "model": "input.calendarbucket", "fields": {"startdate": "2012-03-05 00:00:00", "enddate": "2012-03-10 00:00:00", "value": "1", "calendar": "Working Days"}},
{"pk": 125, "model": "input.calendarbucket", "fields": {"startdate": "2012-03-10 00:00:00", "enddate": "2012-03-12 00:00:00", "value": "0", "calendar": "Working Days"}},
{"pk": 126, "model": "input.calendarbucket", "fields": {"startdate": "2012-03-12 00:00:00", "enddate": "2012-03-17 00:00:00", "value": "1", "calendar": "Working Days"}},
{"pk": 127, "model": "input.calendarbucket", "fields": {"startdate": "2012-03-17 00:00:00", "enddate": "2012-03-19 00:00:00", "value": "0", "calendar": "Working Days"}},
{"pk": 128, "model": "input.calendarbucket", "fields": {"startdate": "2012-03-19 00:00:00", "enddate": "2012-03-24 00:00:00", "value": "1", "calendar": "Working Days"}},
{"pk": 129, "model": "input.calendarbucket", "fields": {"startdate": "2012-03-24 00:00:00", "enddate": "2012-03-26 00:00:00", "value": "0", "calendar": "Working Days"}},
{"pk": 130, "model": "input.calendarbucket", "fields": {"startdate": "2012-03-26 00:00:00", "enddate": "2012-03-31 00:00:00", "value": "1", "calendar": "Working Days"}},
{"pk": 131, "model": "input.calendarbucket", "fields": {"startdate": "2012-03-31 00:00:00", "enddate": "2012-04-02 00:00:00", "value": "0", "calendar": "Working Days"}},
{"pk": 132, "model": "input.calendarbucket", "fields": {"startdate": "2012-04-02 00:00:00", "enddate": "2012-04-07 00:00:00", "value": "1", "calendar": "Working Days"}},
{"pk": 133, "model": "input.calendarbucket", "fields": {"startdate": "2012-04-07 00:00:00", "enddate": "2012-04-09 00:00:00", "value": "0", "calendar": "Working Days"}},
{"pk": 134, "model": "input.calendarbucket", "fields": {"startdate": "2012-04-09 00:00:00", "enddate": "2012-04-14 00:00:00", "value": "1", "calendar": "Working Days"}},
{"pk": 135, "model": "input.calendarbucket", "fields": {"startdate": "2012-04-14 00:00:00", "enddate": "2012-04-16 00:00:00", "value": "0", "calendar": "Working Days"}},
{"pk": 136, "model": "input.calendarbucket", "fields": {"startdate": "2012-04-16 00:00:00", "enddate": "2012-04-21 00:00:00", "value": "1", "calendar": "Working Days"}},
{"pk": 137, "model": "input.calendarbucket", "fields": {"startdate": "2012-04-21 00:00:00", "enddate": "2012-04-23 00:00:00", "value": "0", "calendar": "Working Days"}},
{"pk": 138, "model": "input.calendarbucket", "fields": {"startdate": "2012-04-23 00:00:00", "enddate": "2012-04-28 00:00:00", "value": "1", "calendar": "Working Days"}},
{"pk": 139, "model": "input.calendarbucket", "fields": {"startdate": "2012-04-28 00:00:00", "enddate": "2012-04-30 00:00:00", "value": "0", "calendar": "Working Days"}},
{"pk": 140, "model": "input.calendarbucket", "fields": {"startdate": "2012-04-30 00:00:00", "enddate": "2012-05-05 00:00:00", "value": "1", "calendar": "Working Days"}},
{"pk": 141, "model": "input.calendarbucket", "fields": {"startdate": "2012-05-05 00:00:00", "enddate": "2012-05-07 00:00:00", "value": "0", "calendar": "Working Days"}},
{"pk": 142, "model": "input.calendarbucket", "fields": {"startdate": "2012-05-07 00:00:00", "enddate": "2012-05-12 00:00:00", "value": "1", "calendar": "Working Days"}},
{"pk": 143, "model": "input.calendarbucket", "fields": {"startdate": "2012-05-12 00:00:00", "enddate": "2012-05-14 00:00:00", "value": "0", "calendar": "Working Days"}},
{"pk": 144, "model": "input.calendarbucket", "fields": {"startdate": "2012-05-14 00:00:00", "enddate": "2012-05-19 00:00:00", "value": "1", "calendar": "Working Days"}},
{"pk": 145, "model": "input.calendarbucket", "fields": {"startdate": "2012-05-19 00:00:00", "enddate": "2012-05-21 00:00:00", "value": "0", "calendar": "Working Days"}},
{"pk": 146, "model": "input.calendarbucket", "fields": {"startdate": "2012-05-21 00:00:00", "enddate": "2012-05-26 00:00:00", "value": "1", "calendar": "Working Days"}},
{"pk": 147, "model": "input.calendarbucket", "fields": {"startdate": "2012-05-26 00:00:00", "enddate": "2012-05-28 00:00:00", "value": "0", "calendar": "Working Days"}},
{"pk": 148, "model": "input.calendarbucket", "fields": {"startdate": "2012-05-28 00:00:00", "enddate": "2012-06-02 00:00:00", "value": "1", "calendar": "Working Days"}},
{"pk": 149, "model": "input.calendarbucket", "fields": {"startdate": "2012-06-02 00:00:00", "enddate": "2012-06-04 00:00:00", "value": "0", "calendar": "Working Days"}},
{"pk": 150, "model": "input.calendarbucket", "fields": {"startdate": "2012-06-04 00:00:00", "enddate": "2012-06-09 00:00:00", "value": "1", "calendar": "Working Days"}},
{"pk": 151, "model": "input.calendarbucket", "fields": {"startdate": "2012-06-09 00:00:00", "enddate": "2012-06-11 00:00:00", "value": "0", "calendar": "Working Days"}},
{"pk": 152, "model": "input.calendarbucket", "fields": {"startdate": "2012-06-11 00:00:00", "enddate": "2012-06-16 00:00:00", "value": "1", "calendar": "Working Days"}},
{"pk": 153, "model": "input.calendarbucket", "fields": {"startdate": "2012-06-16 00:00:00", "enddate": "2012-06-18 00:00:00", "value": "0", "calendar": "Working Days"}},
{"pk": 154, "model": "input.calendarbucket", "fields": {"startdate": "2012-06-18 00:00:00", "enddate": "2012-06-23 00:00:00", "value": "1", "calendar": "Working Days"}},
{"pk": 155, "model": "input.calendarbucket", "fields": {"startdate": "2012-06-23 00:00:00", "enddate": "2012-06-25 00:00:00", "value": "0", "calendar": "Working Days"}},
{"pk": 156, "model": "input.calendarbucket", "fields": {"startdate": "2012-06-25 00:00:00", "enddate": "2012-06-30 00:00:00", "value": "1", "calendar": "Working Days"}},
{"pk": 157, "model": "input.calendarbucket", "fields": {"startdate": "2012-06-30 00:00:00", "enddate": "2012-07-02 00:00:00", "value": "0", "calendar": "Working Days"}},
{"pk": 158, "model": "input.calendarbucket", "fields": {"startdate": "2012-07-02 00:00:00", "enddate": "2012-07-07 00:00:00", "value": "1", "calendar": "Working Days"}},
{"pk": 159, "model": "input.calendarbucket", "fields": {"startdate": "2012-07-07 00:00:00", "enddate": "2012-07-09 00:00:00", "value": "0", "calendar": "Working Days"}},
{"pk": 160, "model": "input.calendarbucket", "fields": {"startdate": "2012-07-09 00:00:00", "enddate": "2012-07-14 00:00:00", "value": "1", "calendar": "Working Days"}},
{"pk": 161, "model": "input.calendarbucket", "fields": {"startdate": "2012-07-14 00:00:00", "enddate": "2012-07-16 00:00:00", "value": "0", "calendar": "Working Days"}},
{"pk": 162, "model": "input.calendarbucket", "fields": {"startdate": "2012-07-16 00:00:00", "enddate": "2012-07-21 00:00:00", "value": "1", "calendar": "Working Days"}},
{"pk": 163, "model": "input.calendarbucket", "fields": {"startdate": "2012-07-21 00:00:00", "enddate": "2012-07-23 00:00:00", "value": "0", "calendar": "Working Days"}},
{"pk": 164, "model": "input.calendarbucket", "fields": {"startdate": "2012-07-23 00:00:00", "enddate": "2012-07-28 00:00:00", "value": "1", "calendar": "Working Days"}},
{"pk": 165, "model": "input.calendarbucket", "fields": {"startdate": "2012-07-28 00:00:00", "enddate": "2012-07-30 00:00:00", "value": "0", "calendar": "Working Days"}},
{"pk": 166, "model": "input.calendarbucket", "fields": {"startdate": "2012-07-30 00:00:00", "enddate": "2012-08-04 00:00:00", "value": "1", "calendar": "Working Days"}},
{"pk": 167, "model": "input.calendarbucket", "fields": {"startdate": "2012-08-04 00:00:00", "enddate": "2012-08-06 00:00:00", "value": "0", "calendar": "Working Days"}},
{"pk": 168, "model": "input.calendarbucket", "fields": {"startdate": "2012-08-06 00:00:00", "enddate": "2012-08-11 00:00:00", "value": "1", "calendar": "Working Days"}},
{"pk": 169, "model": "input.calendarbucket", "fields": {"startdate": "2012-08-11 00:00:00", "enddate": "2012-08-13 00:00:00", "value": "0", "calendar": "Working Days"}},
{"pk": 170, "model": "input.calendarbucket", "fields": {"startdate": "2012-08-13 00:00:00", "enddate": "2012-08-18 00:00:00", "value": "1", "calendar": "Working Days"}},
{"pk": 171, "model": "input.calendarbucket", "fields": {"startdate": "2012-08-18 00:00:00", "enddate": "2012-08-20 00:00:00", "value": "0", "calendar": "Working Days"}},
{"pk": 172, "model": "input.calendarbucket", "fields": {"startdate": "2012-08-20 00:00:00", "enddate": "2012-08-25 00:00:00", "value": "1", "calendar": "Working Days"}},
{"pk": 173, "model": "input.calendarbucket", "fields": {"startdate": "2012-08-25 00:00:00", "enddate": "2012-08-27 00:00:00", "value": "0", "calendar": "Working Days"}},
{"pk": 174, "model": "input.calendarbucket", "fields": {"startdate": "2012-08-27 00:00:00", "enddate": "2012-09-01 00:00:00", "value": "1", "calendar": "Working Days"}},
{"pk": 175, "model": "input.calendarbucket", "fields": {"startdate": "2012-09-01 00:00:00", "enddate": "2012-09-03 00:00:00", "value": "0", "calendar": "Working Days"}},
{"pk": 176, "model": "input.calendarbucket", "fields": {"startdate": "2012-09-03 00:00:00", "enddate": "2012-09-08 00:00:00", "value": "1", "calendar": "Working Days"}},
{"pk": 177, "model": "input.calendarbucket", "fields": {"startdate": "2012-09-08 00:00:00", "enddate": "2012-09-10 00:00:00", "value": "0", "calendar": "Working Days"}},
{"pk": 178, "model": "input.calendarbucket", "fields": {"startdate": "2012-09-10 00:00:00", "enddate": "2012-09-15 00:00:00", "value": "1", "calendar": "Working Days"}},
{"pk": 179, "model": "input.calendarbucket", "fields": {"startdate": "2012-09-15 00:00:00", "enddate": "2012-09-17 00:00:00", "value": "0", "calendar": "Working Days"}},
{"pk": 180, "model": "input.calendarbucket", "fields": {"startdate": "2012-09-17 00:00:00", "enddate": "2012-09-22 00:00:00", "value": "1", "calendar": "Working Days"}},
{"pk": 181, "model": "input.calendarbucket", "fields": {"startdate": "2012-09-22 00:00:00", "enddate": "2012-09-24 00:00:00", "value": "0", "calendar": "Working Days"}},
{"pk": 182, "model": "input.calendarbucket", "fields": {"startdate": "2012-09-24 00:00:00", "enddate": "2012-09-29 00:00:00", "value": "1", "calendar": "Working Days"}},
{"pk": 183, "model": "input.calendarbucket", "fields": {"startdate": "2012-09-29 00:00:00", "enddate": "2012-10-01 00:00:00", "value": "0", "calendar": "Working Days"}},
{"pk": 184, "model": "input.calendarbucket", "fields": {"startdate": "2012-10-01 00:00:00", "enddate": "2012-10-06 00:00:00", "value": "1", "calendar": "Working Days"}},
{"pk": 185, "model": "input.calendarbucket", "fields": {"startdate": "2012-10-06 00:00:00", "enddate": "2012-10-08 00:00:00", "value": "0", "calendar": "Working Days"}},
{"pk": 186, "model": "input.calendarbucket", "fields": {"startdate": "2012-10-08 00:00:00", "enddate": "2012-10-13 00:00:00", "value": "1", "calendar": "Working Days"}},
{"pk": 187, "model": "input.calendarbucket", "fields": {"startdate": "2012-10-13 00:00:00", "enddate": "2012-10-15 00:00:00", "value": "0", "calendar": "Working Days"}},
{"pk": 188, "model": "input.calendarbucket", "fields": {"startdate": "2012-10-15 00:00:00", "enddate": "2012-10-20 00:00:00", "value": "1", "calendar": "Working Days"}},
{"pk": 189, "model": "input.calendarbucket", "fields": {"startdate": "2012-10-20 00:00:00", "enddate": "2012-10-22 00:00:00", "value": "0", "calendar": "Working Days"}},
{"pk": 190, "model": "input.calendarbucket", "fields": {"startdate": "2012-10-22 00:00:00", "enddate": "2012-10-27 00:00:00", "value": "1", "calendar": "Working Days"}},
{"pk": 191, "model": "input.calendarbucket", "fields": {"startdate": "2012-10-27 00:00:00", "enddate": "2012-10-29 00:00:00", "value": "0", "calendar": "Working Days"}},
{"pk": 192, "model": "input.calendarbucket", "fields": {"startdate": "2012-10-29 00:00:00", "enddate": "2012-11-03 00:00:00", "value": "1", "calendar": "Working Days"}},
{"pk": 193, "model": "input.calendarbucket", "fields": {"startdate": "2012-11-03 00:00:00", "enddate": "2012-11-05 00:00:00", "value": "0", "calendar": "Working Days"}},
{"pk": 194, "model": "input.calendarbucket", "fields": {"startdate": "2012-11-05 00:00:00", "enddate": "2012-11-10 00:00:00", "value": "1", "calendar": "Working Days"}},
{"pk": 195, "model": "input.calendarbucket", "fields": {"startdate": "2012-11-10 00:00:00", "enddate": "2012-11-12 00:00:00", "value": "0", "calendar": "Working Days"}},
{"pk": 196, "model": "input.calendarbucket", "fields": {"startdate": "2012-11-12 00:00:00", "enddate": "2012-11-17 00:00:00", "value": "1", "calendar": "Working Days"}},
{"pk": 197, "model": "input.calendarbucket", "fields": {"startdate": "2012-11-17 00:00:00", "enddate": "2012-11-19 00:00:00", "value": "0", "calendar": "Working Days"}},
{"pk": 198, "model": "input.calendarbucket", "fields": {"startdate": "2012-11-19 00:00:00", "enddate": "2012-11-24 00:00:00", "value": "1", "calendar": "Working Days"}},
{"pk": 199, "model": "input.calendarbucket", "fields": {"startdate": "2012-11-24 00:00:00", "enddate": "2012-11-26 00:00:00", "value": "0", "calendar": "Working Days"}},
{"pk": 200, "model": "input.calendarbucket", "fields": {"startdate": "2012-11-26 00:00:00", "enddate": "2012-12-01 00:00:00", "value": "1", "calendar": "Working Days"}},
{"pk": 201, "model": "input.calendarbucket", "fields": {"startdate": "2012-12-01 00:00:00", "enddate": "2012-12-03 00:00:00", "value": "0", "calendar": "Working Days"}},
{"pk": 202, "model": "input.calendarbucket", "fields": {"startdate": "2012-12-03 00:00:00", "enddate": "2012-12-08 00:00:00", "value": "1", "calendar": "Working Days"}},
{"pk": 203, "model": "input.calendarbucket", "fields": {"startdate": "2012-12-08 00:00:00", "enddate": "2012-12-10 00:00:00", "value": "0", "calendar": "Working Days"}},
{"pk": 204, "model": "input.calendarbucket", "fields": {"startdate": "2012-12-10 00:00:00", "enddate": "2012-12-15 00:00:00", "value": "1", "calendar": "Working Days"}},
{"pk": 205, "model": "input.calendarbucket", "fields": {"startdate": "2012-12-15 00:00:00", "enddate": "2012-12-17 00:00:00", "value": "0", "calendar": "Working Days"}},
{"pk": 206, "model": "input.calendarbucket", "fields": {"startdate": "2012-12-17 00:00:00", "enddate": "2012-12-22 00:00:00", "value": "1", "calendar": "Working Days"}},
{"pk": 207, "model": "input.calendarbucket", "fields": {"startdate": "2012-12-22 00:00:00", "enddate": "2012-12-24 00:00:00", "value": "0", "calendar": "Working Days"}},
{"pk": 208, "model": "input.calendarbucket", "fields": {"startdate": "2012-12-24 00:00:00", "enddate": "2012-12-29 00:00:00", "value": "1", "calendar": "Working Days"}},
{"pk": 209, "model": "input.calendarbucket", "fields": {"startdate": "2012-12-29 00:00:00", "enddate": "2012-12-31 00:00:00", "value": "0", "calendar": "Working Days"}},
{"pk": 210, "model": "input.calendarbucket", "fields": {"startdate": "2012-12-31 00:00:00", "enddate": "2013-01-05 00:00:00", "value": "1", "calendar": "Working Days"}},
{"pk": 211, "model": "input.calendarbucket", "fields": {"startdate": "2013-01-05 00:00:00", "enddate": "2013-01-07 00:00:00", "value": "0", "calendar": "Working Days"}},
{"pk": 212, "model": "input.calendarbucket", "fields": {"startdate": "2013-01-07 00:00:00", "enddate": "2013-01-12 00:00:00", "value": "1", "calendar": "Working Days"}},
{"pk": 213, "model": "input.calendarbucket", "fields": {"startdate": "2013-01-12 00:00:00", "enddate": "2013-01-14 00:00:00", "value": "0", "calendar": "Working Days"}},
{"pk": 214, "model": "input.calendarbucket", "fields": {"startdate": "2013-01-14 00:00:00", "enddate": "2013-01-19 00:00:00", "value": "1", "calendar": "Working Days"}},
{"pk": 215, "model": "input.calendarbucket", "fields": {"startdate": "2013-01-19 00:00:00", "enddate": "2013-01-21 00:00:00", "value": "0", "calendar": "Working Days"}},
{"pk": 216, "model": "input.calendarbucket", "fields": {"startdate": "2013-01-21 00:00:00", "enddate": "2013-01-26 00:00:00", "value": "1", "calendar": "Working Days"}},
{"pk": 217, "model": "input.calendarbucket", "fields": {"startdate": "2013-01-26 00:00:00", "enddate": "2013-01-28 00:00:00", "value": "0", "calendar": "Working Days"}},
{"pk": 218, "model": "input.calendarbucket", "fields": {"startdate": "2013-01-28 00:00:00", "enddate": "2013-02-02 00:00:00", "value": "1", "calendar": "Working Days"}},
{"pk": 219, "model": "input.calendarbucket", "fields": {"startdate": "2013-02-02 00:00:00", "enddate": "2013-02-04 00:00:00", "value": "0", "calendar": "Working Days"}},
{"pk": 220, "model": "input.calendarbucket", "fields": {"startdate": "2013-02-04 00:00:00", "enddate": "2013-02-09 00:00:00", "value": "1", "calendar": "Working Days"}},
{"pk": 221, "model": "input.calendarbucket", "fields": {"startdate": "2013-02-09 00:00:00", "enddate": "2013-02-11 00:00:00", "value": "0", "calendar": "Working Days"}},
{"pk": 222, "model": "input.calendarbucket", "fields": {"startdate": "2013-02-11 00:00:00", "enddate": "2013-02-16 00:00:00", "value": "1", "calendar": "Working Days"}},
{"pk": 223, "model": "input.calendarbucket", "fields": {"startdate": "2013-02-16 00:00:00", "enddate": "2013-02-18 00:00:00", "value": "0", "calendar": "Working Days"}},
{"pk": 224, "model": "input.calendarbucket", "fields": {"startdate": "2013-02-18 00:00:00", "enddate": "2013-02-23 00:00:00", "value": "1", "calendar": "Working Days"}},
{"pk": 225, "model": "input.calendarbucket", "fields": {"startdate": "2013-02-23 00:00:00", "enddate": "2013-02-25 00:00:00", "value": "0", "calendar": "Working Days"}},
{"pk": 226, "model": "input.calendarbucket", "fields": {"startdate": "2013-02-25 00:00:00", "enddate": "2013-03-02 00:00:00", "value": "1", "calendar": "Working Days"}},
{"pk": 227, "model": "input.calendarbucket", "fields": {"startdate": "2013-03-02 00:00:00", "enddate": "2013-03-04 00:00:00", "value": "0", "calendar": "Working Days"}},
{"pk": 228, "model": "input.calendarbucket", "fields": {"startdate": "2013-03-04 00:00:00", "enddate": "2013-03-09 00:00:00", "value": "1", "calendar": "Working Days"}},
{"pk": 229, "model": "input.calendarbucket", "fields": {"startdate": "2013-03-09 00:00:00", "enddate": "2013-03-11 00:00:00", "value": "0", "calendar": "Working Days"}},
{"pk": 230, "model": "input.calendarbucket", "fields": {"startdate": "2013-03-11 00:00:00", "enddate": "2013-03-16 00:00:00", "value": "1", "calendar": "Working Days"}},
{"pk": 231, "model": "input.calendarbucket", "fields": {"startdate": "2013-03-16 00:00:00", "enddate": "2013-03-18 00:00:00", "value": "0", "calendar": "Working Days"}},
{"pk": 232, "model": "input.calendarbucket", "fields": {"startdate": "2013-03-18 00:00:00", "enddate": "2013-03-23 00:00:00", "value": "1", "calendar": "Working Days"}},
{"pk": 233, "model": "input.calendarbucket", "fields": {"startdate": "2013-03-23 00:00:00", "enddate": "2013-03-25 00:00:00", "value": "0", "calendar": "Working Days"}},
{"pk": 234, "model": "input.calendarbucket", "fields": {"startdate": "2013-03-25 00:00:00", "enddate": "2013-03-30 00:00:00", "value": "1", "calendar": "Working Days"}},
{"pk": 235, "model": "input.calendarbucket", "fields": {"startdate": "2013-03-30 00:00:00", "enddate": "2013-04-01 00:00:00", "value": "0", "calendar": "Working Days"}},
{"pk": 236, "model": "input.calendarbucket", "fields": {"startdate": "2013-04-01 00:00:00", "enddate": "2013-04-06 00:00:00", "value": "1", "calendar": "Working Days"}},
{"pk": 237, "model": "input.calendarbucket", "fields": {"startdate": "2013-04-06 00:00:00", "enddate": "2013-04-08 00:00:00", "value": "0", "calendar": "Working Days"}},
{"pk": 238, "model": "input.calendarbucket", "fields": {"startdate": "2013-04-08 00:00:00", "enddate": "2013-04-13 00:00:00", "value": "1", "calendar": "Working Days"}},
{"pk": 239, "model": "input.calendarbucket", "fields": {"startdate": "2013-04-13 00:00:00", "enddate": "2013-04-15 00:00:00", "value": "0", "calendar": "Working Days"}},
{"pk": 240, "model": "input.calendarbucket", "fields": {"startdate": "2013-04-15 00:00:00", "enddate": "2013-04-20 00:00:00", "value": "1", "calendar": "Working Days"}},
{"pk": 241, "model": "input.calendarbucket", "fields": {"startdate": "2013-04-20 00:00:00", "enddate": "2013-04-22 00:00:00", "value": "0", "calendar": "Working Days"}},
{"pk": 242, "model": "input.calendarbucket", "fields": {"startdate": "2013-04-22 00:00:00", "enddate": "2013-04-27 00:00:00", "value": "1", "calendar": "Working Days"}},
{"pk": 243, "model": "input.calendarbucket", "fields": {"startdate": "2013-04-27 00:00:00", "enddate": "2013-04-29 00:00:00", "value": "0", "calendar": "Working Days"}},
{"pk": 244, "model": "input.calendarbucket", "fields": {"startdate": "2013-04-29 00:00:00", "enddate": "2013-05-04 00:00:00", "value": "1", "calendar": "Working Days"}},
{"pk": 245, "model": "input.calendarbucket", "fields": {"startdate": "2013-05-04 00:00:00", "enddate": "2013-05-06 00:00:00", "value": "0", "calendar": "Working Days"}},
{"pk": 246, "model": "input.calendarbucket", "fields": {"startdate": "2013-05-06 00:00:00", "enddate": "2013-05-11 00:00:00", "value": "1", "calendar": "Working Days"}},
{"pk": 247, "model": "input.calendarbucket", "fields": {"startdate": "2013-05-11 00:00:00", "enddate": "2013-05-13 00:00:00", "value": "0", "calendar": "Working Days"}},
{"pk": 248, "model": "input.calendarbucket", "fields": {"startdate": "2013-05-13 00:00:00", "enddate": "2013-05-18 00:00:00", "value": "1", "calendar": "Working Days"}},
{"pk": 249, "model": "input.calendarbucket", "fields": {"startdate": "2013-05-18 00:00:00", "enddate": "2013-05-20 00:00:00", "value": "0", "calendar": "Working Days"}},
{"pk": 250, "model": "input.calendarbucket", "fields": {"startdate": "2013-05-20 00:00:00", "enddate": "2013-05-25 00:00:00", "value": "1", "calendar": "Working Days"}},
{"pk": 251, "model": "input.calendarbucket", "fields": {"startdate": "2013-05-25 00:00:00", "enddate": "2013-05-27 00:00:00", "value": "0", "calendar": "Working Days"}},
{"pk": 252, "model": "input.calendarbucket", "fields": {"startdate": "2013-05-27 00:00:00", "enddate": "2013-06-01 00:00:00", "value": "1", "calendar": "Working Days"}},
{"pk": 253, "model": "input.calendarbucket", "fields": {"startdate": "2013-06-01 00:00:00", "enddate": "2013-06-03 00:00:00", "value": "0", "calendar": "Working Days"}},
{"pk": 254, "model": "input.calendarbucket", "fields": {"startdate": "2013-06-03 00:00:00", "enddate": "2013-06-08 00:00:00", "value": "1", "calendar": "Working Days"}},
{"pk": 255, "model": "input.calendarbucket", "fields": {"startdate": "2013-06-08 00:00:00", "enddate": "2013-06-10 00:00:00", "value": "0", "calendar": "Working Days"}},
{"pk": 256, "model": "input.calendarbucket", "fields": {"startdate": "2013-06-10 00:00:00", "enddate": "2013-06-15 00:00:00", "value": "1", "calendar": "Working Days"}},
{"pk": 257, "model": "input.calendarbucket", "fields": {"startdate": "2013-06-15 00:00:00", "enddate": "2013-06-17 00:00:00", "value": "0", "calendar": "Working Days"}},
{"pk": 258, "model": "input.calendarbucket", "fields": {"startdate": "2013-06-17 00:00:00", "enddate": "2013-06-22 00:00:00", "value": "1", "calendar": "Working Days"}},
{"pk": 259, "model": "input.calendarbucket", "fields": {"startdate": "2013-06-22 00:00:00", "enddate": "2013-06-24 00:00:00", "value": "0", "calendar": "Working Days"}},
{"pk": 260, "model": "input.calendarbucket", "fields": {"startdate": "2013-06-24 00:00:00", "enddate": "2013-06-29 00:00:00", "value": "1", "calendar": "Working Days"}},
{"pk": 261, "model": "input.calendarbucket", "fields": {"startdate": "2013-06-29 00:00:00", "enddate": "2013-07-01 00:00:00", "value": "0", "calendar": "Working Days"}},
{"pk": 262, "model": "input.calendarbucket", "fields": {"startdate": "2013-07-01 00:00:00", "enddate": "2013-07-06 00:00:00", "value": "1", "calendar": "Working Days"}},
{"pk": 263, "model": "input.calendarbucket", "fields": {"startdate": "2013-07-06 00:00:00", "enddate": "2013-07-08 00:00:00", "value": "0", "calendar": "Working Days"}},
{"pk": 264, "model": "input.calendarbucket", "fields": {"startdate": "2013-07-08 00:00:00", "enddate": "2013-07-13 00:00:00", "value": "1", "calendar": "Working Days"}},
{"pk": 265, "model": "input.calendarbucket", "fields": {"startdate": "2013-07-13 00:00:00", "enddate": "2013-07-15 00:00:00", "value": "0", "calendar": "Working Days"}},
{"pk": 266, "model": "input.calendarbucket", "fields": {"startdate": "2013-07-15 00:00:00", "enddate": "2013-07-20 00:00:00", "value": "1", "calendar": "Working Days"}},
{"pk": 267, "model": "input.calendarbucket", "fields": {"startdate": "2013-07-20 00:00:00", "enddate": "2013-07-22 00:00:00", "value": "0", "calendar": "Working Days"}},
{"pk": 268, "model": "input.calendarbucket", "fields": {"startdate": "2013-07-22 00:00:00", "enddate": "2013-07-27 00:00:00", "value": "1", "calendar": "Working Days"}},
{"pk": 269, "model": "input.calendarbucket", "fields": {"startdate": "2013-07-27 00:00:00", "enddate": "2013-07-29 00:00:00", "value": "0", "calendar": "Working Days"}},
{"pk": 270, "model": "input.calendarbucket", "fields": {"startdate": "2013-07-29 00:00:00", "enddate": "2013-08-03 00:00:00", "value": "1", "calendar": "Working Days"}},
{"pk": 271, "model": "input.calendarbucket", "fields": {"startdate": "2013-08-03 00:00:00", "enddate": "2013-08-05 00:00:00", "value": "0", "calendar": "Working Days"}},
{"pk": 272, "model": "input.calendarbucket", "fields": {"startdate": "2013-08-05 00:00:00", "enddate": "2013-08-10 00:00:00", "value": "1", "calendar": "Working Days"}},
{"pk": 273, "model": "input.calendarbucket", "fields": {"startdate": "2013-08-10 00:00:00", "enddate": "2013-08-12 00:00:00", "value": "0", "calendar": "Working Days"}},
{"pk": 274, "model": "input.calendarbucket", "fields": {"startdate": "2013-08-12 00:00:00", "enddate": "2013-08-17 00:00:00", "value": "1", "calendar": "Working Days"}},
{"pk": 275, "model": "input.calendarbucket", "fields": {"startdate": "2013-08-17 00:00:00", "enddate": "2013-08-19 00:00:00", "value": "0", "calendar": "Working Days"}},
{"pk": 276, "model": "input.calendarbucket", "fields": {"startdate": "2013-08-19 00:00:00", "enddate": "2013-08-24 00:00:00", "value": "1", "calendar": "Working Days"}},
{"pk": 277, "model": "input.calendarbucket", "fields": {"startdate": "2013-08-24 00:00:00", "enddate": "2013-08-26 00:00:00", "value": "0", "calendar": "Working Days"}},
{"pk": 278, "model": "input.calendarbucket", "fields": {"startdate": "2013-08-26 00:00:00", "enddate": "2013-08-31 00:00:00", "value": "1", "calendar": "Working Days"}},
{"pk": 279, "model": "input.calendarbucket", "fields": {"startdate": "2013-08-31 00:00:00", "enddate": "2013-09-02 00:00:00", "value": "0", "calendar": "Working Days"}},
{"pk": 280, "model": "input.calendarbucket", "fields": {"startdate": "2013-09-02 00:00:00", "enddate": "2013-09-07 00:00:00", "value": "1", "calendar": "Working Days"}},
{"pk": 281, "model": "input.calendarbucket", "fields": {"startdate": "2013-09-07 00:00:00", "enddate": "2013-09-09 00:00:00", "value": "0", "calendar": "Working Days"}},
{"pk": 282, "model": "input.calendarbucket", "fields": {"startdate": "2013-09-09 00:00:00", "enddate": "2013-09-14 00:00:00", "value": "1", "calendar": "Working Days"}},
{"pk": 283, "model": "input.calendarbucket", "fields": {"startdate": "2013-09-14 00:00:00", "enddate": "2013-09-16 00:00:00", "value": "0", "calendar": "Working Days"}},
{"pk": 284, "model": "input.calendarbucket", "fields": {"startdate": "2013-09-16 00:00:00", "enddate": "2013-09-21 00:00:00", "value": "1", "calendar": "Working Days"}},
{"pk": 285, "model": "input.calendarbucket", "fields": {"startdate": "2013-09-21 00:00:00", "enddate": "2013-09-23 00:00:00", "value": "0", "calendar": "Working Days"}},
{"pk": 286, "model": "input.calendarbucket", "fields": {"startdate": "2013-09-23 00:00:00", "enddate": "2013-09-28 00:00:00", "value": "1", "calendar": "Working Days"}},
{"pk": 287, "model": "input.calendarbucket", "fields": {"startdate": "2013-09-28 00:00:00", "enddate": "2013-09-30 00:00:00", "value": "0", "calendar": "Working Days"}},
{"pk": 288, "model": "input.calendarbucket", "fields": {"startdate": "2013-09-30 00:00:00", "enddate": "2013-10-05 00:00:00", "value": "1", "calendar": "Working Days"}},
{"pk": 289, "model": "input.calendarbucket", "fields": {"startdate": "2013-10-05 00:00:00", "enddate": "2013-10-07 00:00:00", "value": "0", "calendar": "Working Days"}},
{"pk": 290, "model": "input.calendarbucket", "fields": {"startdate": "2013-10-07 00:00:00", "enddate": "2013-10-12 00:00:00", "value": "1", "calendar": "Working Days"}},
{"pk": 291, "model": "input.calendarbucket", "fields": {"startdate": "2013-10-12 00:00:00", "enddate": "2013-10-14 00:00:00", "value": "0", "calendar": "Working Days"}},
{"pk": 292, "model": "input.calendarbucket", "fields": {"startdate": "2013-10-14 00:00:00", "enddate": "2013-10-19 00:00:00", "value": "1", "calendar": "Working Days"}},
{"pk": 293, "model": "input.calendarbucket", "fields": {"startdate": "2013-10-19 00:00:00", "enddate": "2013-10-21 00:00:00", "value": "0", "calendar": "Working Days"}},
{"pk": 294, "model": "input.calendarbucket", "fields": {"startdate": "2013-10-21 00:00:00", "enddate": "2013-10-26 00:00:00", "value": "1", "calendar": "Working Days"}},
{"pk": 295, "model": "input.calendarbucket", "fields": {"startdate": "2013-10-26 00:00:00", "enddate": "2013-10-28 00:00:00", "value": "0", "calendar": "Working Days"}},
{"pk": 296, "model": "input.calendarbucket", "fields": {"startdate": "2013-10-28 00:00:00", "enddate": "2013-11-02 00:00:00", "value": "1", "calendar": "Working Days"}},
{"pk": 297, "model": "input.calendarbucket", "fields": {"startdate": "2013-11-02 00:00:00", "enddate": "2013-11-04 00:00:00", "value": "0", "calendar": "Working Days"}},
{"pk": 298, "model": "input.calendarbucket", "fields": {"startdate": "2013-11-04 00:00:00", "enddate": "2013-11-09 00:00:00", "value": "1", "calendar": "Working Days"}},
{"pk": 299, "model": "input.calendarbucket", "fields": {"startdate": "2013-11-09 00:00:00", "enddate": "2013-11-11 00:00:00", "value": "0", "calendar": "Working Days"}},
{"pk": 300, "model": "input.calendarbucket", "fields": {"startdate": "2013-11-11 00:00:00", "enddate": "2013-11-16 00:00:00", "value": "1", "calendar": "Working Days"}},
{"pk": 301, "model": "input.calendarbucket", "fields": {"startdate": "2013-11-16 00:00:00", "enddate": "2013-11-18 00:00:00", "value": "0", "calendar": "Working Days"}},
{"pk": 302, "model": "input.calendarbucket", "fields": {"startdate": "2013-11-18 00:00:00", "enddate": "2013-11-23 00:00:00", "value": "1", "calendar": "Working Days"}},
{"pk": 303, "model": "input.calendarbucket", "fields": {"startdate": "2013-11-23 00:00:00", "enddate": "2013-11-25 00:00:00", "value": "0", "calendar": "Working Days"}},
{"pk": 304, "model": "input.calendarbucket", "fields": {"startdate": "2013-11-25 00:00:00", "enddate": "2013-11-30 00:00:00", "value": "1", "calendar": "Working Days"}},
{"pk": 305, "model": "input.calendarbucket", "fields": {"startdate": "2013-11-30 00:00:00", "enddate": "2013-12-02 00:00:00", "value": "0", "calendar": "Working Days"}},
{"pk": 306, "model": "input.calendarbucket", "fields": {"startdate": "2013-12-02 00:00:00", "enddate": "2013-12-07 00:00:00", "value": "1", "calendar": "Working Days"}},
{"pk": 307, "model": "input.calendarbucket", "fields": {"startdate": "2013-12-07 00:00:00", "enddate": "2013-12-09 00:00:00", "value": "0", "calendar": "Working Days"}},
{"pk": 308, "model": "input.calendarbucket", "fields": {"startdate": "2013-12-09 00:00:00", "enddate": "2013-12-14 00:00:00", "value": "1", "calendar": "Working Days"}},
{"pk": 309, "model": "input.calendarbucket", "fields": {"startdate": "2013-12-14 00:00:00", "enddate": "2013-12-16 00:00:00", "value": "0", "calendar": "Working Days"}},
{"pk": 310, "model": "input.calendarbucket", "fields": {"startdate": "2013-12-16 00:00:00", "enddate": "2013-12-21 00:00:00", "value": "1", "calendar": "Working Days"}},
{"pk": 311, "model": "input.calendarbucket", "fields": {"startdate": "2013-12-21 00:00:00", "enddate": "2013-12-23 00:00:00", "value": "0", "calendar": "Working Days"}},
{"pk": 312, "model": "input.calendarbucket", "fields": {"startdate": "2013-12-23 00:00:00", "enddate": "2013-12-28 00:00:00", "value": "1", "calendar": "Working Days"}},
{"pk": 313, "model": "input.calendarbucket", "fields": {"startdate": "2013-12-28 00:00:00", "enddate": "2013-12-30 00:00:00", "value": "0", "calendar": "Working Days"}},
{"pk": 314, "model": "input.calendarbucket", "fields": {"startdate": "2013-12-30 00:00:00", "enddate": "2014-01-04 00:00:00", "value": "1", "calendar": "Working Days"}},
{"pk": 315, "model": "input.calendarbucket", "fields": {"startdate": "2014-01-04 00:00:00", "enddate": "2014-01-06 00:00:00", "value": "0", "calendar": "Working Days"}},
{"pk": 316, "model": "input.calendarbucket", "fields": {"startdate": "2014-01-06 00:00:00", "enddate": "2014-01-11 00:00:00", "value": "1", "calendar": "Working Days"}},
{"pk": 317, "model": "input.calendarbucket", "fields": {"startdate": "2014-01-11 00:00:00", "enddate": "2014-01-13 00:00:00", "value": "0", "calendar": "Working Days"}},
{"pk": 318, "model": "input.calendarbucket", "fields": {"startdate": "2014-01-13 00:00:00", "enddate": "2014-01-18 00:00:00", "value": "1", "calendar": "Working Days"}},
{"pk": 319, "model": "input.calendarbucket", "fields": {"startdate": "2014-01-18 00:00:00", "enddate": "2014-01-20 00:00:00", "value": "0", "calendar": "Working Days"}},
{"pk": 320, "model": "input.calendarbucket", "fields": {"startdate": "2014-01-20 00:00:00", "enddate": "2014-01-25 00:00:00", "value": "1", "calendar": "Working Days"}},
{"pk": 321, "model": "input.calendarbucket", "fields": {"startdate": "2014-01-25 00:00:00", "enddate": "2014-01-27 00:00:00", "value": "0", "calendar": "Working Days"}},
{"pk": 322, "model": "input.calendarbucket", "fields": {"startdate": "2014-01-27 00:00:00", "enddate": "2014-02-01 00:00:00", "value": "1", "calendar": "Working Days"}},
{"pk": 323, "model": "input.calendarbucket", "fields": {"startdate": "2014-02-01 00:00:00", "enddate": "2014-02-03 00:00:00", "value": "0", "calendar": "Working Days"}},
{"pk": 324, "model": "input.calendarbucket", "fields": {"startdate": "2014-02-03 00:00:00", "enddate": "2014-02-08 00:00:00", "value": "1", "calendar": "Working Days"}},
{"pk": 325, "model": "input.calendarbucket", "fields": {"startdate": "2014-02-08 00:00:00", "enddate": "2014-02-10 00:00:00", "value": "0", "calendar": "Working Days"}},
{"pk": 326, "model": "input.calendarbucket", "fields": {"startdate": "2014-02-10 00:00:00", "enddate": "2014-02-15 00:00:00", "value": "1", "calendar": "Working Days"}},
{"pk": 327, "model": "input.calendarbucket", "fields": {"startdate": "2014-02-15 00:00:00", "enddate": "2014-02-17 00:00:00", "value": "0", "calendar": "Working Days"}},
{"pk": 328, "model": "input.calendarbucket", "fields": {"startdate": "2014-02-17 00:00:00", "enddate": "2014-02-22 00:00:00", "value": "1", "calendar": "Working Days"}},
{"pk": 329, "model": "input.calendarbucket", "fields": {"startdate": "2014-02-22 00:00:00", "enddate": "2014-02-24 00:00:00", "value": "0", "calendar": "Working Days"}},
{"pk": 330, "model": "input.calendarbucket", "fields": {"startdate": "2014-02-24 00:00:00", "enddate": "2014-03-01 00:00:00", "value": "1", "calendar": "Working Days"}},
{"pk": 331, "model": "input.calendarbucket", "fields": {"startdate": "2014-03-01 00:00:00", "enddate": "2014-03-03 00:00:00", "value": "0", "calendar": "Working Days"}},
{"pk": 332, "model": "input.calendarbucket", "fields": {"startdate": "2014-03-03 00:00:00", "enddate": "2014-03-08 00:00:00", "value": "1", "calendar": "Working Days"}},
{"pk": 333, "model": "input.calendarbucket", "fields": {"startdate": "2014-03-08 00:00:00", "enddate": "2014-03-10 00:00:00", "value": "0", "calendar": "Working Days"}},
{"pk": 334, "model": "input.calendarbucket", "fields": {"startdate": "2014-03-10 00:00:00", "enddate": "2014-03-15 00:00:00", "value": "1", "calendar": "Working Days"}},
{"pk": 335, "model": "input.calendarbucket", "fields": {"startdate": "2014-03-15 00:00:00", "enddate": "2014-03-17 00:00:00", "value": "0", "calendar": "Working Days"}},
{"pk": 336, "model": "input.calendarbucket", "fields": {"startdate": "2014-03-17 00:00:00", "enddate": "2014-03-22 00:00:00", "value": "1", "calendar": "Working Days"}},
{"pk": 337, "model": "input.calendarbucket", "fields": {"startdate": "2014-03-22 00:00:00", "enddate": "2014-03-24 00:00:00", "value": "0", "calendar": "Working Days"}},
{"pk": 338, "model": "input.calendarbucket", "fields": {"startdate": "2014-03-24 00:00:00", "enddate": "2014-03-29 00:00:00", "value": "1", "calendar": "Working Days"}},
{"pk": 339, "model": "input.calendarbucket", "fields": {"startdate": "2014-03-29 00:00:00", "enddate": "2014-03-31 00:00:00", "value": "0", "calendar": "Working Days"}},
{"pk": 340, "model": "input.calendarbucket", "fields": {"startdate": "2014-03-31 00:00:00", "enddate": "2014-04-05 00:00:00", "value": "1", "calendar": "Working Days"}},
{"pk": 341, "model": "input.calendarbucket", "fields": {"startdate": "2014-04-05 00:00:00", "enddate": "2014-04-07 00:00:00", "value": "0", "calendar": "Working Days"}},
{"pk": 342, "model": "input.calendarbucket", "fields": {"startdate": "2014-04-07 00:00:00", "enddate": "2014-04-12 00:00:00", "value": "1", "calendar": "Working Days"}},
{"pk": 343, "model": "input.calendarbucket", "fields": {"startdate": "2014-04-12 00:00:00", "enddate": "2014-04-14 00:00:00", "value": "0", "calendar": "Working Days"}},
{"pk": 344, "model": "input.calendarbucket", "fields": {"startdate": "2014-04-14 00:00:00", "enddate": "2014-04-19 00:00:00", "value": "1", "calendar": "Working Days"}},
{"pk": 345, "model": "input.calendarbucket", "fields": {"startdate": "2014-04-19 00:00:00", "enddate": "2014-04-21 00:00:00", "value": "0", "calendar": "Working Days"}},
{"pk": 346, "model": "input.calendarbucket", "fields": {"startdate": "2014-04-21 00:00:00", "enddate": "2014-04-26 00:00:00", "value": "1", "calendar": "Working Days"}},
{"pk": 347, "model": "input.calendarbucket", "fields": {"startdate": "2014-04-26 00:00:00", "enddate": "2014-04-28 00:00:00", "value": "0", "calendar": "Working Days"}},
{"pk": 348, "model": "input.calendarbucket", "fields": {"startdate": "2014-04-28 00:00:00", "enddate": "2014-05-03 00:00:00", "value": "1", "calendar": "Working Days"}},
{"pk": 349, "model": "input.calendarbucket", "fields": {"startdate": "2014-05-03 00:00:00", "enddate": "2014-05-05 00:00:00", "value": "0", "calendar": "Working Days"}},
{"pk": 350, "model": "input.calendarbucket", "fields": {"startdate": "2014-05-05 00:00:00", "enddate": "2014-05-10 00:00:00", "value": "1", "calendar": "Working Days"}},
{"pk": 351, "model": "input.calendarbucket", "fields": {"startdate": "2014-05-10 00:00:00", "enddate": "2014-05-12 00:00:00", "value": "0", "calendar": "Working Days"}},
{"pk": 352, "model": "input.calendarbucket", "fields": {"startdate": "2014-05-12 00:00:00", "enddate": "2014-05-17 00:00:00", "value": "1", "calendar": "Working Days"}},
{"pk": 353, "model": "input.calendarbucket", "fields": {"startdate": "2014-05-17 00:00:00", "enddate": "2014-05-19 00:00:00", "value": "0", "calendar": "Working Days"}},
{"pk": 354, "model": "input.calendarbucket", "fields": {"startdate": "2014-05-19 00:00:00", "enddate": "2014-05-24 00:00:00", "value": "1", "calendar": "Working Days"}},
{"pk": 355, "model": "input.calendarbucket", "fields": {"startdate": "2014-05-24 00:00:00", "enddate": "2014-05-26 00:00:00", "value": "0", "calendar": "Working Days"}},
{"pk": 356, "model": "input.calendarbucket", "fields": {"startdate": "2014-05-26 00:00:00", "enddate": "2014-05-31 00:00:00", "value": "1", "calendar": "Working Days"}},
{"pk": 357, "model": "input.calendarbucket", "fields": {"startdate": "2014-05-31 00:00:00", "enddate": "2014-06-02 00:00:00", "value": "0", "calendar": "Working Days"}},
{"pk": 358, "model": "input.calendarbucket", "fields": {"startdate": "2014-06-02 00:00:00", "enddate": "2014-06-07 00:00:00", "value": "1", "calendar": "Working Days"}},
{"pk": 359, "model": "input.calendarbucket", "fields": {"startdate": "2014-06-07 00:00:00", "enddate": "2014-06-09 00:00:00", "value": "0", "calendar": "Working Days"}},
{"pk": 360, "model": "input.calendarbucket", "fields": {"startdate": "2014-06-09 00:00:00", "enddate": "2014-06-14 00:00:00", "value": "1", "calendar": "Working Days"}},
{"pk": 361, "model": "input.calendarbucket", "fields": {"startdate": "2014-06-14 00:00:00", "enddate": "2014-06-16 00:00:00", "value": "0", "calendar": "Working Days"}},
{"pk": 362, "model": "input.calendarbucket", "fields": {"startdate": "2014-06-16 00:00:00", "enddate": "2014-06-21 00:00:00", "value": "1", "calendar": "Working Days"}},
{"pk": 363, "model": "input.calendarbucket", "fields": {"startdate": "2014-06-21 00:00:00", "enddate": "2014-06-23 00:00:00", "value": "0", "calendar": "Working Days"}},
{"pk": 364, "model": "input.calendarbucket", "fields": {"startdate": "2014-06-23 00:00:00", "enddate": "2014-06-28 00:00:00", "value": "1", "calendar": "Working Days"}},
{"pk": 365, "model": "input.calendarbucket", "fields": {"startdate": "2014-06-28 00:00:00", "enddate": "2014-06-30 00:00:00", "value": "0", "calendar": "Working Days"}},
{"pk": 366, "model": "input.calendarbucket", "fields": {"startdate": "2014-06-30 00:00:00", "enddate": "2014-07-05 00:00:00", "value": "1", "calendar": "Working Days"}},
{"pk": 367, "model": "input.calendarbucket", "fields": {"startdate": "2014-07-05 00:00:00", "enddate": "2014-07-07 00:00:00", "value": "0", "calendar": "Working Days"}},
{"pk": 368, "model": "input.calendarbucket", "fields": {"startdate": "2014-07-07 00:00:00", "enddate": "2014-07-12 00:00:00", "value": "1", "calendar": "Working Days"}},
{"pk": 369, "model": "input.calendarbucket", "fields": {"startdate": "2014-07-12 00:00:00", "enddate": "2014-07-14 00:00:00", "value": "0", "calendar": "Working Days"}},
{"pk": 370, "model": "input.calendarbucket", "fields": {"startdate": "2014-07-14 00:00:00", "enddate": "2014-07-19 00:00:00", "value": "1", "calendar": "Working Days"}},
{"pk": 371, "model": "input.calendarbucket", "fields": {"startdate": "2014-07-19 00:00:00", "enddate": "2014-07-21 00:00:00", "value": "0", "calendar": "Working Days"}},
{"pk": 372, "model": "input.calendarbucket", "fields": {"startdate": "2014-07-21 00:00:00", "enddate": "2014-07-26 00:00:00", "value": "1", "calendar": "Working Days"}},
{"pk": 373, "model": "input.calendarbucket", "fields": {"startdate": "2014-07-26 00:00:00", "enddate": "2014-07-28 00:00:00", "value": "0", "calendar": "Working Days"}},
{"pk": 374, "model": "input.calendarbucket", "fields": {"startdate": "2014-07-28 00:00:00", "enddate": "2014-08-02 00:00:00", "value": "1", "calendar": "Working Days"}},
{"pk": 375, "model": "input.calendarbucket", "fields": {"startdate": "2014-08-02 00:00:00", "enddate": "2014-08-04 00:00:00", "value": "0", "calendar": "Working Days"}},
{"pk": 376, "model": "input.calendarbucket", "fields": {"startdate": "2014-08-04 00:00:00", "enddate": "2014-08-09 00:00:00", "value": "1", "calendar": "Working Days"}},
{"pk": 377, "model": "input.calendarbucket", "fields": {"startdate": "2014-08-09 00:00:00", "enddate": "2014-08-11 00:00:00", "value": "0", "calendar": "Working Days"}},
{"pk": 378, "model": "input.calendarbucket", "fields": {"startdate": "2014-08-11 00:00:00", "enddate": "2014-08-16 00:00:00", "value": "1", "calendar": "Working Days"}},
{"pk": 379, "model": "input.calendarbucket", "fields": {"startdate": "2014-08-16 00:00:00", "enddate": "2014-08-18 00:00:00", "value": "0", "calendar": "Working Days"}},
{"pk": 380, "model": "input.calendarbucket", "fields": {"startdate": "2014-08-18 00:00:00", "enddate": "2014-08-23 00:00:00", "value": "1", "calendar": "Working Days"}},
{"pk": 381, "model": "input.calendarbucket", "fields": {"startdate": "2014-08-23 00:00:00", "enddate": "2014-08-25 00:00:00", "value": "0", "calendar": "Working Days"}},
{"pk": 382, "model": "input.calendarbucket", "fields": {"startdate": "2014-08-25 00:00:00", "enddate": "2014-08-30 00:00:00", "value": "1", "calendar": "Working Days"}},
{"pk": 383, "model": "input.calendarbucket", "fields": {"startdate": "2014-08-30 00:00:00", "enddate": "2014-09-01 00:00:00", "value": "0", "calendar": "Working Days"}},
{"pk": 384, "model": "input.calendarbucket", "fields": {"startdate": "2014-09-01 00:00:00", "enddate": "2014-09-06 00:00:00", "value": "1", "calendar": "Working Days"}},
{"pk": 385, "model": "input.calendarbucket", "fields": {"startdate": "2014-09-06 00:00:00", "enddate": "2014-09-08 00:00:00", "value": "0", "calendar": "Working Days"}},
{"pk": 386, "model": "input.calendarbucket", "fields": {"startdate": "2014-09-08 00:00:00", "enddate": "2014-09-13 00:00:00", "value": "1", "calendar": "Working Days"}},
{"pk": 387, "model": "input.calendarbucket", "fields": {"startdate": "2014-09-13 00:00:00", "enddate": "2014-09-15 00:00:00", "value": "0", "calendar": "Working Days"}},
{"pk": 388, "model": "input.calendarbucket", "fields": {"startdate": "2014-09-15 00:00:00", "enddate": "2014-09-20 00:00:00", "value": "1", "calendar": "Working Days"}},
{"pk": 389, "model": "input.calendarbucket", "fields": {"startdate": "2014-09-20 00:00:00", "enddate": "2014-09-22 00:00:00", "value": "0", "calendar": "Working Days"}},
{"pk": 390, "model": "input.calendarbucket", "fields": {"startdate": "2014-09-22 00:00:00", "enddate": "2014-09-27 00:00:00", "value": "1", "calendar": "Working Days"}},
{"pk": 391, "model": "input.calendarbucket", "fields": {"startdate": "2014-09-27 00:00:00", "enddate": "2014-09-29 00:00:00", "value": "0", "calendar": "Working Days"}},
{"pk": 392, "model": "input.calendarbucket", "fields": {"startdate": "2014-09-29 00:00:00", "enddate": "2014-10-04 00:00:00", "value": "1", "calendar": "Working Days"}},
{"pk": 393, "model": "input.calendarbucket", "fields": {"startdate": "2014-10-04 00:00:00", "enddate": "2014-10-06 00:00:00", "value": "0", "calendar": "Working Days"}},
{"pk": 394, "model": "input.calendarbucket", "fields": {"startdate": "2014-10-06 00:00:00", "enddate": "2014-10-11 00:00:00", "value": "1", "calendar": "Working Days"}},
{"pk": 395, "model": "input.calendarbucket", "fields": {"startdate": "2014-10-11 00:00:00", "enddate": "2014-10-13 00:00:00", "value": "0", "calendar": "Working Days"}},
{"pk": 396, "model": "input.calendarbucket", "fields": {"startdate": "2014-10-13 00:00:00", "enddate": "2014-10-18 00:00:00", "value": "1", "calendar": "Working Days"}},
{"pk": 397, "model": "input.calendarbucket", "fields": {"startdate": "2014-10-18 00:00:00", "enddate": "2014-10-20 00:00:00", "value": "0", "calendar": "Working Days"}},
{"pk": 398, "model": "input.calendarbucket", "fields": {"startdate": "2014-10-20 00:00:00", "enddate": "2014-10-25 00:00:00", "value": "1", "calendar": "Working Days"}},
{"pk": 399, "model": "input.calendarbucket", "fields": {"startdate": "2014-10-25 00:00:00", "enddate": "2014-10-27 00:00:00", "value": "0", "calendar": "Working Days"}},
{"pk": 400, "model": "input.calendarbucket", "fields": {"startdate": "2014-10-27 00:00:00", "enddate": "2014-11-01 00:00:00", "value": "1", "calendar": "Working Days"}},
{"pk": 401, "model": "input.calendarbucket", "fields": {"startdate": "2014-11-01 00:00:00", "enddate": "2014-11-03 00:00:00", "value": "0", "calendar": "Working Days"}},
{"pk": 402, "model": "input.calendarbucket", "fields": {"startdate": "2014-11-03 00:00:00", "enddate": "2014-11-08 00:00:00", "value": "1", "calendar": "Working Days"}},
{"pk": 403, "model": "input.calendarbucket", "fields": {"startdate": "2014-11-08 00:00:00", "enddate": "2014-11-10 00:00:00", "value": "0", "calendar": "Working Days"}},
{"pk": 404, "model": "input.calendarbucket", "fields": {"startdate": "2014-11-10 00:00:00", "enddate": "2014-11-15 00:00:00", "value": "1", "calendar": "Working Days"}},
{"pk": 405, "model": "input.calendarbucket", "fields": {"startdate": "2014-11-15 00:00:00", "enddate": "2014-11-17 00:00:00", "value": "0", "calendar": "Working Days"}},
{"pk": 406, "model": "input.calendarbucket", "fields": {"startdate": "2014-11-17 00:00:00", "enddate": "2014-11-22 00:00:00", "value": "1", "calendar": "Working Days"}},
{"pk": 407, "model": "input.calendarbucket", "fields": {"startdate": "2014-11-22 00:00:00", "enddate": "2014-11-24 00:00:00", "value": "0", "calendar": "Working Days"}},
{"pk": 408, "model": "input.calendarbucket", "fields": {"startdate": "2014-11-24 00:00:00", "enddate": "2014-11-29 00:00:00", "value": "1", "calendar": "Working Days"}},
{"pk": 409, "model": "input.calendarbucket", "fields": {"startdate": "2014-11-29 00:00:00", "enddate": "2014-12-01 00:00:00", "value": "0", "calendar": "Working Days"}},
{"pk": 410, "model": "input.calendarbucket", "fields": {"startdate": "2014-12-01 00:00:00", "enddate": "2014-12-06 00:00:00", "value": "1", "calendar": "Working Days"}},
{"pk": 411, "model": "input.calendarbucket", "fields": {"startdate": "2014-12-06 00:00:00", "enddate": "2014-12-08 00:00:00", "value": "0", "calendar": "Working Days"}},
{"pk": 412, "model": "input.calendarbucket", "fields": {"startdate": "2014-12-08 00:00:00", "enddate": "2014-12-13 00:00:00", "value": "1", "calendar": "Working Days"}},
{"pk": 413, "model": "input.calendarbucket", "fields": {"startdate": "2014-12-13 00:00:00", "enddate": "2014-12-15 00:00:00", "value": "0", "calendar": "Working Days"}},
{"pk": 414, "model": "input.calendarbucket", "fields": {"startdate": "2014-12-15 00:00:00", "enddate": "2014-12-20 00:00:00", "value": "1", "calendar": "Working Days"}},
{"pk": 415, "model": "input.calendarbucket", "fields": {"startdate": "2014-12-20 00:00:00", "enddate": "2014-12-22 00:00:00", "value": "0", "calendar": "Working Days"}},
{"pk": 416, "model": "input.calendarbucket", "fields": {"startdate": "2014-12-22 00:00:00", "enddate": "2014-12-27 00:00:00", "value": "1", "calendar": "Working Days"}},
{"pk": 417, "model": "input.calendarbucket", "fields": {"startdate": "2014-12-27 00:00:00", "enddate": "2014-12-29 00:00:00", "value": "0", "calendar": "Working Days"}},
{"pk": 418, "model": "input.calendarbucket", "fields": {"startdate": "2014-12-29 00:00:00", "enddate": "2015-01-03 00:00:00", "value": "1", "calendar": "Working Days"}},
{"pk": "Deliver product from factory 1 - 7 day", "model": "input.operation", "fields": {"location": "factory 1", "sizemultiple": "1.00", "duration": "604800.00", "type": "fixed_time"}},
{"pk": "Deliver product from factory 1 - 1 day", "model": "input.operation", "fields": {"location": "factory 1", "sizemultiple": "1.00", "duration": "86400.00", "type": "fixed_time"}},
{"pk": "Deliver product from factory 2 - 7 day", "model": "input.operation", "fields": {"location": "factory 2", "sizemultiple": "1.00", "duration": "604800.00", "type": "fixed_time"}},
{"pk": "Deliver product from factory 2 - 1 day", "model": "input.operation", "fields": {"location": "factory 2", "sizemultiple": "1.00", "duration": "86400.00", "type": "fixed_time"}},
{"pk": "Pack product @ factory 1", "model": "input.operation", "fields": {"location": "factory 1", "sizemultiple": "1.00", "duration": "86400.00", "type": "fixed_time"}},
{"pk": "Pack product @ factory 2", "model": "input.operation", "fields": {"location": "factory 2", "sizemultiple": "1.00", "duration": "86400.00", "type": "fixed_time"}},
{"pk": "Purchase box @ factory 1", "model": "input.operation", "fields": {"location": "factory 1", "sizemultiple": "50.00", "duration": "604800.00", "sizeminimum": "400.00", "type": "fixed_time"}},
{"pk": "Purchase box @ factory 2", "model": "input.operation", "fields": {"location": "factory 2", "sizemultiple": "50.00", "duration": "604800.00", "sizeminimum": "400.00", "type": "fixed_time"}},
{"pk": "Purchase ink @ factory 1", "model": "input.operation", "fields": {"location": "factory 1", "sizemultiple": "50.00", "duration": "604800.00", "type": "fixed_time"}},
{"pk": "Purchase thread @ factory 1", "model": "input.operation", "fields": {"location": "factory 1", "sizemultiple": "1.00", "duration": "1209600.00", "sizeminimum": "500.00", "type": "fixed_time"}},
{"pk": "Make fabric @ factory 1", "model": "input.operation", "fields": {"location": "factory 1", "sizemultiple": "1.00", "sizeminimum":"24.00", "duration_per": "3600.00", "duration": "0.00", "type": "time_per"}},
{"pk": "Deliver product from factory 1 or 2", "model": "input.operation", "fields": {"sizemultiple": "1.00", "type": "alternate"}},
{"pk": "Deliver product from factory 2 or 1", "model": "input.operation", "fields": {"sizemultiple": "1.00", "type": "alternate"}},
{"pk": "Transport fabric from factory 1 to 2", "model": "input.operation", "fields": {"sizemultiple": "1.00", "duration": "172800.00", "sizeminimum": "1000.00", "type": "fixed_time"}},
{"pk": "product", "model": "input.item", "fields": {"operation": "Deliver product from factory 1 or 2"}},
{"pk": "fabric", "model": "input.item", "fields": {}},
{"pk": "box", "model": "input.item", "fields": {}},
{"pk": "ink", "model": "input.item", "fields": {}},
{"pk": "thread", "model": "input.item", "fields": {}},
{"pk": "pack in factory 1", "model": "input.resource", "fields": {"maximum_calendar": "pack capacity factory 1", "location": "factory 1", "type":"default"}},
{"pk": "pack in factory 2", "model": "input.resource", "fields": {"maximum_calendar": "pack capacity factory 2", "location": "factory 2", "type":"default"}},
{"pk": "weave in factory 1", "model": "input.resource", "fields": {"location": "factory 1", "maximum_calendar": "weave capacity factory 1", "type":"default"}},
{"pk": "box @ factory 2", "model": "input.buffer", "fields": {"item": "box", "location": "factory 2", "onhand": "40.00", "type": "infinite"}},
{"pk": "box @ factory 1", "model": "input.buffer", "fields": {"item": "box", "location": "factory 1", "onhand": "30.00", "type": "infinite"}},
{"pk": "ink @ factory 1", "model": "input.buffer", "fields": {"producing": "Purchase ink @ factory 1", "item": "ink", "location": "factory 1", "onhand": "0.00", "type":"default"}},
{"pk": "fabric @ factory 2", "model": "input.buffer", "fields": {"producing": "Transport fabric from factory 1 to 2", "item": "fabric", "location": "factory 2", "onhand": "0.00", "type":"default"}},
{"pk": "thread @ factory 1", "model": "input.buffer", "fields": {"producing": "Purchase thread @ factory 1", "item": "thread", "location": "factory 1", "onhand": "50.00", "type":"default"}},
{"pk": "product @ factory 2", "model": "input.buffer", "fields": {"producing": "Pack product @ factory 2", "item": "product", "location": "factory 2", "onhand": "10.00", "type":"default"}},
{"pk": "product @ factory 1", "model": "input.buffer", "fields": {"producing": "Pack product @ factory 1", "item": "product", "location": "factory 1", "onhand": "0.00", "type":"default"}},
{"pk": "fabric @ factory 1", "model": "input.buffer", "fields": {"producing": "Make fabric @ factory 1", "item": "fabric", "location": "factory 1", "onhand": "0.00", "type":"default"}},
{"pk": "471", "model": "input.flow", "fields": { "operation": "Pack product @ factory 1", "type": "end", "thebuffer": "product @ factory 1", "quantity": "1.00"}},
{"pk": "472", "model": "input.flow", "fields": { "operation": "Pack product @ factory 2", "type": "end", "thebuffer": "product @ factory 2", "quantity": "1.00"}},
{"pk": "473", "model": "input.flow", "fields": { "operation": "Purchase box @ factory 1", "type": "end", "thebuffer": "box @ factory 1", "quantity": "1.00"}},
{"pk": "474", "model": "input.flow", "fields": { "operation": "Purchase box @ factory 2", "type": "end", "thebuffer": "box @ factory 2", "quantity": "1.00"}},
{"pk": "475", "model": "input.flow", "fields": { "operation": "Purchase ink @ factory 1", "type": "end", "thebuffer": "ink @ factory 1", "quantity": "1.00"}},
{"pk": "476", "model": "input.flow", "fields": { "operation": "Purchase thread @ factory 1", "type": "end", "thebuffer": "thread @ factory 1", "quantity": "1.00"}},
{"pk": "477", "model": "input.flow", "fields": { "operation": "Make fabric @ factory 1", "type": "end", "thebuffer": "fabric @ factory 1", "quantity": "1.00"}},
{"pk": "487", "model": "input.flow", "fields": { "operation": "Pack product @ factory 2", "thebuffer": "box @ factory 2", "quantity": "-1.00"}},
{"pk": "486", "model": "input.flow", "fields": { "operation": "Pack product @ factory 1", "thebuffer": "box @ factory 1", "quantity": "-1.00"}},
{"pk": "485", "model": "input.flow", "fields": { "operation": "Pack product @ factory 2", "thebuffer": "fabric @ factory 2", "quantity": "-1.00"}},
{"pk": "484", "model": "input.flow", "fields": { "operation": "Pack product @ factory 1", "thebuffer": "fabric @ factory 1", "quantity": "-1.00"}},
{"pk": "483", "model": "input.flow", "fields": { "operation": "Make fabric @ factory 1", "thebuffer": "ink @ factory 1", "quantity": "-2.00"}},
{"pk": "481", "model": "input.flow", "fields": { "operation": "Deliver product from factory 2 - 7 day", "thebuffer": "product @ factory 2", "quantity": "-1.00"}},
{"pk": "480", "model": "input.flow", "fields": { "operation": "Deliver product from factory 2 - 1 day", "thebuffer": "product @ factory 2", "quantity": "-1.00"}},
{"pk": "482", "model": "input.flow", "fields": { "operation": "Make fabric @ factory 1", "thebuffer": "thread @ factory 1", "quantity": "-3.00"}},
{"pk": "479", "model": "input.flow", "fields": { "operation": "Deliver product from factory 1 - 7 day", "thebuffer": "product @ factory 1", "quantity": "-1.00"}},
{"pk": "478", "model": "input.flow", "fields": { "operation": "Deliver product from factory 1 - 1 day", "thebuffer": "product @ factory 1", "quantity": "-1.00"}},
{"pk": "490", "model": "input.flow", "fields": {"operation": "Transport fabric from factory 1 to 2", "type": "end", "thebuffer": "fabric @ factory 2", "quantity": "1.00"}},
{"pk": "491", "model": "input.flow", "fields": {"operation": "Transport fabric from factory 1 to 2", "thebuffer": "fabric @ factory 1", "quantity": "-1.00"}},
{"pk": "1000", "model": "input.operationplan", "fields": {"startdate": "2012-01-02 00:00:00", "enddate": "2012-01-02 00:00:00", "locked": true, "operation": "Purchase box @ factory 1", "quantity": "100.00"}},
{"pk": "1001", "model": "input.operationplan", "fields": {"startdate": "2012-01-09 00:00:00", "enddate": "2012-01-09 00:00:00", "locked": true, "operation": "Purchase box @ factory 2", "quantity": "100.00"}},
{"pk": "1002", "model": "input.operationplan", "fields": {"startdate": "2012-01-02 00:00:00", "enddate": "2012-01-02 00:00:00", "locked": true, "operation": "Purchase ink @ factory 1", "quantity": "100.00"}},
{"pk": "1003", "model": "input.operationplan", "fields": {"startdate": "2012-01-02 00:00:00", "enddate": "2012-01-02 00:00:00", "locked": true, "operation": "Purchase thread @ factory 1", "quantity": "100.00"}},
{"pk": "Demand 1", "model": "input.demand", "fields": {"customer": "Customer near factory 1", "due": "2012-01-01 00:00:00", "priority": 1, "item": "product", "operation": "Deliver product from factory 1 or 2", "quantity": "100.00"}},
{"pk": "Demand 2", "model": "input.demand", "fields": {"customer": "Customer near factory 1", "due": "2012-02-01 00:00:00", "priority": 1, "item": "product", "operation": "Deliver product from factory 1 or 2", "quantity": "100.00"}},
{"pk": "Demand 3", "model": "input.demand", "fields": {"customer": "Customer near factory 1", "due": "2012-03-01 00:00:00", "priority": 1, "item": "product", "operation": "Deliver product from factory 1 or 2", "quantity": "100.00"}},
{"pk": "Demand 4", "model": "input.demand", "fields": {"customer": "Customer near factory 1", "due": "2012-04-01 00:00:00", "priority": 1, "item": "product", "operation": "Deliver product from factory 1 or 2", "quantity": "100.00"}},
{"pk": "Demand 5", "model": "input.demand", "fields": {"customer": "Customer near factory 1", "due": "2012-03-01 00:00:00", "priority": 1, "item": "product", "operation": "Deliver product from factory 1 or 2", "quantity": "100.00"}},
{"pk": "Demand 6", "model": "input.demand", "fields": {"customer": "Customer near factory 2", "due": "2012-03-02 00:00:00", "priority": 1, "item": "product", "operation": "Deliver product from factory 2 or 1", "quantity": "300.00"}},
{"pk": "Demand 7", "model": "input.demand", "fields": {"customer": "Customer near factory 2", "due": "2012-02-02 00:00:00", "priority": 1, "item": "product", "operation": "Deliver product from factory 2 or 1", "quantity": "100.00"}},
{"pk": "Demand 8", "model": "input.demand", "fields": {"customer": "Customer near factory 2", "due": "2012-02-22 00:00:00", "priority": 1, "item": "product", "operation": "Deliver product from factory 2 or 1", "quantity": "100.00"}},
{"pk": "Demand 9", "model": "input.demand", "fields": {"customer": "Customer near factory 2", "due": "2012-01-25 00:00:00", "priority": 1, "item": "product", "operation": "Deliver product from factory 2 or 1", "quantity": "100.00"}},
{"pk": "Demand 10", "model": "input.demand", "fields": {"customer": "Customer near factory 2", "due": "2012-02-01 00:00:00", "priority": 1, "item": "product", "operation": "Deliver product from factory 2 or 1", "quantity": "100.00"}},
{"pk": "Demand 11", "model": "input.demand", "fields": {"customer": "Customer near factory 2", "due": "2012-03-25 00:00:00", "priority": 1, "item": "product", "operation": "Deliver product from factory 2 or 1", "quantity": "100.00"}},
{"pk": "Demand 12", "model": "input.demand", "fields": {"customer": "Customer near factory 2", "due": "2012-02-03 00:00:00", "priority": 1, "item": "product", "operation": "Deliver product from factory 2 or 1", "quantity": "100.00"}},
{"pk": "Demand 13", "model": "input.demand", "fields": {"customer": "Customer near factory 2", "due": "2012-02-04 00:00:00", "priority": 1, "item": "product", "operation": "Deliver product from factory 2 or 1", "quantity": "100.00"}},
{"pk": "Demand 14", "model": "input.demand", "fields": {"customer": "Customer near factory 2", "due": "2012-01-02 00:00:00", "priority": 1, "item": "product", "operation": "Deliver product from factory 2 or 1", "quantity": "100.00"}},
{"pk": "21", "model": "input.load", "fields": {"operation": "Pack product @ factory 1", "quantity": "1.00", "resource": "pack in factory 1"}},
{"pk": "22", "model": "input.load", "fields": {"operation": "Pack product @ factory 2", "quantity": "1.00", "resource": "pack in factory 2"}},
{"pk": "23", "model": "input.load", "fields": { "operation": "Make fabric @ factory 1", "quantity": "1.00", "resource": "weave in factory 1"}},
{"pk": "1", "model": "input.suboperation", "fields": {"priority": "1", "suboperation": "Deliver product from factory 2 - 1 day", "operation": "Deliver product from factory 2 or 1"}},
{"pk": "2", "model": "input.suboperation", "fields": {"priority": "2", "suboperation": "Deliver product from factory 2 - 7 day", "operation": "Deliver product from factory 1 or 2"}},
{"pk": "3", "model": "input.suboperation", "fields": {"priority": "1", "suboperation": "Deliver product from factory 1 - 1 day", "operation": "Deliver product from factory 1 or 2"}},
{"pk": "4", "model": "input.suboperation", "fields": {"priority": "2", "suboperation": "Deliver product from factory 1 - 7 day", "operation": "Deliver product from factory 2 or 1"}},
{"pk": "Forecast area of factory 1", "model": "input.forecast", "fields": {"customer": "Customer near factory 1", "priority": 2, "item": "product", "calendar": "Working Days", "operation": "Deliver product from factory 1 or 2"}},
{"pk": "Forecast area of factory 2", "model": "input.forecast", "fields": {"customer": "Customer near factory 2", "priority": 2, "item": "product", "calendar": "Working Days", "operation": "Deliver product from factory 2 or 1"}}
]
