[
{"pk": "currentdate", "model": "input.parameter", "fields": {"value": "2009-01-01 00:00:00", "description": "Current date of the plan, formatted as YYYY-MM-DD HH-MM-SS"}},
{"pk": "loading_time_units", "model": "input.parameter", "fields": {"value": "days", "description": "Time units to be used for the resourceloading report: hours, days, weeks"}},
{"pk": "The job shop", "model": "input.location", "fields": {}},
{"pk": "My customer", "model": "input.customer", "fields": {}},
{"pk": "capacity calendar 00", "model": "input.calendar", "fields": {"defaultvalue": "1"}},
{"pk": "capacity calendar 01", "model": "input.calendar", "fields": {"defaultvalue": "1"}},
{"pk": "capacity calendar 02", "model": "input.calendar", "fields": {"defaultvalue": "1"}},
{"pk": "capacity calendar 03", "model": "input.calendar", "fields": {"defaultvalue": "1"}},
{"pk": "capacity calendar 04", "model": "input.calendar", "fields": {"defaultvalue": "1"}},
{"pk": "capacity calendar 05", "model": "input.calendar", "fields": {"defaultvalue": "1"}},
{"pk": "capacity calendar 06", "model": "input.calendar", "fields": {"defaultvalue": "1"}},
{"pk": "capacity calendar 07", "model": "input.calendar", "fields": {"defaultvalue": "1"}},
{"pk": "capacity calendar 08", "model": "input.calendar", "fields": {"defaultvalue": "1"}},
{"pk": "capacity calendar 09", "model": "input.calendar", "fields": {"defaultvalue": "1"}},
{"pk": 1, "model": "input.bucket", "fields": {"startdate": "2009-01-01 00:00:00", "value": "1", "calendar": "capacity calendar 00"}},
{"pk": 2, "model": "input.bucket", "fields": {"startdate": "2009-01-01 00:00:00", "value": "1", "calendar": "capacity calendar 01"}},
{"pk": 3, "model": "input.bucket", "fields": {"startdate": "2009-01-01 00:00:00", "value": "1", "calendar": "capacity calendar 02"}},
{"pk": 4, "model": "input.bucket", "fields": {"startdate": "2009-01-01 00:00:00", "value": "1", "calendar": "capacity calendar 03"}},
{"pk": 5, "model": "input.bucket", "fields": {"startdate": "2009-01-01 00:00:00", "value": "1", "calendar": "capacity calendar 04"}},
{"pk": 6, "model": "input.bucket", "fields": {"startdate": "2009-01-01 00:00:00", "value": "1", "calendar": "capacity calendar 05"}},
{"pk": 7, "model": "input.bucket", "fields": {"startdate": "2009-01-01 00:00:00", "value": "1", "calendar": "capacity calendar 06"}},
{"pk": 8, "model": "input.bucket", "fields": {"startdate": "2009-01-01 00:00:00", "value": "1", "calendar": "capacity calendar 07"}},
{"pk": 9, "model": "input.bucket", "fields": {"startdate": "2009-01-01 00:00:00", "value": "1", "calendar": "capacity calendar 08"}},
{"pk": 10, "model": "input.bucket", "fields": {"startdate": "2009-01-01 00:00:00", "value": "1", "calendar": "capacity calendar 09"}},
{"pk": "Machine 00", "model": "input.resource", "fields": {"maximum": "capacity calendar 00", "location": "The job shop"}},
{"pk": "Machine 01", "model": "input.resource", "fields": {"maximum": "capacity calendar 01", "location": "The job shop"}},
{"pk": "Machine 02", "model": "input.resource", "fields": {"maximum": "capacity calendar 02", "location": "The job shop"}},
{"pk": "Machine 03", "model": "input.resource", "fields": {"maximum": "capacity calendar 03", "location": "The job shop"}},
{"pk": "Machine 04", "model": "input.resource", "fields": {"maximum": "capacity calendar 04", "location": "The job shop"}},
{"pk": "Machine 05", "model": "input.resource", "fields": {"maximum": "capacity calendar 05", "location": "The job shop"}},
{"pk": "Machine 06", "model": "input.resource", "fields": {"maximum": "capacity calendar 06", "location": "The job shop"}},
{"pk": "Machine 07", "model": "input.resource", "fields": {"maximum": "capacity calendar 07", "location": "The job shop"}},
{"pk": "Machine 08", "model": "input.resource", "fields": {"maximum": "capacity calendar 08", "location": "The job shop"}},
{"pk": "Machine 09", "model": "input.resource", "fields": {"maximum": "capacity calendar 09", "location": "The job shop"}},
{"pk": "Item 01", "model": "input.item", "fields": {"price": "1"}},
{"pk": "Item 02", "model": "input.item", "fields": {"price": "1"}},
{"pk": "Item 03", "model": "input.item", "fields": {"price": "1"}},
{"pk": "Item 04", "model": "input.item", "fields": {"price": "1"}},
{"pk": "Item 05", "model": "input.item", "fields": {"price": "1"}},
{"pk": "Item 06", "model": "input.item", "fields": {"price": "1"}},
{"pk": "Item 07", "model": "input.item", "fields": {"price": "1"}},
{"pk": "Item 08", "model": "input.item", "fields": {"price": "1"}},
{"pk": "Item 09", "model": "input.item", "fields": {"price": "1"}},
{"pk": "Item 10", "model": "input.item", "fields": {"price": "1"}},
{"pk": "routing of job 1", "model": "input.operation", "fields": {"location": "The job shop", "type": "operation_routing"}},
{"pk": "routing of job 10", "model": "input.operation", "fields": {"location": "The job shop", "type": "operation_routing"}},
{"pk": "routing of job 2", "model": "input.operation", "fields": {"location": "The job shop", "type": "operation_routing"}},
{"pk": "routing of job 3", "model": "input.operation", "fields": {"location": "The job shop", "type": "operation_routing"}},
{"pk": "routing of job 4", "model": "input.operation", "fields": {"location": "The job shop", "type": "operation_routing"}},
{"pk": "routing of job 5", "model": "input.operation", "fields": {"location": "The job shop", "type": "operation_routing"}},
{"pk": "routing of job 6", "model": "input.operation", "fields": {"location": "The job shop", "type": "operation_routing"}},
{"pk": "routing of job 7", "model": "input.operation", "fields": {"location": "The job shop", "type": "operation_routing"}},
{"pk": "routing of job 8", "model": "input.operation", "fields": {"location": "The job shop", "type": "operation_routing"}},
{"pk": "routing of job 9", "model": "input.operation", "fields": {"location": "The job shop", "type": "operation_routing"}},
{"pk": "J01T01", "model": "input.operation", "fields": {"location": "The job shop", "duration": "104400", "type": "operation_fixed_time"}},
{"pk": "J01T02", "model": "input.operation", "fields": {"location": "The job shop", "duration": "280800", "type": "operation_fixed_time"}},
{"pk": "J01T03", "model": "input.operation", "fields": {"location": "The job shop", "duration": "32400", "type": "operation_fixed_time"}},
{"pk": "J01T04", "model": "input.operation", "fields": {"location": "The job shop", "duration": "129600", "type": "operation_fixed_time"}},
{"pk": "J01T05", "model": "input.operation", "fields": {"location": "The job shop", "duration": "176400", "type": "operation_fixed_time"}},
{"pk": "J01T06", "model": "input.operation", "fields": {"location": "The job shop", "duration": "39600", "type": "operation_fixed_time"}},
{"pk": "J01T07", "model": "input.operation", "fields": {"location": "The job shop", "duration": "223200", "type": "operation_fixed_time"}},
{"pk": "J01T08", "model": "input.operation", "fields": {"location": "The job shop", "duration": "201600", "type": "operation_fixed_time"}},
{"pk": "J01T09", "model": "input.operation", "fields": {"location": "The job shop", "duration": "158400", "type": "operation_fixed_time"}},
{"pk": "J01T10", "model": "input.operation", "fields": {"location": "The job shop", "duration": "75600", "type": "operation_fixed_time"}},
{"pk": "J02T01", "model": "input.operation", "fields": {"location": "The job shop", "duration": "154800", "type": "operation_fixed_time"}},
{"pk": "J02T02", "model": "input.operation", "fields": {"location": "The job shop", "duration": "324000", "type": "operation_fixed_time"}},
{"pk": "J02T03", "model": "input.operation", "fields": {"location": "The job shop", "duration": "270000", "type": "operation_fixed_time"}},
{"pk": "J02T04", "model": "input.operation", "fields": {"location": "The job shop", "duration": "39600", "type": "operation_fixed_time"}},
{"pk": "J02T05", "model": "input.operation", "fields": {"location": "The job shop", "duration": "248400", "type": "operation_fixed_time"}},
{"pk": "J02T06", "model": "input.operation", "fields": {"location": "The job shop", "duration": "100800", "type": "operation_fixed_time"}},
{"pk": "J02T07", "model": "input.operation", "fields": {"location": "The job shop", "duration": "165600", "type": "operation_fixed_time"}},
{"pk": "J02T08", "model": "input.operation", "fields": {"location": "The job shop", "duration": "165600", "type": "operation_fixed_time"}},
{"pk": "J02T09", "model": "input.operation", "fields": {"location": "The job shop", "duration": "259200", "type": "operation_fixed_time"}},
{"pk": "J02T10", "model": "input.operation", "fields": {"location": "The job shop", "duration": "108000", "type": "operation_fixed_time"}},
{"pk": "J03T01", "model": "input.operation", "fields": {"location": "The job shop", "duration": "327600", "type": "operation_fixed_time"}},
{"pk": "J03T02", "model": "input.operation", "fields": {"location": "The job shop", "duration": "306000", "type": "operation_fixed_time"}},
{"pk": "J03T03", "model": "input.operation", "fields": {"location": "The job shop", "duration": "140400", "type": "operation_fixed_time"}},
{"pk": "J03T04", "model": "input.operation", "fields": {"location": "The job shop", "duration": "266400", "type": "operation_fixed_time"}},
{"pk": "J03T05", "model": "input.operation", "fields": {"location": "The job shop", "duration": "324000", "type": "operation_fixed_time"}},
{"pk": "J03T06", "model": "input.operation", "fields": {"location": "The job shop", "duration": "36000", "type": "operation_fixed_time"}},
{"pk": "J03T07", "model": "input.operation", "fields": {"location": "The job shop", "duration": "43200", "type": "operation_fixed_time"}},
{"pk": "J03T08", "model": "input.operation", "fields": {"location": "The job shop", "duration": "320400", "type": "operation_fixed_time"}},
{"pk": "J03T09", "model": "input.operation", "fields": {"location": "The job shop", "duration": "162000", "type": "operation_fixed_time"}},
{"pk": "J03T10", "model": "input.operation", "fields": {"location": "The job shop", "duration": "118800", "type": "operation_fixed_time"}},
{"pk": "J04T01", "model": "input.operation", "fields": {"location": "The job shop", "duration": "291600", "type": "operation_fixed_time"}},
{"pk": "J04T02", "model": "input.operation", "fields": {"location": "The job shop", "duration": "342000", "type": "operation_fixed_time"}},
{"pk": "J04T03", "model": "input.operation", "fields": {"location": "The job shop", "duration": "255600", "type": "operation_fixed_time"}},
{"pk": "J04T04", "model": "input.operation", "fields": {"location": "The job shop", "duration": "356400", "type": "operation_fixed_time"}},
{"pk": "J04T05", "model": "input.operation", "fields": {"location": "The job shop", "duration": "32400", "type": "operation_fixed_time"}},
{"pk": "J04T06", "model": "input.operation", "fields": {"location": "The job shop", "duration": "187200", "type": "operation_fixed_time"}},
{"pk": "J04T07", "model": "input.operation", "fields": {"location": "The job shop", "duration": "306000", "type": "operation_fixed_time"}},
{"pk": "J04T08", "model": "input.operation", "fields": {"location": "The job shop", "duration": "352800", "type": "operation_fixed_time"}},
{"pk": "J04T09", "model": "input.operation", "fields": {"location": "The job shop", "duration": "79200", "type": "operation_fixed_time"}},
{"pk": "J04T10", "model": "input.operation", "fields": {"location": "The job shop", "duration": "154800", "type": "operation_fixed_time"}},
{"pk": "J05T01", "model": "input.operation", "fields": {"location": "The job shop", "duration": "50400", "type": "operation_fixed_time"}},
{"pk": "J05T02", "model": "input.operation", "fields": {"location": "The job shop", "duration": "21600", "type": "operation_fixed_time"}},
{"pk": "J05T03", "model": "input.operation", "fields": {"location": "The job shop", "duration": "79200", "type": "operation_fixed_time"}},
{"pk": "J05T04", "model": "input.operation", "fields": {"location": "The job shop", "duration": "219600", "type": "operation_fixed_time"}},
{"pk": "J05T05", "model": "input.operation", "fields": {"location": "The job shop", "duration": "93600", "type": "operation_fixed_time"}},
{"pk": "J05T06", "model": "input.operation", "fields": {"location": "The job shop", "duration": "248400", "type": "operation_fixed_time"}},
{"pk": "J05T07", "model": "input.operation", "fields": {"location": "The job shop", "duration": "75600", "type": "operation_fixed_time"}},
{"pk": "J05T08", "model": "input.operation", "fields": {"location": "The job shop", "duration": "176400", "type": "operation_fixed_time"}},
{"pk": "J05T09", "model": "input.operation", "fields": {"location": "The job shop", "duration": "259200", "type": "operation_fixed_time"}},
{"pk": "J05T10", "model": "input.operation", "fields": {"location": "The job shop", "duration": "190800", "type": "operation_fixed_time"}},
{"pk": "J06T01", "model": "input.operation", "fields": {"location": "The job shop", "duration": "302400", "type": "operation_fixed_time"}},
{"pk": "J06T02", "model": "input.operation", "fields": {"location": "The job shop", "duration": "7200", "type": "operation_fixed_time"}},
{"pk": "J06T03", "model": "input.operation", "fields": {"location": "The job shop", "duration": "187200", "type": "operation_fixed_time"}},
{"pk": "J06T04", "model": "input.operation", "fields": {"location": "The job shop", "duration": "342000", "type": "operation_fixed_time"}},
{"pk": "J06T05", "model": "input.operation", "fields": {"location": "The job shop", "duration": "172800", "type": "operation_fixed_time"}},
{"pk": "J06T06", "model": "input.operation", "fields": {"location": "The job shop", "duration": "259200", "type": "operation_fixed_time"}},
{"pk": "J06T07", "model": "input.operation", "fields": {"location": "The job shop", "duration": "169200", "type": "operation_fixed_time"}},
{"pk": "J06T08", "model": "input.operation", "fields": {"location": "The job shop", "duration": "234000", "type": "operation_fixed_time"}},
{"pk": "J06T09", "model": "input.operation", "fields": {"location": "The job shop", "duration": "21600", "type": "operation_fixed_time"}},
{"pk": "J06T10", "model": "input.operation", "fields": {"location": "The job shop", "duration": "90000", "type": "operation_fixed_time"}},
{"pk": "J07T01", "model": "input.operation", "fields": {"location": "The job shop", "duration": "165600", "type": "operation_fixed_time"}},
{"pk": "J07T02", "model": "input.operation", "fields": {"location": "The job shop", "duration": "133200", "type": "operation_fixed_time"}},
{"pk": "J07T03", "model": "input.operation", "fields": {"location": "The job shop", "duration": "219600", "type": "operation_fixed_time"}},
{"pk": "J07T04", "model": "input.operation", "fields": {"location": "The job shop", "duration": "46800", "type": "operation_fixed_time"}},
{"pk": "J07T05", "model": "input.operation", "fields": {"location": "The job shop", "duration": "115200", "type": "operation_fixed_time"}},
{"pk": "J07T06", "model": "input.operation", "fields": {"location": "The job shop", "duration": "75600", "type": "operation_fixed_time"}},
{"pk": "J07T07", "model": "input.operation", "fields": {"location": "The job shop", "duration": "115200", "type": "operation_fixed_time"}},
{"pk": "J07T08", "model": "input.operation", "fields": {"location": "The job shop", "duration": "320400", "type": "operation_fixed_time"}},
{"pk": "J07T09", "model": "input.operation", "fields": {"location": "The job shop", "duration": "108000", "type": "operation_fixed_time"}},
{"pk": "J07T10", "model": "input.operation", "fields": {"location": "The job shop", "duration": "198000", "type": "operation_fixed_time"}},
{"pk": "J08T01", "model": "input.operation", "fields": {"location": "The job shop", "duration": "111600", "type": "operation_fixed_time"}},
{"pk": "J08T02", "model": "input.operation", "fields": {"location": "The job shop", "duration": "309600", "type": "operation_fixed_time"}},
{"pk": "J08T03", "model": "input.operation", "fields": {"location": "The job shop", "duration": "165600", "type": "operation_fixed_time"}},
{"pk": "J08T04", "model": "input.operation", "fields": {"location": "The job shop", "duration": "266400", "type": "operation_fixed_time"}},
{"pk": "J08T05", "model": "input.operation", "fields": {"location": "The job shop", "duration": "115200", "type": "operation_fixed_time"}},
{"pk": "J08T06", "model": "input.operation", "fields": {"location": "The job shop", "duration": "316800", "type": "operation_fixed_time"}},
{"pk": "J08T07", "model": "input.operation", "fields": {"location": "The job shop", "duration": "68400", "type": "operation_fixed_time"}},
{"pk": "J08T08", "model": "input.operation", "fields": {"location": "The job shop", "duration": "172800", "type": "operation_fixed_time"}},
{"pk": "J08T09", "model": "input.operation", "fields": {"location": "The job shop", "duration": "129600", "type": "operation_fixed_time"}},
{"pk": "J08T10", "model": "input.operation", "fields": {"location": "The job shop", "duration": "284400", "type": "operation_fixed_time"}},
{"pk": "J09T01", "model": "input.operation", "fields": {"location": "The job shop", "duration": "273600", "type": "operation_fixed_time"}},
{"pk": "J09T02", "model": "input.operation", "fields": {"location": "The job shop", "duration": "248400", "type": "operation_fixed_time"}},
{"pk": "J09T03", "model": "input.operation", "fields": {"location": "The job shop", "duration": "273600", "type": "operation_fixed_time"}},
{"pk": "J09T04", "model": "input.operation", "fields": {"location": "The job shop", "duration": "183600", "type": "operation_fixed_time"}},
{"pk": "J09T05", "model": "input.operation", "fields": {"location": "The job shop", "duration": "306000", "type": "operation_fixed_time"}},
{"pk": "J09T06", "model": "input.operation", "fields": {"location": "The job shop", "duration": "39600", "type": "operation_fixed_time"}},
{"pk": "J09T07", "model": "input.operation", "fields": {"location": "The job shop", "duration": "144000", "type": "operation_fixed_time"}},
{"pk": "J09T08", "model": "input.operation", "fields": {"location": "The job shop", "duration": "320400", "type": "operation_fixed_time"}},
{"pk": "J09T09", "model": "input.operation", "fields": {"location": "The job shop", "duration": "93600", "type": "operation_fixed_time"}},
{"pk": "J09T10", "model": "input.operation", "fields": {"location": "The job shop", "duration": "266400", "type": "operation_fixed_time"}},
{"pk": "J10T01", "model": "input.operation", "fields": {"location": "The job shop", "duration": "306000", "type": "operation_fixed_time"}},
{"pk": "J10T02", "model": "input.operation", "fields": {"location": "The job shop", "duration": "46800", "type": "operation_fixed_time"}},
{"pk": "J10T03", "model": "input.operation", "fields": {"location": "The job shop", "duration": "219600", "type": "operation_fixed_time"}},
{"pk": "J10T04", "model": "input.operation", "fields": {"location": "The job shop", "duration": "25200", "type": "operation_fixed_time"}},
{"pk": "J10T05", "model": "input.operation", "fields": {"location": "The job shop", "duration": "230400", "type": "operation_fixed_time"}},
{"pk": "J10T06", "model": "input.operation", "fields": {"location": "The job shop", "duration": "273600", "type": "operation_fixed_time"}},
{"pk": "J10T07", "model": "input.operation", "fields": {"location": "The job shop", "duration": "169200", "type": "operation_fixed_time"}},
{"pk": "J10T08", "model": "input.operation", "fields": {"location": "The job shop", "duration": "187200", "type": "operation_fixed_time"}},
{"pk": "J10T09", "model": "input.operation", "fields": {"location": "The job shop", "duration": "324000", "type": "operation_fixed_time"}},
{"pk": "J10T10", "model": "input.operation", "fields": {"location": "The job shop", "duration": "162000", "type": "operation_fixed_time"}},
{"pk": 1, "model": "input.suboperation", "fields": {"priority": 1, "suboperation": "J01T01", "operation": "routing of job 1"}},
{"pk": 2, "model": "input.suboperation", "fields": {"priority": 2, "suboperation": "J01T02", "operation": "routing of job 1"}},
{"pk": 3, "model": "input.suboperation", "fields": {"priority": 3, "suboperation": "J01T03", "operation": "routing of job 1"}},
{"pk": 4, "model": "input.suboperation", "fields": {"priority": 4, "suboperation": "J01T04", "operation": "routing of job 1"}},
{"pk": 5, "model": "input.suboperation", "fields": {"priority": 5, "suboperation": "J01T05", "operation": "routing of job 1"}},
{"pk": 6, "model": "input.suboperation", "fields": {"priority": 6, "suboperation": "J01T06", "operation": "routing of job 1"}},
{"pk": 7, "model": "input.suboperation", "fields": {"priority": 7, "suboperation": "J01T07", "operation": "routing of job 1"}},
{"pk": 8, "model": "input.suboperation", "fields": {"priority": 8, "suboperation": "J01T08", "operation": "routing of job 1"}},
{"pk": 9, "model": "input.suboperation", "fields": {"priority": 9, "suboperation": "J01T09", "operation": "routing of job 1"}},
{"pk": 10, "model": "input.suboperation", "fields": {"priority": 10, "suboperation": "J01T10", "operation": "routing of job 1"}},
{"pk": 91, "model": "input.suboperation", "fields": {"priority": 1, "suboperation": "J10T01", "operation": "routing of job 10"}},
{"pk": 92, "model": "input.suboperation", "fields": {"priority": 2, "suboperation": "J10T02", "operation": "routing of job 10"}},
{"pk": 93, "model": "input.suboperation", "fields": {"priority": 3, "suboperation": "J10T03", "operation": "routing of job 10"}},
{"pk": 94, "model": "input.suboperation", "fields": {"priority": 4, "suboperation": "J10T04", "operation": "routing of job 10"}},
{"pk": 95, "model": "input.suboperation", "fields": {"priority": 5, "suboperation": "J10T05", "operation": "routing of job 10"}},
{"pk": 96, "model": "input.suboperation", "fields": {"priority": 6, "suboperation": "J10T06", "operation": "routing of job 10"}},
{"pk": 97, "model": "input.suboperation", "fields": {"priority": 7, "suboperation": "J10T07", "operation": "routing of job 10"}},
{"pk": 98, "model": "input.suboperation", "fields": {"priority": 8, "suboperation": "J10T08", "operation": "routing of job 10"}},
{"pk": 99, "model": "input.suboperation", "fields": {"priority": 9, "suboperation": "J10T09", "operation": "routing of job 10"}},
{"pk": 100, "model": "input.suboperation", "fields": {"priority": 10, "suboperation": "J10T10", "operation": "routing of job 10"}},
{"pk": 11, "model": "input.suboperation", "fields": {"priority": 1, "suboperation": "J02T01", "operation": "routing of job 2"}},
{"pk": 12, "model": "input.suboperation", "fields": {"priority": 2, "suboperation": "J02T02", "operation": "routing of job 2"}},
{"pk": 13, "model": "input.suboperation", "fields": {"priority": 3, "suboperation": "J02T03", "operation": "routing of job 2"}},
{"pk": 14, "model": "input.suboperation", "fields": {"priority": 4, "suboperation": "J02T04", "operation": "routing of job 2"}},
{"pk": 15, "model": "input.suboperation", "fields": {"priority": 5, "suboperation": "J02T05", "operation": "routing of job 2"}},
{"pk": 16, "model": "input.suboperation", "fields": {"priority": 6, "suboperation": "J02T06", "operation": "routing of job 2"}},
{"pk": 17, "model": "input.suboperation", "fields": {"priority": 7, "suboperation": "J02T07", "operation": "routing of job 2"}},
{"pk": 18, "model": "input.suboperation", "fields": {"priority": 8, "suboperation": "J02T08", "operation": "routing of job 2"}},
{"pk": 19, "model": "input.suboperation", "fields": {"priority": 9, "suboperation": "J02T09", "operation": "routing of job 2"}},
{"pk": 20, "model": "input.suboperation", "fields": {"priority": 10, "suboperation": "J02T10", "operation": "routing of job 2"}},
{"pk": 21, "model": "input.suboperation", "fields": {"priority": 1, "suboperation": "J03T01", "operation": "routing of job 3"}},
{"pk": 22, "model": "input.suboperation", "fields": {"priority": 2, "suboperation": "J03T02", "operation": "routing of job 3"}},
{"pk": 23, "model": "input.suboperation", "fields": {"priority": 3, "suboperation": "J03T03", "operation": "routing of job 3"}},
{"pk": 24, "model": "input.suboperation", "fields": {"priority": 4, "suboperation": "J03T04", "operation": "routing of job 3"}},
{"pk": 25, "model": "input.suboperation", "fields": {"priority": 5, "suboperation": "J03T05", "operation": "routing of job 3"}},
{"pk": 26, "model": "input.suboperation", "fields": {"priority": 6, "suboperation": "J03T06", "operation": "routing of job 3"}},
{"pk": 27, "model": "input.suboperation", "fields": {"priority": 7, "suboperation": "J03T07", "operation": "routing of job 3"}},
{"pk": 28, "model": "input.suboperation", "fields": {"priority": 8, "suboperation": "J03T08", "operation": "routing of job 3"}},
{"pk": 29, "model": "input.suboperation", "fields": {"priority": 9, "suboperation": "J03T09", "operation": "routing of job 3"}},
{"pk": 30, "model": "input.suboperation", "fields": {"priority": 10, "suboperation": "J03T10", "operation": "routing of job 3"}},
{"pk": 31, "model": "input.suboperation", "fields": {"priority": 1, "suboperation": "J04T01", "operation": "routing of job 4"}},
{"pk": 32, "model": "input.suboperation", "fields": {"priority": 2, "suboperation": "J04T02", "operation": "routing of job 4"}},
{"pk": 33, "model": "input.suboperation", "fields": {"priority": 3, "suboperation": "J04T03", "operation": "routing of job 4"}},
{"pk": 34, "model": "input.suboperation", "fields": {"priority": 4, "suboperation": "J04T04", "operation": "routing of job 4"}},
{"pk": 35, "model": "input.suboperation", "fields": {"priority": 5, "suboperation": "J04T05", "operation": "routing of job 4"}},
{"pk": 36, "model": "input.suboperation", "fields": {"priority": 6, "suboperation": "J04T06", "operation": "routing of job 4"}},
{"pk": 37, "model": "input.suboperation", "fields": {"priority": 7, "suboperation": "J04T07", "operation": "routing of job 4"}},
{"pk": 38, "model": "input.suboperation", "fields": {"priority": 8, "suboperation": "J04T08", "operation": "routing of job 4"}},
{"pk": 39, "model": "input.suboperation", "fields": {"priority": 9, "suboperation": "J04T09", "operation": "routing of job 4"}},
{"pk": 40, "model": "input.suboperation", "fields": {"priority": 10, "suboperation": "J04T10", "operation": "routing of job 4"}},
{"pk": 41, "model": "input.suboperation", "fields": {"priority": 1, "suboperation": "J05T01", "operation": "routing of job 5"}},
{"pk": 42, "model": "input.suboperation", "fields": {"priority": 2, "suboperation": "J05T02", "operation": "routing of job 5"}},
{"pk": 43, "model": "input.suboperation", "fields": {"priority": 3, "suboperation": "J05T03", "operation": "routing of job 5"}},
{"pk": 44, "model": "input.suboperation", "fields": {"priority": 4, "suboperation": "J05T04", "operation": "routing of job 5"}},
{"pk": 45, "model": "input.suboperation", "fields": {"priority": 5, "suboperation": "J05T05", "operation": "routing of job 5"}},
{"pk": 46, "model": "input.suboperation", "fields": {"priority": 6, "suboperation": "J05T06", "operation": "routing of job 5"}},
{"pk": 47, "model": "input.suboperation", "fields": {"priority": 7, "suboperation": "J05T07", "operation": "routing of job 5"}},
{"pk": 48, "model": "input.suboperation", "fields": {"priority": 8, "suboperation": "J05T08", "operation": "routing of job 5"}},
{"pk": 49, "model": "input.suboperation", "fields": {"priority": 9, "suboperation": "J05T09", "operation": "routing of job 5"}},
{"pk": 50, "model": "input.suboperation", "fields": {"priority": 10, "suboperation": "J05T10", "operation": "routing of job 5"}},
{"pk": 51, "model": "input.suboperation", "fields": {"priority": 1, "suboperation": "J06T01", "operation": "routing of job 6"}},
{"pk": 52, "model": "input.suboperation", "fields": {"priority": 2, "suboperation": "J06T02", "operation": "routing of job 6"}},
{"pk": 53, "model": "input.suboperation", "fields": {"priority": 3, "suboperation": "J06T03", "operation": "routing of job 6"}},
{"pk": 54, "model": "input.suboperation", "fields": {"priority": 4, "suboperation": "J06T04", "operation": "routing of job 6"}},
{"pk": 55, "model": "input.suboperation", "fields": {"priority": 5, "suboperation": "J06T05", "operation": "routing of job 6"}},
{"pk": 56, "model": "input.suboperation", "fields": {"priority": 6, "suboperation": "J06T06", "operation": "routing of job 6"}},
{"pk": 57, "model": "input.suboperation", "fields": {"priority": 7, "suboperation": "J06T07", "operation": "routing of job 6"}},
{"pk": 58, "model": "input.suboperation", "fields": {"priority": 8, "suboperation": "J06T08", "operation": "routing of job 6"}},
{"pk": 59, "model": "input.suboperation", "fields": {"priority": 9, "suboperation": "J06T09", "operation": "routing of job 6"}},
{"pk": 60, "model": "input.suboperation", "fields": {"priority": 10, "suboperation": "J06T10", "operation": "routing of job 6"}},
{"pk": 61, "model": "input.suboperation", "fields": {"priority": 1, "suboperation": "J07T01", "operation": "routing of job 7"}},
{"pk": 62, "model": "input.suboperation", "fields": {"priority": 2, "suboperation": "J07T02", "operation": "routing of job 7"}},
{"pk": 63, "model": "input.suboperation", "fields": {"priority": 3, "suboperation": "J07T03", "operation": "routing of job 7"}},
{"pk": 64, "model": "input.suboperation", "fields": {"priority": 4, "suboperation": "J07T04", "operation": "routing of job 7"}},
{"pk": 65, "model": "input.suboperation", "fields": {"priority": 5, "suboperation": "J07T05", "operation": "routing of job 7"}},
{"pk": 66, "model": "input.suboperation", "fields": {"priority": 6, "suboperation": "J07T06", "operation": "routing of job 7"}},
{"pk": 67, "model": "input.suboperation", "fields": {"priority": 7, "suboperation": "J07T07", "operation": "routing of job 7"}},
{"pk": 68, "model": "input.suboperation", "fields": {"priority": 8, "suboperation": "J07T08", "operation": "routing of job 7"}},
{"pk": 69, "model": "input.suboperation", "fields": {"priority": 9, "suboperation": "J07T09", "operation": "routing of job 7"}},
{"pk": 70, "model": "input.suboperation", "fields": {"priority": 10, "suboperation": "J07T10", "operation": "routing of job 7"}},
{"pk": 71, "model": "input.suboperation", "fields": {"priority": 1, "suboperation": "J08T01", "operation": "routing of job 8"}},
{"pk": 72, "model": "input.suboperation", "fields": {"priority": 2, "suboperation": "J08T02", "operation": "routing of job 8"}},
{"pk": 73, "model": "input.suboperation", "fields": {"priority": 3, "suboperation": "J08T03", "operation": "routing of job 8"}},
{"pk": 74, "model": "input.suboperation", "fields": {"priority": 4, "suboperation": "J08T04", "operation": "routing of job 8"}},
{"pk": 75, "model": "input.suboperation", "fields": {"priority": 5, "suboperation": "J08T05", "operation": "routing of job 8"}},
{"pk": 76, "model": "input.suboperation", "fields": {"priority": 6, "suboperation": "J08T06", "operation": "routing of job 8"}},
{"pk": 77, "model": "input.suboperation", "fields": {"priority": 7, "suboperation": "J08T07", "operation": "routing of job 8"}},
{"pk": 78, "model": "input.suboperation", "fields": {"priority": 8, "suboperation": "J08T08", "operation": "routing of job 8"}},
{"pk": 79, "model": "input.suboperation", "fields": {"priority": 9, "suboperation": "J08T09", "operation": "routing of job 8"}},
{"pk": 80, "model": "input.suboperation", "fields": {"priority": 10, "suboperation": "J08T10", "operation": "routing of job 8"}},
{"pk": 81, "model": "input.suboperation", "fields": {"priority": 1, "suboperation": "J09T01", "operation": "routing of job 9"}},
{"pk": 82, "model": "input.suboperation", "fields": {"priority": 2, "suboperation": "J09T02", "operation": "routing of job 9"}},
{"pk": 83, "model": "input.suboperation", "fields": {"priority": 3, "suboperation": "J09T03", "operation": "routing of job 9"}},
{"pk": 84, "model": "input.suboperation", "fields": {"priority": 4, "suboperation": "J09T04", "operation": "routing of job 9"}},
{"pk": 85, "model": "input.suboperation", "fields": {"priority": 5, "suboperation": "J09T05", "operation": "routing of job 9"}},
{"pk": 86, "model": "input.suboperation", "fields": {"priority": 6, "suboperation": "J09T06", "operation": "routing of job 9"}},
{"pk": 87, "model": "input.suboperation", "fields": {"priority": 7, "suboperation": "J09T07", "operation": "routing of job 9"}},
{"pk": 88, "model": "input.suboperation", "fields": {"priority": 8, "suboperation": "J09T08", "operation": "routing of job 9"}},
{"pk": 89, "model": "input.suboperation", "fields": {"priority": 9, "suboperation": "J09T09", "operation": "routing of job 9"}},
{"pk": 90, "model": "input.suboperation", "fields": {"priority": 10, "suboperation": "J09T10", "operation": "routing of job 9"}},
{"pk": 1, "model": "input.load", "fields": {"resource": "Machine 00", "operation": "J01T01", "quantity": "1"}},
{"pk": 2, "model": "input.load", "fields": {"resource": "Machine 01", "operation": "J01T02", "quantity": "1"}},
{"pk": 3, "model": "input.load", "fields": {"resource": "Machine 02", "operation": "J01T03", "quantity": "1"}},
{"pk": 4, "model": "input.load", "fields": {"resource": "Machine 03", "operation": "J01T04", "quantity": "1"}},
{"pk": 5, "model": "input.load", "fields": {"resource": "Machine 04", "operation": "J01T05", "quantity": "1"}},
{"pk": 6, "model": "input.load", "fields": {"resource": "Machine 05", "operation": "J01T06", "quantity": "1"}},
{"pk": 7, "model": "input.load", "fields": {"resource": "Machine 06", "operation": "J01T07", "quantity": "1"}},
{"pk": 8, "model": "input.load", "fields": {"resource": "Machine 07", "operation": "J01T08", "quantity": "1"}},
{"pk": 9, "model": "input.load", "fields": {"resource": "Machine 08", "operation": "J01T09", "quantity": "1"}},
{"pk": 10, "model": "input.load", "fields": {"resource": "Machine 09", "operation": "J01T10", "quantity": "1"}},
{"pk": 11, "model": "input.load", "fields": {"resource": "Machine 00", "operation": "J02T01", "quantity": "1"}},
{"pk": 12, "model": "input.load", "fields": {"resource": "Machine 02", "operation": "J02T02", "quantity": "1"}},
{"pk": 13, "model": "input.load", "fields": {"resource": "Machine 04", "operation": "J02T03", "quantity": "1"}},
{"pk": 14, "model": "input.load", "fields": {"resource": "Machine 09", "operation": "J02T04", "quantity": "1"}},
{"pk": 15, "model": "input.load", "fields": {"resource": "Machine 03", "operation": "J02T05", "quantity": "1"}},
{"pk": 16, "model": "input.load", "fields": {"resource": "Machine 01", "operation": "J02T06", "quantity": "1"}},
{"pk": 17, "model": "input.load", "fields": {"resource": "Machine 06", "operation": "J02T07", "quantity": "1"}},
{"pk": 18, "model": "input.load", "fields": {"resource": "Machine 05", "operation": "J02T08", "quantity": "1"}},
{"pk": 19, "model": "input.load", "fields": {"resource": "Machine 07", "operation": "J02T09", "quantity": "1"}},
{"pk": 20, "model": "input.load", "fields": {"resource": "Machine 08", "operation": "J02T10", "quantity": "1"}},
{"pk": 21, "model": "input.load", "fields": {"resource": "Machine 01", "operation": "J03T01", "quantity": "1"}},
{"pk": 22, "model": "input.load", "fields": {"resource": "Machine 00", "operation": "J03T02", "quantity": "1"}},
{"pk": 23, "model": "input.load", "fields": {"resource": "Machine 03", "operation": "J03T03", "quantity": "1"}},
{"pk": 24, "model": "input.load", "fields": {"resource": "Machine 02", "operation": "J03T04", "quantity": "1"}},
{"pk": 25, "model": "input.load", "fields": {"resource": "Machine 08", "operation": "J03T05", "quantity": "1"}},
{"pk": 26, "model": "input.load", "fields": {"resource": "Machine 05", "operation": "J03T06", "quantity": "1"}},
{"pk": 27, "model": "input.load", "fields": {"resource": "Machine 07", "operation": "J03T07", "quantity": "1"}},
{"pk": 28, "model": "input.load", "fields": {"resource": "Machine 06", "operation": "J03T08", "quantity": "1"}},
{"pk": 29, "model": "input.load", "fields": {"resource": "Machine 09", "operation": "J03T09", "quantity": "1"}},
{"pk": 30, "model": "input.load", "fields": {"resource": "Machine 04", "operation": "J03T10", "quantity": "1"}},
{"pk": 31, "model": "input.load", "fields": {"resource": "Machine 01", "operation": "J04T01", "quantity": "1"}},
{"pk": 32, "model": "input.load", "fields": {"resource": "Machine 02", "operation": "J04T02", "quantity": "1"}},
{"pk": 33, "model": "input.load", "fields": {"resource": "Machine 00", "operation": "J04T03", "quantity": "1"}},
{"pk": 34, "model": "input.load", "fields": {"resource": "Machine 04", "operation": "J04T04", "quantity": "1"}},
{"pk": 35, "model": "input.load", "fields": {"resource": "Machine 06", "operation": "J04T05", "quantity": "1"}},
{"pk": 36, "model": "input.load", "fields": {"resource": "Machine 08", "operation": "J04T06", "quantity": "1"}},
{"pk": 37, "model": "input.load", "fields": {"resource": "Machine 07", "operation": "J04T07", "quantity": "1"}},
{"pk": 38, "model": "input.load", "fields": {"resource": "Machine 03", "operation": "J04T08", "quantity": "1"}},
{"pk": 39, "model": "input.load", "fields": {"resource": "Machine 09", "operation": "J04T09", "quantity": "1"}},
{"pk": 40, "model": "input.load", "fields": {"resource": "Machine 05", "operation": "J04T10", "quantity": "1"}},
{"pk": 41, "model": "input.load", "fields": {"resource": "Machine 02", "operation": "J05T01", "quantity": "1"}},
{"pk": 42, "model": "input.load", "fields": {"resource": "Machine 00", "operation": "J05T02", "quantity": "1"}},
{"pk": 43, "model": "input.load", "fields": {"resource": "Machine 01", "operation": "J05T03", "quantity": "1"}},
{"pk": 44, "model": "input.load", "fields": {"resource": "Machine 05", "operation": "J05T04", "quantity": "1"}},
{"pk": 45, "model": "input.load", "fields": {"resource": "Machine 03", "operation": "J05T05", "quantity": "1"}},
{"pk": 46, "model": "input.load", "fields": {"resource": "Machine 04", "operation": "J05T06", "quantity": "1"}},
{"pk": 47, "model": "input.load", "fields": {"resource": "Machine 08", "operation": "J05T07", "quantity": "1"}},
{"pk": 48, "model": "input.load", "fields": {"resource": "Machine 07", "operation": "J05T08", "quantity": "1"}},
{"pk": 49, "model": "input.load", "fields": {"resource": "Machine 09", "operation": "J05T09", "quantity": "1"}},
{"pk": 50, "model": "input.load", "fields": {"resource": "Machine 06", "operation": "J05T10", "quantity": "1"}},
{"pk": 51, "model": "input.load", "fields": {"resource": "Machine 02", "operation": "J06T01", "quantity": "1"}},
{"pk": 52, "model": "input.load", "fields": {"resource": "Machine 01", "operation": "J06T02", "quantity": "1"}},
{"pk": 53, "model": "input.load", "fields": {"resource": "Machine 05", "operation": "J06T03", "quantity": "1"}},
{"pk": 54, "model": "input.load", "fields": {"resource": "Machine 03", "operation": "J06T04", "quantity": "1"}},
{"pk": 55, "model": "input.load", "fields": {"resource": "Machine 08", "operation": "J06T05", "quantity": "1"}},
{"pk": 56, "model": "input.load", "fields": {"resource": "Machine 09", "operation": "J06T06", "quantity": "1"}},
{"pk": 57, "model": "input.load", "fields": {"resource": "Machine 00", "operation": "J06T07", "quantity": "1"}},
{"pk": 58, "model": "input.load", "fields": {"resource": "Machine 06", "operation": "J06T08", "quantity": "1"}},
{"pk": 59, "model": "input.load", "fields": {"resource": "Machine 04", "operation": "J06T09", "quantity": "1"}},
{"pk": 60, "model": "input.load", "fields": {"resource": "Machine 07", "operation": "J06T10", "quantity": "1"}},
{"pk": 61, "model": "input.load", "fields": {"resource": "Machine 01", "operation": "J07T01", "quantity": "1"}},
{"pk": 62, "model": "input.load", "fields": {"resource": "Machine 00", "operation": "J07T02", "quantity": "1"}},
{"pk": 63, "model": "input.load", "fields": {"resource": "Machine 03", "operation": "J07T03", "quantity": "1"}},
{"pk": 64, "model": "input.load", "fields": {"resource": "Machine 02", "operation": "J07T04", "quantity": "1"}},
{"pk": 65, "model": "input.load", "fields": {"resource": "Machine 06", "operation": "J07T05", "quantity": "1"}},
{"pk": 66, "model": "input.load", "fields": {"resource": "Machine 05", "operation": "J07T06", "quantity": "1"}},
{"pk": 67, "model": "input.load", "fields": {"resource": "Machine 09", "operation": "J07T07", "quantity": "1"}},
{"pk": 68, "model": "input.load", "fields": {"resource": "Machine 08", "operation": "J07T08", "quantity": "1"}},
{"pk": 69, "model": "input.load", "fields": {"resource": "Machine 07", "operation": "J07T09", "quantity": "1"}},
{"pk": 70, "model": "input.load", "fields": {"resource": "Machine 04", "operation": "J07T10", "quantity": "1"}},
{"pk": 71, "model": "input.load", "fields": {"resource": "Machine 02", "operation": "J08T01", "quantity": "1"}},
{"pk": 72, "model": "input.load", "fields": {"resource": "Machine 00", "operation": "J08T02", "quantity": "1"}},
{"pk": 73, "model": "input.load", "fields": {"resource": "Machine 01", "operation": "J08T03", "quantity": "1"}},
{"pk": 74, "model": "input.load", "fields": {"resource": "Machine 05", "operation": "J08T04", "quantity": "1"}},
{"pk": 75, "model": "input.load", "fields": {"resource": "Machine 04", "operation": "J08T05", "quantity": "1"}},
{"pk": 76, "model": "input.load", "fields": {"resource": "Machine 06", "operation": "J08T06", "quantity": "1"}},
{"pk": 77, "model": "input.load", "fields": {"resource": "Machine 08", "operation": "J08T07", "quantity": "1"}},
{"pk": 78, "model": "input.load", "fields": {"resource": "Machine 09", "operation": "J08T08", "quantity": "1"}},
{"pk": 79, "model": "input.load", "fields": {"resource": "Machine 07", "operation": "J08T09", "quantity": "1"}},
{"pk": 80, "model": "input.load", "fields": {"resource": "Machine 03", "operation": "J08T10", "quantity": "1"}},
{"pk": 81, "model": "input.load", "fields": {"resource": "Machine 00", "operation": "J09T01", "quantity": "1"}},
{"pk": 82, "model": "input.load", "fields": {"resource": "Machine 01", "operation": "J09T02", "quantity": "1"}},
{"pk": 83, "model": "input.load", "fields": {"resource": "Machine 03", "operation": "J09T03", "quantity": "1"}},
{"pk": 84, "model": "input.load", "fields": {"resource": "Machine 05", "operation": "J09T04", "quantity": "1"}},
{"pk": 85, "model": "input.load", "fields": {"resource": "Machine 02", "operation": "J09T05", "quantity": "1"}},
{"pk": 86, "model": "input.load", "fields": {"resource": "Machine 09", "operation": "J09T06", "quantity": "1"}},
{"pk": 87, "model": "input.load", "fields": {"resource": "Machine 06", "operation": "J09T07", "quantity": "1"}},
{"pk": 88, "model": "input.load", "fields": {"resource": "Machine 07", "operation": "J09T08", "quantity": "1"}},
{"pk": 89, "model": "input.load", "fields": {"resource": "Machine 04", "operation": "J09T09", "quantity": "1"}},
{"pk": 90, "model": "input.load", "fields": {"resource": "Machine 08", "operation": "J09T10", "quantity": "1"}},
{"pk": 91, "model": "input.load", "fields": {"resource": "Machine 01", "operation": "J10T01", "quantity": "1"}},
{"pk": 92, "model": "input.load", "fields": {"resource": "Machine 00", "operation": "J10T02", "quantity": "1"}},
{"pk": 93, "model": "input.load", "fields": {"resource": "Machine 02", "operation": "J10T03", "quantity": "1"}},
{"pk": 94, "model": "input.load", "fields": {"resource": "Machine 06", "operation": "J10T04", "quantity": "1"}},
{"pk": 95, "model": "input.load", "fields": {"resource": "Machine 08", "operation": "J10T05", "quantity": "1"}},
{"pk": 96, "model": "input.load", "fields": {"resource": "Machine 09", "operation": "J10T06", "quantity": "1"}},
{"pk": 97, "model": "input.load", "fields": {"resource": "Machine 05", "operation": "J10T07", "quantity": "1"}},
{"pk": 98, "model": "input.load", "fields": {"resource": "Machine 03", "operation": "J10T08", "quantity": "1"}},
{"pk": 99, "model": "input.load", "fields": {"resource": "Machine 04", "operation": "J10T09", "quantity": "1"}},
{"pk": 100, "model": "input.load", "fields": {"resource": "Machine 07", "operation": "J10T10", "quantity": "1"}},
{"pk": "Job 01", "model": "input.demand", "fields": {"customer": "My customer", "due": "2009-02-08 18:00:00", "priority": 2, "item": "Item 01", "operation": "routing of job 1", "quantity": "1"}},
{"pk": "Job 02", "model": "input.demand", "fields": {"customer": "My customer", "due": "2009-02-08 18:00:00", "priority": 2, "item": "Item 02", "operation": "routing of job 2", "quantity": "1"}},
{"pk": "Job 03", "model": "input.demand", "fields": {"customer": "My customer", "due": "2009-02-08 18:00:00", "priority": 2, "item": "Item 03", "operation": "routing of job 3", "quantity": "1"}},
{"pk": "Job 04", "model": "input.demand", "fields": {"customer": "My customer", "due": "2009-02-08 18:00:00", "priority": 2, "item": "Item 04", "operation": "routing of job 4", "quantity": "1"}},
{"pk": "Job 05", "model": "input.demand", "fields": {"customer": "My customer", "due": "2009-02-08 18:00:00", "priority": 2, "item": "Item 05", "operation": "routing of job 5", "quantity": "1"}},
{"pk": "Job 06", "model": "input.demand", "fields": {"customer": "My customer", "due": "2009-02-08 18:00:00", "priority": 2, "item": "Item 06", "operation": "routing of job 6", "quantity": "1"}},
{"pk": "Job 07", "model": "input.demand", "fields": {"customer": "My customer", "due": "2009-02-08 18:00:00", "priority": 2, "item": "Item 07", "operation": "routing of job 7", "quantity": "1"}},
{"pk": "Job 08", "model": "input.demand", "fields": {"customer": "My customer", "due": "2009-02-08 18:00:00", "priority": 2, "item": "Item 08", "operation": "routing of job 8", "quantity": "1"}},
{"pk": "Job 09", "model": "input.demand", "fields": {"customer": "My customer", "due": "2009-02-08 18:00:00", "priority": 2, "item": "Item 09", "operation": "routing of job 9", "quantity": "1"}},
{"pk": "Job 10", "model": "input.demand", "fields": {"customer": "My customer", "due": "2009-02-08 18:00:00", "priority": 2, "item": "Item 10", "operation": "routing of job 10", "quantity": "1"}}
]
