[
{"pk": "1", "model": "input.plan", "fields": {"currentdate": "2007-01-01 00:00:00", "name": "frePPLe"}},
{"pk": "factory 1", "model": "input.location", "fields": { "description": "A factory that manufactures, stores and packages products"}},
{"pk": "factory 2", "model": "input.location", "fields": { "description": "A factory that stores and packages products"}},
{"pk": "pack capacity factory 1", "model": "input.calendar", "fields": {}},
{"pk": "pack capacity factory 2", "model": "input.calendar", "fields": {}},
{"pk": "Working Days", "model": "input.calendar", "fields": {}},
{"pk": "1", "model": "input.bucket", "fields": {"value": "1.00", "startdate": "2007-01-01 00:00:00", "calendar": "pack capacity factory 1"}},
{"pk": "2", "model": "input.bucket", "fields": {"value": "1.00", "startdate": "2007-01-01 00:00:00", "calendar": "pack capacity factory 2"}},
{"pk": "3", "model": "input.bucket", "fields": {"value": "0.00", "startdate": "2007-02-01 00:00:00", "calendar": "pack capacity factory 1"}},
{"pk": "Customer near factory 1", "model": "input.customer", "fields": {}},
{"pk": "Customer near factory 2", "model": "input.customer", "fields": {}},
{"pk": 686, "model": "input.bucket", "fields": {"startdate": "2006-01-02 00:00:00", "enddate": "2006-01-07 00:00:00", "value": "1.0000", "calendar": "Working Days"}},
{"pk": 687, "model": "input.bucket", "fields": {"startdate": "2006-01-07 00:00:00", "enddate": "2006-01-09 00:00:00", "value": "0.0000", "calendar": "Working Days"}},
{"pk": 688, "model": "input.bucket", "fields": {"startdate": "2006-01-09 00:00:00", "enddate": "2006-01-14 00:00:00", "value": "1.0000", "calendar": "Working Days"}},
{"pk": 689, "model": "input.bucket", "fields": {"startdate": "2006-01-14 00:00:00", "enddate": "2006-01-16 00:00:00", "value": "0.0000", "calendar": "Working Days"}},
{"pk": 690, "model": "input.bucket", "fields": {"startdate": "2006-01-16 00:00:00", "enddate": "2006-01-21 00:00:00", "value": "1.0000", "calendar": "Working Days"}},
{"pk": 691, "model": "input.bucket", "fields": {"startdate": "2006-01-21 00:00:00", "enddate": "2006-01-23 00:00:00", "value": "0.0000", "calendar": "Working Days"}},
{"pk": 692, "model": "input.bucket", "fields": {"startdate": "2006-01-23 00:00:00", "enddate": "2006-01-28 00:00:00", "value": "1.0000", "calendar": "Working Days"}},
{"pk": 693, "model": "input.bucket", "fields": {"startdate": "2006-01-28 00:00:00", "enddate": "2006-01-30 00:00:00", "value": "0.0000", "calendar": "Working Days"}},
{"pk": 694, "model": "input.bucket", "fields": {"startdate": "2006-01-30 00:00:00", "enddate": "2006-02-04 00:00:00", "value": "1.0000", "calendar": "Working Days"}},
{"pk": 695, "model": "input.bucket", "fields": {"startdate": "2006-02-04 00:00:00", "enddate": "2006-02-06 00:00:00", "value": "0.0000", "calendar": "Working Days"}},
{"pk": 696, "model": "input.bucket", "fields": {"startdate": "2006-02-06 00:00:00", "enddate": "2006-02-11 00:00:00", "value": "1.0000", "calendar": "Working Days"}},
{"pk": 697, "model": "input.bucket", "fields": {"startdate": "2006-02-11 00:00:00", "enddate": "2006-02-13 00:00:00", "value": "0.0000", "calendar": "Working Days"}},
{"pk": 698, "model": "input.bucket", "fields": {"startdate": "2006-02-13 00:00:00", "enddate": "2006-02-18 00:00:00", "value": "1.0000", "calendar": "Working Days"}},
{"pk": 699, "model": "input.bucket", "fields": {"startdate": "2006-02-18 00:00:00", "enddate": "2006-02-20 00:00:00", "value": "0.0000", "calendar": "Working Days"}},
{"pk": 700, "model": "input.bucket", "fields": {"startdate": "2006-02-20 00:00:00", "enddate": "2006-02-25 00:00:00", "value": "1.0000", "calendar": "Working Days"}},
{"pk": 701, "model": "input.bucket", "fields": {"startdate": "2006-02-25 00:00:00", "enddate": "2006-02-27 00:00:00", "value": "0.0000", "calendar": "Working Days"}},
{"pk": 702, "model": "input.bucket", "fields": {"startdate": "2006-02-27 00:00:00", "enddate": "2006-03-04 00:00:00", "value": "1.0000", "calendar": "Working Days"}},
{"pk": 703, "model": "input.bucket", "fields": {"startdate": "2006-03-04 00:00:00", "enddate": "2006-03-06 00:00:00", "value": "0.0000", "calendar": "Working Days"}},
{"pk": 704, "model": "input.bucket", "fields": {"startdate": "2006-03-06 00:00:00", "enddate": "2006-03-11 00:00:00", "value": "1.0000", "calendar": "Working Days"}},
{"pk": 705, "model": "input.bucket", "fields": {"startdate": "2006-03-11 00:00:00", "enddate": "2006-03-13 00:00:00", "value": "0.0000", "calendar": "Working Days"}},
{"pk": 706, "model": "input.bucket", "fields": {"startdate": "2006-03-13 00:00:00", "enddate": "2006-03-18 00:00:00", "value": "1.0000", "calendar": "Working Days"}},
{"pk": 707, "model": "input.bucket", "fields": {"startdate": "2006-03-18 00:00:00", "enddate": "2006-03-20 00:00:00", "value": "0.0000", "calendar": "Working Days"}},
{"pk": 708, "model": "input.bucket", "fields": {"startdate": "2006-03-20 00:00:00", "enddate": "2006-03-25 00:00:00", "value": "1.0000", "calendar": "Working Days"}},
{"pk": 709, "model": "input.bucket", "fields": {"startdate": "2006-03-25 00:00:00", "enddate": "2006-03-27 00:00:00", "value": "0.0000", "calendar": "Working Days"}},
{"pk": 710, "model": "input.bucket", "fields": {"startdate": "2006-03-27 00:00:00", "enddate": "2006-04-01 00:00:00", "value": "1.0000", "calendar": "Working Days"}},
{"pk": 711, "model": "input.bucket", "fields": {"startdate": "2006-04-01 00:00:00", "enddate": "2006-04-03 00:00:00", "value": "0.0000", "calendar": "Working Days"}},
{"pk": 712, "model": "input.bucket", "fields": {"startdate": "2006-04-03 00:00:00", "enddate": "2006-04-08 00:00:00", "value": "1.0000", "calendar": "Working Days"}},
{"pk": 713, "model": "input.bucket", "fields": {"startdate": "2006-04-08 00:00:00", "enddate": "2006-04-10 00:00:00", "value": "0.0000", "calendar": "Working Days"}},
{"pk": 714, "model": "input.bucket", "fields": {"startdate": "2006-04-10 00:00:00", "enddate": "2006-04-15 00:00:00", "value": "1.0000", "calendar": "Working Days"}},
{"pk": 715, "model": "input.bucket", "fields": {"startdate": "2006-04-15 00:00:00", "enddate": "2006-04-17 00:00:00", "value": "0.0000", "calendar": "Working Days"}},
{"pk": 716, "model": "input.bucket", "fields": {"startdate": "2006-04-17 00:00:00", "enddate": "2006-04-22 00:00:00", "value": "1.0000", "calendar": "Working Days"}},
{"pk": 717, "model": "input.bucket", "fields": {"startdate": "2006-04-22 00:00:00", "enddate": "2006-04-24 00:00:00", "value": "0.0000", "calendar": "Working Days"}},
{"pk": 718, "model": "input.bucket", "fields": {"startdate": "2006-04-24 00:00:00", "enddate": "2006-04-29 00:00:00", "value": "1.0000", "calendar": "Working Days"}},
{"pk": 719, "model": "input.bucket", "fields": {"startdate": "2006-04-29 00:00:00", "enddate": "2006-05-01 00:00:00", "value": "0.0000", "calendar": "Working Days"}},
{"pk": 720, "model": "input.bucket", "fields": {"startdate": "2006-05-01 00:00:00", "enddate": "2006-05-06 00:00:00", "value": "1.0000", "calendar": "Working Days"}},
{"pk": 721, "model": "input.bucket", "fields": {"startdate": "2006-05-06 00:00:00", "enddate": "2006-05-08 00:00:00", "value": "0.0000", "calendar": "Working Days"}},
{"pk": 722, "model": "input.bucket", "fields": {"startdate": "2006-05-08 00:00:00", "enddate": "2006-05-13 00:00:00", "value": "1.0000", "calendar": "Working Days"}},
{"pk": 723, "model": "input.bucket", "fields": {"startdate": "2006-05-13 00:00:00", "enddate": "2006-05-15 00:00:00", "value": "0.0000", "calendar": "Working Days"}},
{"pk": 724, "model": "input.bucket", "fields": {"startdate": "2006-05-15 00:00:00", "enddate": "2006-05-20 00:00:00", "value": "1.0000", "calendar": "Working Days"}},
{"pk": 725, "model": "input.bucket", "fields": {"startdate": "2006-05-20 00:00:00", "enddate": "2006-05-22 00:00:00", "value": "0.0000", "calendar": "Working Days"}},
{"pk": 726, "model": "input.bucket", "fields": {"startdate": "2006-05-22 00:00:00", "enddate": "2006-05-27 00:00:00", "value": "1.0000", "calendar": "Working Days"}},
{"pk": 727, "model": "input.bucket", "fields": {"startdate": "2006-05-27 00:00:00", "enddate": "2006-05-29 00:00:00", "value": "0.0000", "calendar": "Working Days"}},
{"pk": 728, "model": "input.bucket", "fields": {"startdate": "2006-05-29 00:00:00", "enddate": "2006-06-03 00:00:00", "value": "1.0000", "calendar": "Working Days"}},
{"pk": 729, "model": "input.bucket", "fields": {"startdate": "2006-06-03 00:00:00", "enddate": "2006-06-05 00:00:00", "value": "0.0000", "calendar": "Working Days"}},
{"pk": 730, "model": "input.bucket", "fields": {"startdate": "2006-06-05 00:00:00", "enddate": "2006-06-10 00:00:00", "value": "1.0000", "calendar": "Working Days"}},
{"pk": 731, "model": "input.bucket", "fields": {"startdate": "2006-06-10 00:00:00", "enddate": "2006-06-12 00:00:00", "value": "0.0000", "calendar": "Working Days"}},
{"pk": 732, "model": "input.bucket", "fields": {"startdate": "2006-06-12 00:00:00", "enddate": "2006-06-17 00:00:00", "value": "1.0000", "calendar": "Working Days"}},
{"pk": 733, "model": "input.bucket", "fields": {"startdate": "2006-06-17 00:00:00", "enddate": "2006-06-19 00:00:00", "value": "0.0000", "calendar": "Working Days"}},
{"pk": 734, "model": "input.bucket", "fields": {"startdate": "2006-06-19 00:00:00", "enddate": "2006-06-24 00:00:00", "value": "1.0000", "calendar": "Working Days"}},
{"pk": 735, "model": "input.bucket", "fields": {"startdate": "2006-06-24 00:00:00", "enddate": "2006-06-26 00:00:00", "value": "0.0000", "calendar": "Working Days"}},
{"pk": 736, "model": "input.bucket", "fields": {"startdate": "2006-06-26 00:00:00", "enddate": "2006-07-01 00:00:00", "value": "1.0000", "calendar": "Working Days"}},
{"pk": 737, "model": "input.bucket", "fields": {"startdate": "2006-07-01 00:00:00", "enddate": "2006-07-03 00:00:00", "value": "0.0000", "calendar": "Working Days"}},
{"pk": 738, "model": "input.bucket", "fields": {"startdate": "2006-07-03 00:00:00", "enddate": "2006-07-08 00:00:00", "value": "1.0000", "calendar": "Working Days"}},
{"pk": 739, "model": "input.bucket", "fields": {"startdate": "2006-07-08 00:00:00", "enddate": "2006-07-10 00:00:00", "value": "0.0000", "calendar": "Working Days"}},
{"pk": 740, "model": "input.bucket", "fields": {"startdate": "2006-07-10 00:00:00", "enddate": "2006-07-15 00:00:00", "value": "1.0000", "calendar": "Working Days"}},
{"pk": 741, "model": "input.bucket", "fields": {"startdate": "2006-07-15 00:00:00", "enddate": "2006-07-17 00:00:00", "value": "0.0000", "calendar": "Working Days"}},
{"pk": 742, "model": "input.bucket", "fields": {"startdate": "2006-07-17 00:00:00", "enddate": "2006-07-22 00:00:00", "value": "1.0000", "calendar": "Working Days"}},
{"pk": 743, "model": "input.bucket", "fields": {"startdate": "2006-07-22 00:00:00", "enddate": "2006-07-24 00:00:00", "value": "0.0000", "calendar": "Working Days"}},
{"pk": 744, "model": "input.bucket", "fields": {"startdate": "2006-07-24 00:00:00", "enddate": "2006-07-29 00:00:00", "value": "1.0000", "calendar": "Working Days"}},
{"pk": 745, "model": "input.bucket", "fields": {"startdate": "2006-07-29 00:00:00", "enddate": "2006-07-31 00:00:00", "value": "0.0000", "calendar": "Working Days"}},
{"pk": 746, "model": "input.bucket", "fields": {"startdate": "2006-07-31 00:00:00", "enddate": "2006-08-05 00:00:00", "value": "1.0000", "calendar": "Working Days"}},
{"pk": 747, "model": "input.bucket", "fields": {"startdate": "2006-08-05 00:00:00", "enddate": "2006-08-07 00:00:00", "value": "0.0000", "calendar": "Working Days"}},
{"pk": 748, "model": "input.bucket", "fields": {"startdate": "2006-08-07 00:00:00", "enddate": "2006-08-12 00:00:00", "value": "1.0000", "calendar": "Working Days"}},
{"pk": 749, "model": "input.bucket", "fields": {"startdate": "2006-08-12 00:00:00", "enddate": "2006-08-14 00:00:00", "value": "0.0000", "calendar": "Working Days"}},
{"pk": 750, "model": "input.bucket", "fields": {"startdate": "2006-08-14 00:00:00", "enddate": "2006-08-19 00:00:00", "value": "1.0000", "calendar": "Working Days"}},
{"pk": 751, "model": "input.bucket", "fields": {"startdate": "2006-08-19 00:00:00", "enddate": "2006-08-21 00:00:00", "value": "0.0000", "calendar": "Working Days"}},
{"pk": 752, "model": "input.bucket", "fields": {"startdate": "2006-08-21 00:00:00", "enddate": "2006-08-26 00:00:00", "value": "1.0000", "calendar": "Working Days"}},
{"pk": 753, "model": "input.bucket", "fields": {"startdate": "2006-08-26 00:00:00", "enddate": "2006-08-28 00:00:00", "value": "0.0000", "calendar": "Working Days"}},
{"pk": 754, "model": "input.bucket", "fields": {"startdate": "2006-08-28 00:00:00", "enddate": "2006-09-02 00:00:00", "value": "1.0000", "calendar": "Working Days"}},
{"pk": 755, "model": "input.bucket", "fields": {"startdate": "2006-09-02 00:00:00", "enddate": "2006-09-04 00:00:00", "value": "0.0000", "calendar": "Working Days"}},
{"pk": 756, "model": "input.bucket", "fields": {"startdate": "2006-09-04 00:00:00", "enddate": "2006-09-09 00:00:00", "value": "1.0000", "calendar": "Working Days"}},
{"pk": 757, "model": "input.bucket", "fields": {"startdate": "2006-09-09 00:00:00", "enddate": "2006-09-11 00:00:00", "value": "0.0000", "calendar": "Working Days"}},
{"pk": 758, "model": "input.bucket", "fields": {"startdate": "2006-09-11 00:00:00", "enddate": "2006-09-16 00:00:00", "value": "1.0000", "calendar": "Working Days"}},
{"pk": 759, "model": "input.bucket", "fields": {"startdate": "2006-09-16 00:00:00", "enddate": "2006-09-18 00:00:00", "value": "0.0000", "calendar": "Working Days"}},
{"pk": 760, "model": "input.bucket", "fields": {"startdate": "2006-09-18 00:00:00", "enddate": "2006-09-23 00:00:00", "value": "1.0000", "calendar": "Working Days"}},
{"pk": 761, "model": "input.bucket", "fields": {"startdate": "2006-09-23 00:00:00", "enddate": "2006-09-25 00:00:00", "value": "0.0000", "calendar": "Working Days"}},
{"pk": 762, "model": "input.bucket", "fields": {"startdate": "2006-09-25 00:00:00", "enddate": "2006-09-30 00:00:00", "value": "1.0000", "calendar": "Working Days"}},
{"pk": 763, "model": "input.bucket", "fields": {"startdate": "2006-09-30 00:00:00", "enddate": "2006-10-02 00:00:00", "value": "0.0000", "calendar": "Working Days"}},
{"pk": 764, "model": "input.bucket", "fields": {"startdate": "2006-10-02 00:00:00", "enddate": "2006-10-07 00:00:00", "value": "1.0000", "calendar": "Working Days"}},
{"pk": 765, "model": "input.bucket", "fields": {"startdate": "2006-10-07 00:00:00", "enddate": "2006-10-09 00:00:00", "value": "0.0000", "calendar": "Working Days"}},
{"pk": 766, "model": "input.bucket", "fields": {"startdate": "2006-10-09 00:00:00", "enddate": "2006-10-14 00:00:00", "value": "1.0000", "calendar": "Working Days"}},
{"pk": 767, "model": "input.bucket", "fields": {"startdate": "2006-10-14 00:00:00", "enddate": "2006-10-16 00:00:00", "value": "0.0000", "calendar": "Working Days"}},
{"pk": 768, "model": "input.bucket", "fields": {"startdate": "2006-10-16 00:00:00", "enddate": "2006-10-21 00:00:00", "value": "1.0000", "calendar": "Working Days"}},
{"pk": 769, "model": "input.bucket", "fields": {"startdate": "2006-10-21 00:00:00", "enddate": "2006-10-23 00:00:00", "value": "0.0000", "calendar": "Working Days"}},
{"pk": 770, "model": "input.bucket", "fields": {"startdate": "2006-10-23 00:00:00", "enddate": "2006-10-28 00:00:00", "value": "1.0000", "calendar": "Working Days"}},
{"pk": 771, "model": "input.bucket", "fields": {"startdate": "2006-10-28 00:00:00", "enddate": "2006-10-30 00:00:00", "value": "0.0000", "calendar": "Working Days"}},
{"pk": 772, "model": "input.bucket", "fields": {"startdate": "2006-10-30 00:00:00", "enddate": "2006-11-04 00:00:00", "value": "1.0000", "calendar": "Working Days"}},
{"pk": 773, "model": "input.bucket", "fields": {"startdate": "2006-11-04 00:00:00", "enddate": "2006-11-06 00:00:00", "value": "0.0000", "calendar": "Working Days"}},
{"pk": 774, "model": "input.bucket", "fields": {"startdate": "2006-11-06 00:00:00", "enddate": "2006-11-11 00:00:00", "value": "1.0000", "calendar": "Working Days"}},
{"pk": 775, "model": "input.bucket", "fields": {"startdate": "2006-11-11 00:00:00", "enddate": "2006-11-13 00:00:00", "value": "0.0000", "calendar": "Working Days"}},
{"pk": 776, "model": "input.bucket", "fields": {"startdate": "2006-11-13 00:00:00", "enddate": "2006-11-18 00:00:00", "value": "1.0000", "calendar": "Working Days"}},
{"pk": 777, "model": "input.bucket", "fields": {"startdate": "2006-11-18 00:00:00", "enddate": "2006-11-20 00:00:00", "value": "0.0000", "calendar": "Working Days"}},
{"pk": 778, "model": "input.bucket", "fields": {"startdate": "2006-11-20 00:00:00", "enddate": "2006-11-25 00:00:00", "value": "1.0000", "calendar": "Working Days"}},
{"pk": 779, "model": "input.bucket", "fields": {"startdate": "2006-11-25 00:00:00", "enddate": "2006-11-27 00:00:00", "value": "0.0000", "calendar": "Working Days"}},
{"pk": 937, "model": "input.bucket", "fields": {"startdate": "2006-11-27 00:00:00", "enddate": "2006-12-02 00:00:00", "value": "1.0000", "calendar": "Working Days"}},
{"pk": 780, "model": "input.bucket", "fields": {"startdate": "2006-12-02 00:00:00", "enddate": "2006-12-04 00:00:00", "value": "0.0000", "calendar": "Working Days"}},
{"pk": 781, "model": "input.bucket", "fields": {"startdate": "2006-12-04 00:00:00", "enddate": "2006-12-09 00:00:00", "value": "1.0000", "calendar": "Working Days"}},
{"pk": 782, "model": "input.bucket", "fields": {"startdate": "2006-12-09 00:00:00", "enddate": "2006-12-11 00:00:00", "value": "0.0000", "calendar": "Working Days"}},
{"pk": 783, "model": "input.bucket", "fields": {"startdate": "2006-12-11 00:00:00", "enddate": "2006-12-16 00:00:00", "value": "1.0000", "calendar": "Working Days"}},
{"pk": 784, "model": "input.bucket", "fields": {"startdate": "2006-12-16 00:00:00", "enddate": "2006-12-18 00:00:00", "value": "0.0000", "calendar": "Working Days"}},
{"pk": 785, "model": "input.bucket", "fields": {"startdate": "2006-12-18 00:00:00", "enddate": "2006-12-23 00:00:00", "value": "1.0000", "calendar": "Working Days"}},
{"pk": 786, "model": "input.bucket", "fields": {"startdate": "2006-12-23 00:00:00", "enddate": "2006-12-25 00:00:00", "value": "0.0000", "calendar": "Working Days"}},
{"pk": 787, "model": "input.bucket", "fields": {"startdate": "2006-12-25 00:00:00", "enddate": "2006-12-30 00:00:00", "value": "1.0000", "calendar": "Working Days"}},
{"pk": 788, "model": "input.bucket", "fields": {"startdate": "2006-12-30 00:00:00", "enddate": "2007-01-01 00:00:00", "value": "0.0000", "calendar": "Working Days"}},
{"pk": 789, "model": "input.bucket", "fields": {"startdate": "2007-01-01 00:00:00", "enddate": "2007-01-06 00:00:00", "value": "1.0000", "calendar": "Working Days"}},
{"pk": 790, "model": "input.bucket", "fields": {"startdate": "2007-01-06 00:00:00", "enddate": "2007-01-08 00:00:00", "value": "0.0000", "calendar": "Working Days"}},
{"pk": 791, "model": "input.bucket", "fields": {"startdate": "2007-01-08 00:00:00", "enddate": "2007-01-13 00:00:00", "value": "1.0000", "calendar": "Working Days"}},
{"pk": 792, "model": "input.bucket", "fields": {"startdate": "2007-01-13 00:00:00", "enddate": "2007-01-15 00:00:00", "value": "0.0000", "calendar": "Working Days"}},
{"pk": 793, "model": "input.bucket", "fields": {"startdate": "2007-01-15 00:00:00", "enddate": "2007-01-20 00:00:00", "value": "1.0000", "calendar": "Working Days"}},
{"pk": 794, "model": "input.bucket", "fields": {"startdate": "2007-01-20 00:00:00", "enddate": "2007-01-22 00:00:00", "value": "0.0000", "calendar": "Working Days"}},
{"pk": 795, "model": "input.bucket", "fields": {"startdate": "2007-01-22 00:00:00", "enddate": "2007-01-27 00:00:00", "value": "1.0000", "calendar": "Working Days"}},
{"pk": 796, "model": "input.bucket", "fields": {"startdate": "2007-01-27 00:00:00", "enddate": "2007-01-29 00:00:00", "value": "0.0000", "calendar": "Working Days"}},
{"pk": 797, "model": "input.bucket", "fields": {"startdate": "2007-01-29 00:00:00", "enddate": "2007-02-03 00:00:00", "value": "1.0000", "calendar": "Working Days"}},
{"pk": 798, "model": "input.bucket", "fields": {"startdate": "2007-02-03 00:00:00", "enddate": "2007-02-05 00:00:00", "value": "0.0000", "calendar": "Working Days"}},
{"pk": 799, "model": "input.bucket", "fields": {"startdate": "2007-02-05 00:00:00", "enddate": "2007-02-10 00:00:00", "value": "1.0000", "calendar": "Working Days"}},
{"pk": 800, "model": "input.bucket", "fields": {"startdate": "2007-02-10 00:00:00", "enddate": "2007-02-12 00:00:00", "value": "0.0000", "calendar": "Working Days"}},
{"pk": 801, "model": "input.bucket", "fields": {"startdate": "2007-02-12 00:00:00", "enddate": "2007-02-17 00:00:00", "value": "1.0000", "calendar": "Working Days"}},
{"pk": 802, "model": "input.bucket", "fields": {"startdate": "2007-02-17 00:00:00", "enddate": "2007-02-19 00:00:00", "value": "0.0000", "calendar": "Working Days"}},
{"pk": 803, "model": "input.bucket", "fields": {"startdate": "2007-02-19 00:00:00", "enddate": "2007-02-24 00:00:00", "value": "1.0000", "calendar": "Working Days"}},
{"pk": 804, "model": "input.bucket", "fields": {"startdate": "2007-02-24 00:00:00", "enddate": "2007-02-26 00:00:00", "value": "0.0000", "calendar": "Working Days"}},
{"pk": 805, "model": "input.bucket", "fields": {"startdate": "2007-02-26 00:00:00", "enddate": "2007-03-03 00:00:00", "value": "1.0000", "calendar": "Working Days"}},
{"pk": 806, "model": "input.bucket", "fields": {"startdate": "2007-03-03 00:00:00", "enddate": "2007-03-05 00:00:00", "value": "0.0000", "calendar": "Working Days"}},
{"pk": 807, "model": "input.bucket", "fields": {"startdate": "2007-03-05 00:00:00", "enddate": "2007-03-10 00:00:00", "value": "1.0000", "calendar": "Working Days"}},
{"pk": 808, "model": "input.bucket", "fields": {"startdate": "2007-03-10 00:00:00", "enddate": "2007-03-12 00:00:00", "value": "0.0000", "calendar": "Working Days"}},
{"pk": 809, "model": "input.bucket", "fields": {"startdate": "2007-03-12 00:00:00", "enddate": "2007-03-17 00:00:00", "value": "1.0000", "calendar": "Working Days"}},
{"pk": 810, "model": "input.bucket", "fields": {"startdate": "2007-03-17 00:00:00", "enddate": "2007-03-19 00:00:00", "value": "0.0000", "calendar": "Working Days"}},
{"pk": 811, "model": "input.bucket", "fields": {"startdate": "2007-03-19 00:00:00", "enddate": "2007-03-24 00:00:00", "value": "1.0000", "calendar": "Working Days"}},
{"pk": 812, "model": "input.bucket", "fields": {"startdate": "2007-03-24 00:00:00", "enddate": "2007-03-26 00:00:00", "value": "0.0000", "calendar": "Working Days"}},
{"pk": 813, "model": "input.bucket", "fields": {"startdate": "2007-03-26 00:00:00", "enddate": "2007-03-31 00:00:00", "value": "1.0000", "calendar": "Working Days"}},
{"pk": 814, "model": "input.bucket", "fields": {"startdate": "2007-03-31 00:00:00", "enddate": "2007-04-02 00:00:00", "value": "0.0000", "calendar": "Working Days"}},
{"pk": 815, "model": "input.bucket", "fields": {"startdate": "2007-04-02 00:00:00", "enddate": "2007-04-07 00:00:00", "value": "1.0000", "calendar": "Working Days"}},
{"pk": 816, "model": "input.bucket", "fields": {"startdate": "2007-04-07 00:00:00", "enddate": "2007-04-09 00:00:00", "value": "0.0000", "calendar": "Working Days"}},
{"pk": 817, "model": "input.bucket", "fields": {"startdate": "2007-04-09 00:00:00", "enddate": "2007-04-14 00:00:00", "value": "1.0000", "calendar": "Working Days"}},
{"pk": 818, "model": "input.bucket", "fields": {"startdate": "2007-04-14 00:00:00", "enddate": "2007-04-16 00:00:00", "value": "0.0000", "calendar": "Working Days"}},
{"pk": 819, "model": "input.bucket", "fields": {"startdate": "2007-04-16 00:00:00", "enddate": "2007-04-21 00:00:00", "value": "1.0000", "calendar": "Working Days"}},
{"pk": 820, "model": "input.bucket", "fields": {"startdate": "2007-04-21 00:00:00", "enddate": "2007-04-23 00:00:00", "value": "0.0000", "calendar": "Working Days"}},
{"pk": 821, "model": "input.bucket", "fields": {"startdate": "2007-04-23 00:00:00", "enddate": "2007-04-28 00:00:00", "value": "1.0000", "calendar": "Working Days"}},
{"pk": 822, "model": "input.bucket", "fields": {"startdate": "2007-04-28 00:00:00", "enddate": "2007-04-30 00:00:00", "value": "0.0000", "calendar": "Working Days"}},
{"pk": 823, "model": "input.bucket", "fields": {"startdate": "2007-04-30 00:00:00", "enddate": "2007-05-05 00:00:00", "value": "1.0000", "calendar": "Working Days"}},
{"pk": 824, "model": "input.bucket", "fields": {"startdate": "2007-05-05 00:00:00", "enddate": "2007-05-07 00:00:00", "value": "0.0000", "calendar": "Working Days"}},
{"pk": 825, "model": "input.bucket", "fields": {"startdate": "2007-05-07 00:00:00", "enddate": "2007-05-12 00:00:00", "value": "1.0000", "calendar": "Working Days"}},
{"pk": 826, "model": "input.bucket", "fields": {"startdate": "2007-05-12 00:00:00", "enddate": "2007-05-14 00:00:00", "value": "0.0000", "calendar": "Working Days"}},
{"pk": 827, "model": "input.bucket", "fields": {"startdate": "2007-05-14 00:00:00", "enddate": "2007-05-19 00:00:00", "value": "1.0000", "calendar": "Working Days"}},
{"pk": 828, "model": "input.bucket", "fields": {"startdate": "2007-05-19 00:00:00", "enddate": "2007-05-21 00:00:00", "value": "0.0000", "calendar": "Working Days"}},
{"pk": 829, "model": "input.bucket", "fields": {"startdate": "2007-05-21 00:00:00", "enddate": "2007-05-26 00:00:00", "value": "1.0000", "calendar": "Working Days"}},
{"pk": 830, "model": "input.bucket", "fields": {"startdate": "2007-05-26 00:00:00", "enddate": "2007-05-28 00:00:00", "value": "0.0000", "calendar": "Working Days"}},
{"pk": 831, "model": "input.bucket", "fields": {"startdate": "2007-05-28 00:00:00", "enddate": "2007-06-02 00:00:00", "value": "1.0000", "calendar": "Working Days"}},
{"pk": 832, "model": "input.bucket", "fields": {"startdate": "2007-06-02 00:00:00", "enddate": "2007-06-04 00:00:00", "value": "0.0000", "calendar": "Working Days"}},
{"pk": 833, "model": "input.bucket", "fields": {"startdate": "2007-06-04 00:00:00", "enddate": "2007-06-09 00:00:00", "value": "1.0000", "calendar": "Working Days"}},
{"pk": 834, "model": "input.bucket", "fields": {"startdate": "2007-06-09 00:00:00", "enddate": "2007-06-11 00:00:00", "value": "0.0000", "calendar": "Working Days"}},
{"pk": 835, "model": "input.bucket", "fields": {"startdate": "2007-06-11 00:00:00", "enddate": "2007-06-16 00:00:00", "value": "1.0000", "calendar": "Working Days"}},
{"pk": 836, "model": "input.bucket", "fields": {"startdate": "2007-06-16 00:00:00", "enddate": "2007-06-18 00:00:00", "value": "0.0000", "calendar": "Working Days"}},
{"pk": 837, "model": "input.bucket", "fields": {"startdate": "2007-06-18 00:00:00", "enddate": "2007-06-23 00:00:00", "value": "1.0000", "calendar": "Working Days"}},
{"pk": 838, "model": "input.bucket", "fields": {"startdate": "2007-06-23 00:00:00", "enddate": "2007-06-25 00:00:00", "value": "0.0000", "calendar": "Working Days"}},
{"pk": 839, "model": "input.bucket", "fields": {"startdate": "2007-06-25 00:00:00", "enddate": "2007-06-30 00:00:00", "value": "1.0000", "calendar": "Working Days"}},
{"pk": 840, "model": "input.bucket", "fields": {"startdate": "2007-06-30 00:00:00", "enddate": "2007-07-02 00:00:00", "value": "0.0000", "calendar": "Working Days"}},
{"pk": 841, "model": "input.bucket", "fields": {"startdate": "2007-07-02 00:00:00", "enddate": "2007-07-07 00:00:00", "value": "1.0000", "calendar": "Working Days"}},
{"pk": 842, "model": "input.bucket", "fields": {"startdate": "2007-07-07 00:00:00", "enddate": "2007-07-09 00:00:00", "value": "0.0000", "calendar": "Working Days"}},
{"pk": 843, "model": "input.bucket", "fields": {"startdate": "2007-07-09 00:00:00", "enddate": "2007-07-14 00:00:00", "value": "1.0000", "calendar": "Working Days"}},
{"pk": 844, "model": "input.bucket", "fields": {"startdate": "2007-07-14 00:00:00", "enddate": "2007-07-16 00:00:00", "value": "0.0000", "calendar": "Working Days"}},
{"pk": 845, "model": "input.bucket", "fields": {"startdate": "2007-07-16 00:00:00", "enddate": "2007-07-21 00:00:00", "value": "1.0000", "calendar": "Working Days"}},
{"pk": 846, "model": "input.bucket", "fields": {"startdate": "2007-07-21 00:00:00", "enddate": "2007-07-23 00:00:00", "value": "0.0000", "calendar": "Working Days"}},
{"pk": 847, "model": "input.bucket", "fields": {"startdate": "2007-07-23 00:00:00", "enddate": "2007-07-28 00:00:00", "value": "1.0000", "calendar": "Working Days"}},
{"pk": 848, "model": "input.bucket", "fields": {"startdate": "2007-07-28 00:00:00", "enddate": "2007-07-30 00:00:00", "value": "0.0000", "calendar": "Working Days"}},
{"pk": 849, "model": "input.bucket", "fields": {"startdate": "2007-07-30 00:00:00", "enddate": "2007-08-04 00:00:00", "value": "1.0000", "calendar": "Working Days"}},
{"pk": 850, "model": "input.bucket", "fields": {"startdate": "2007-08-04 00:00:00", "enddate": "2007-08-06 00:00:00", "value": "0.0000", "calendar": "Working Days"}},
{"pk": 851, "model": "input.bucket", "fields": {"startdate": "2007-08-06 00:00:00", "enddate": "2007-08-11 00:00:00", "value": "1.0000", "calendar": "Working Days"}},
{"pk": 852, "model": "input.bucket", "fields": {"startdate": "2007-08-11 00:00:00", "enddate": "2007-08-13 00:00:00", "value": "0.0000", "calendar": "Working Days"}},
{"pk": 853, "model": "input.bucket", "fields": {"startdate": "2007-08-13 00:00:00", "enddate": "2007-08-18 00:00:00", "value": "1.0000", "calendar": "Working Days"}},
{"pk": 854, "model": "input.bucket", "fields": {"startdate": "2007-08-18 00:00:00", "enddate": "2007-08-20 00:00:00", "value": "0.0000", "calendar": "Working Days"}},
{"pk": 855, "model": "input.bucket", "fields": {"startdate": "2007-08-20 00:00:00", "enddate": "2007-08-25 00:00:00", "value": "1.0000", "calendar": "Working Days"}},
{"pk": 856, "model": "input.bucket", "fields": {"startdate": "2007-08-25 00:00:00", "enddate": "2007-08-27 00:00:00", "value": "0.0000", "calendar": "Working Days"}},
{"pk": 857, "model": "input.bucket", "fields": {"startdate": "2007-08-27 00:00:00", "enddate": "2007-09-01 00:00:00", "value": "1.0000", "calendar": "Working Days"}},
{"pk": 858, "model": "input.bucket", "fields": {"startdate": "2007-09-01 00:00:00", "enddate": "2007-09-03 00:00:00", "value": "0.0000", "calendar": "Working Days"}},
{"pk": 859, "model": "input.bucket", "fields": {"startdate": "2007-09-03 00:00:00", "enddate": "2007-09-08 00:00:00", "value": "1.0000", "calendar": "Working Days"}},
{"pk": 860, "model": "input.bucket", "fields": {"startdate": "2007-09-08 00:00:00", "enddate": "2007-09-10 00:00:00", "value": "0.0000", "calendar": "Working Days"}},
{"pk": 861, "model": "input.bucket", "fields": {"startdate": "2007-09-10 00:00:00", "enddate": "2007-09-15 00:00:00", "value": "1.0000", "calendar": "Working Days"}},
{"pk": 862, "model": "input.bucket", "fields": {"startdate": "2007-09-15 00:00:00", "enddate": "2007-09-17 00:00:00", "value": "0.0000", "calendar": "Working Days"}},
{"pk": 863, "model": "input.bucket", "fields": {"startdate": "2007-09-17 00:00:00", "enddate": "2007-09-22 00:00:00", "value": "1.0000", "calendar": "Working Days"}},
{"pk": 864, "model": "input.bucket", "fields": {"startdate": "2007-09-22 00:00:00", "enddate": "2007-09-24 00:00:00", "value": "0.0000", "calendar": "Working Days"}},
{"pk": 865, "model": "input.bucket", "fields": {"startdate": "2007-09-24 00:00:00", "enddate": "2007-09-29 00:00:00", "value": "1.0000", "calendar": "Working Days"}},
{"pk": 866, "model": "input.bucket", "fields": {"startdate": "2007-09-29 00:00:00", "enddate": "2007-10-01 00:00:00", "value": "0.0000", "calendar": "Working Days"}},
{"pk": 867, "model": "input.bucket", "fields": {"startdate": "2007-10-01 00:00:00", "enddate": "2007-10-06 00:00:00", "value": "1.0000", "calendar": "Working Days"}},
{"pk": 868, "model": "input.bucket", "fields": {"startdate": "2007-10-06 00:00:00", "enddate": "2007-10-08 00:00:00", "value": "0.0000", "calendar": "Working Days"}},
{"pk": 869, "model": "input.bucket", "fields": {"startdate": "2007-10-08 00:00:00", "enddate": "2007-10-13 00:00:00", "value": "1.0000", "calendar": "Working Days"}},
{"pk": 870, "model": "input.bucket", "fields": {"startdate": "2007-10-13 00:00:00", "enddate": "2007-10-15 00:00:00", "value": "0.0000", "calendar": "Working Days"}},
{"pk": 871, "model": "input.bucket", "fields": {"startdate": "2007-10-15 00:00:00", "enddate": "2007-10-20 00:00:00", "value": "1.0000", "calendar": "Working Days"}},
{"pk": 872, "model": "input.bucket", "fields": {"startdate": "2007-10-20 00:00:00", "enddate": "2007-10-22 00:00:00", "value": "0.0000", "calendar": "Working Days"}},
{"pk": 873, "model": "input.bucket", "fields": {"startdate": "2007-10-22 00:00:00", "enddate": "2007-10-27 00:00:00", "value": "1.0000", "calendar": "Working Days"}},
{"pk": 874, "model": "input.bucket", "fields": {"startdate": "2007-10-27 00:00:00", "enddate": "2007-10-29 00:00:00", "value": "0.0000", "calendar": "Working Days"}},
{"pk": 875, "model": "input.bucket", "fields": {"startdate": "2007-10-29 00:00:00", "enddate": "2007-11-03 00:00:00", "value": "1.0000", "calendar": "Working Days"}},
{"pk": 876, "model": "input.bucket", "fields": {"startdate": "2007-11-03 00:00:00", "enddate": "2007-11-05 00:00:00", "value": "0.0000", "calendar": "Working Days"}},
{"pk": 877, "model": "input.bucket", "fields": {"startdate": "2007-11-05 00:00:00", "enddate": "2007-11-10 00:00:00", "value": "1.0000", "calendar": "Working Days"}},
{"pk": 878, "model": "input.bucket", "fields": {"startdate": "2007-11-10 00:00:00", "enddate": "2007-11-12 00:00:00", "value": "0.0000", "calendar": "Working Days"}},
{"pk": 879, "model": "input.bucket", "fields": {"startdate": "2007-11-12 00:00:00", "enddate": "2007-11-17 00:00:00", "value": "1.0000", "calendar": "Working Days"}},
{"pk": 880, "model": "input.bucket", "fields": {"startdate": "2007-11-17 00:00:00", "enddate": "2007-11-19 00:00:00", "value": "0.0000", "calendar": "Working Days"}},
{"pk": 881, "model": "input.bucket", "fields": {"startdate": "2007-11-19 00:00:00", "enddate": "2007-11-24 00:00:00", "value": "1.0000", "calendar": "Working Days"}},
{"pk": 882, "model": "input.bucket", "fields": {"startdate": "2007-11-24 00:00:00", "enddate": "2007-11-26 00:00:00", "value": "0.0000", "calendar": "Working Days"}},
{"pk": 883, "model": "input.bucket", "fields": {"startdate": "2007-11-26 00:00:00", "enddate": "2007-12-01 00:00:00", "value": "1.0000", "calendar": "Working Days"}},
{"pk": 884, "model": "input.bucket", "fields": {"startdate": "2007-12-01 00:00:00", "enddate": "2007-12-03 00:00:00", "value": "0.0000", "calendar": "Working Days"}},
{"pk": 885, "model": "input.bucket", "fields": {"startdate": "2007-12-03 00:00:00", "enddate": "2007-12-08 00:00:00", "value": "1.0000", "calendar": "Working Days"}},
{"pk": 886, "model": "input.bucket", "fields": {"startdate": "2007-12-08 00:00:00", "enddate": "2007-12-10 00:00:00", "value": "0.0000", "calendar": "Working Days"}},
{"pk": 887, "model": "input.bucket", "fields": {"startdate": "2007-12-10 00:00:00", "enddate": "2007-12-15 00:00:00", "value": "1.0000", "calendar": "Working Days"}},
{"pk": 888, "model": "input.bucket", "fields": {"startdate": "2007-12-15 00:00:00", "enddate": "2007-12-17 00:00:00", "value": "0.0000", "calendar": "Working Days"}},
{"pk": 889, "model": "input.bucket", "fields": {"startdate": "2007-12-17 00:00:00", "enddate": "2007-12-22 00:00:00", "value": "1.0000", "calendar": "Working Days"}},
{"pk": 890, "model": "input.bucket", "fields": {"startdate": "2007-12-22 00:00:00", "enddate": "2007-12-24 00:00:00", "value": "0.0000", "calendar": "Working Days"}},
{"pk": 891, "model": "input.bucket", "fields": {"startdate": "2007-12-24 00:00:00", "enddate": "2007-12-29 00:00:00", "value": "1.0000", "calendar": "Working Days"}},
{"pk": 892, "model": "input.bucket", "fields": {"startdate": "2007-12-29 00:00:00", "enddate": "2007-12-31 00:00:00", "value": "0.0000", "calendar": "Working Days"}},
{"pk": 893, "model": "input.bucket", "fields": {"startdate": "2007-12-31 00:00:00", "enddate": "2008-01-05 00:00:00", "value": "1.0000", "calendar": "Working Days"}},
{"pk": 894, "model": "input.bucket", "fields": {"startdate": "2008-01-05 00:00:00", "enddate": "2008-01-07 00:00:00", "value": "0.0000", "calendar": "Working Days"}},
{"pk": 895, "model": "input.bucket", "fields": {"startdate": "2008-01-07 00:00:00", "enddate": "2008-01-12 00:00:00", "value": "1.0000", "calendar": "Working Days"}},
{"pk": 896, "model": "input.bucket", "fields": {"startdate": "2008-01-12 00:00:00", "enddate": "2008-01-14 00:00:00", "value": "0.0000", "calendar": "Working Days"}},
{"pk": 897, "model": "input.bucket", "fields": {"startdate": "2008-01-14 00:00:00", "enddate": "2008-01-19 00:00:00", "value": "1.0000", "calendar": "Working Days"}},
{"pk": 898, "model": "input.bucket", "fields": {"startdate": "2008-01-19 00:00:00", "enddate": "2008-01-21 00:00:00", "value": "0.0000", "calendar": "Working Days"}},
{"pk": 899, "model": "input.bucket", "fields": {"startdate": "2008-01-21 00:00:00", "enddate": "2008-01-26 00:00:00", "value": "1.0000", "calendar": "Working Days"}},
{"pk": 900, "model": "input.bucket", "fields": {"startdate": "2008-01-26 00:00:00", "enddate": "2008-01-28 00:00:00", "value": "0.0000", "calendar": "Working Days"}},
{"pk": 901, "model": "input.bucket", "fields": {"startdate": "2008-01-28 00:00:00", "enddate": "2008-02-02 00:00:00", "value": "1.0000", "calendar": "Working Days"}},
{"pk": 902, "model": "input.bucket", "fields": {"startdate": "2008-02-02 00:00:00", "enddate": "2008-02-04 00:00:00", "value": "0.0000", "calendar": "Working Days"}},
{"pk": 903, "model": "input.bucket", "fields": {"startdate": "2008-02-04 00:00:00", "enddate": "2008-02-09 00:00:00", "value": "1.0000", "calendar": "Working Days"}},
{"pk": 904, "model": "input.bucket", "fields": {"startdate": "2008-02-09 00:00:00", "enddate": "2008-02-11 00:00:00", "value": "0.0000", "calendar": "Working Days"}},
{"pk": 905, "model": "input.bucket", "fields": {"startdate": "2008-02-11 00:00:00", "enddate": "2008-02-16 00:00:00", "value": "1.0000", "calendar": "Working Days"}},
{"pk": 906, "model": "input.bucket", "fields": {"startdate": "2008-02-16 00:00:00", "enddate": "2008-02-18 00:00:00", "value": "0.0000", "calendar": "Working Days"}},
{"pk": 907, "model": "input.bucket", "fields": {"startdate": "2008-02-18 00:00:00", "enddate": "2008-02-23 00:00:00", "value": "1.0000", "calendar": "Working Days"}},
{"pk": 908, "model": "input.bucket", "fields": {"startdate": "2008-02-23 00:00:00", "enddate": "2008-02-25 00:00:00", "value": "0.0000", "calendar": "Working Days"}},
{"pk": 909, "model": "input.bucket", "fields": {"startdate": "2008-02-25 00:00:00", "enddate": "2008-03-01 00:00:00", "value": "1.0000", "calendar": "Working Days"}},
{"pk": 910, "model": "input.bucket", "fields": {"startdate": "2008-03-01 00:00:00", "enddate": "2008-03-03 00:00:00", "value": "0.0000", "calendar": "Working Days"}},
{"pk": 911, "model": "input.bucket", "fields": {"startdate": "2008-03-03 00:00:00", "enddate": "2008-03-08 00:00:00", "value": "1.0000", "calendar": "Working Days"}},
{"pk": 912, "model": "input.bucket", "fields": {"startdate": "2008-03-08 00:00:00", "enddate": "2008-03-10 00:00:00", "value": "0.0000", "calendar": "Working Days"}},
{"pk": 913, "model": "input.bucket", "fields": {"startdate": "2008-03-10 00:00:00", "enddate": "2008-03-15 00:00:00", "value": "1.0000", "calendar": "Working Days"}},
{"pk": 914, "model": "input.bucket", "fields": {"startdate": "2008-03-15 00:00:00", "enddate": "2008-03-17 00:00:00", "value": "0.0000", "calendar": "Working Days"}},
{"pk": 915, "model": "input.bucket", "fields": {"startdate": "2008-03-17 00:00:00", "enddate": "2008-03-22 00:00:00", "value": "1.0000", "calendar": "Working Days"}},
{"pk": 916, "model": "input.bucket", "fields": {"startdate": "2008-03-22 00:00:00", "enddate": "2008-03-24 00:00:00", "value": "0.0000", "calendar": "Working Days"}},
{"pk": 917, "model": "input.bucket", "fields": {"startdate": "2008-03-24 00:00:00", "enddate": "2008-03-29 00:00:00", "value": "1.0000", "calendar": "Working Days"}},
{"pk": 918, "model": "input.bucket", "fields": {"startdate": "2008-03-29 00:00:00", "enddate": "2008-03-31 00:00:00", "value": "0.0000", "calendar": "Working Days"}},
{"pk": 919, "model": "input.bucket", "fields": {"startdate": "2008-03-31 00:00:00", "enddate": "2008-04-05 00:00:00", "value": "1.0000", "calendar": "Working Days"}},
{"pk": 920, "model": "input.bucket", "fields": {"startdate": "2008-04-05 00:00:00", "enddate": "2008-04-07 00:00:00", "value": "0.0000", "calendar": "Working Days"}},
{"pk": 921, "model": "input.bucket", "fields": {"startdate": "2008-04-07 00:00:00", "enddate": "2008-04-12 00:00:00", "value": "1.0000", "calendar": "Working Days"}},
{"pk": 922, "model": "input.bucket", "fields": {"startdate": "2008-04-12 00:00:00", "enddate": "2008-04-14 00:00:00", "value": "0.0000", "calendar": "Working Days"}},
{"pk": 923, "model": "input.bucket", "fields": {"startdate": "2008-04-14 00:00:00", "enddate": "2008-04-19 00:00:00", "value": "1.0000", "calendar": "Working Days"}},
{"pk": 924, "model": "input.bucket", "fields": {"startdate": "2008-04-19 00:00:00", "enddate": "2008-04-21 00:00:00", "value": "0.0000", "calendar": "Working Days"}},
{"pk": 925, "model": "input.bucket", "fields": {"startdate": "2008-04-21 00:00:00", "enddate": "2008-04-26 00:00:00", "value": "1.0000", "calendar": "Working Days"}},
{"pk": 926, "model": "input.bucket", "fields": {"startdate": "2008-04-26 00:00:00", "enddate": "2008-04-28 00:00:00", "value": "0.0000", "calendar": "Working Days"}},
{"pk": 927, "model": "input.bucket", "fields": {"startdate": "2008-04-28 00:00:00", "enddate": "2008-05-03 00:00:00", "value": "1.0000", "calendar": "Working Days"}},
{"pk": 928, "model": "input.bucket", "fields": {"startdate": "2008-05-03 00:00:00", "enddate": "2008-05-05 00:00:00", "value": "0.0000", "calendar": "Working Days"}},
{"pk": 929, "model": "input.bucket", "fields": {"startdate": "2008-05-05 00:00:00", "enddate": "2008-05-10 00:00:00", "value": "1.0000", "calendar": "Working Days"}},
{"pk": 930, "model": "input.bucket", "fields": {"startdate": "2008-05-10 00:00:00", "enddate": "2008-05-12 00:00:00", "value": "0.0000", "calendar": "Working Days"}},
{"pk": 931, "model": "input.bucket", "fields": {"startdate": "2008-05-12 00:00:00", "enddate": "2008-05-17 00:00:00", "value": "1.0000", "calendar": "Working Days"}},
{"pk": 932, "model": "input.bucket", "fields": {"startdate": "2008-05-17 00:00:00", "enddate": "2008-05-19 00:00:00", "value": "0.0000", "calendar": "Working Days"}},
{"pk": 933, "model": "input.bucket", "fields": {"startdate": "2008-05-19 00:00:00", "enddate": "2008-05-24 00:00:00", "value": "1.0000", "calendar": "Working Days"}},
{"pk": 934, "model": "input.bucket", "fields": {"startdate": "2008-05-24 00:00:00", "enddate": "2008-05-26 00:00:00", "value": "0.0000", "calendar": "Working Days"}},
{"pk": 935, "model": "input.bucket", "fields": {"startdate": "2008-05-26 00:00:00", "enddate": "2008-05-31 00:00:00", "value": "1.0000", "calendar": "Working Days"}},
{"pk": 936, "model": "input.bucket", "fields": {"startdate": "2008-05-31 00:00:00", "enddate": "2008-06-02 00:00:00", "value": "0.0000", "calendar": "Working Days"}},
{"pk": 938, "model": "input.bucket", "fields": {"startdate": "2008-06-02 00:00:00", "enddate": "2008-06-07 00:00:00", "value": "1.0000", "calendar": "Working Days"}},
{"pk": 939, "model": "input.bucket", "fields": {"startdate": "2008-06-07 00:00:00", "enddate": "2008-06-09 00:00:00", "value": "0.0000", "calendar": "Working Days"}},
{"pk": 940, "model": "input.bucket", "fields": {"startdate": "2008-06-09 00:00:00", "enddate": "2008-06-14 00:00:00", "value": "1.0000", "calendar": "Working Days"}},
{"pk": 941, "model": "input.bucket", "fields": {"startdate": "2008-06-14 00:00:00", "enddate": "2008-06-16 00:00:00", "value": "0.0000", "calendar": "Working Days"}},
{"pk": 942, "model": "input.bucket", "fields": {"startdate": "2008-06-16 00:00:00", "enddate": "2008-06-21 00:00:00", "value": "1.0000", "calendar": "Working Days"}},
{"pk": 943, "model": "input.bucket", "fields": {"startdate": "2008-06-21 00:00:00", "enddate": "2008-06-23 00:00:00", "value": "0.0000", "calendar": "Working Days"}},
{"pk": 944, "model": "input.bucket", "fields": {"startdate": "2008-06-23 00:00:00", "enddate": "2008-06-28 00:00:00", "value": "1.0000", "calendar": "Working Days"}},
{"pk": 945, "model": "input.bucket", "fields": {"startdate": "2008-06-28 00:00:00", "enddate": "2008-06-30 00:00:00", "value": "0.0000", "calendar": "Working Days"}},
{"pk": 946, "model": "input.bucket", "fields": {"startdate": "2008-06-30 00:00:00", "enddate": "2008-07-05 00:00:00", "value": "1.0000", "calendar": "Working Days"}},
{"pk": 947, "model": "input.bucket", "fields": {"startdate": "2008-07-05 00:00:00", "enddate": "2008-07-07 00:00:00", "value": "0.0000", "calendar": "Working Days"}},
{"pk": 948, "model": "input.bucket", "fields": {"startdate": "2008-07-07 00:00:00", "enddate": "2008-07-12 00:00:00", "value": "1.0000", "calendar": "Working Days"}},
{"pk": 949, "model": "input.bucket", "fields": {"startdate": "2008-07-12 00:00:00", "enddate": "2008-07-14 00:00:00", "value": "0.0000", "calendar": "Working Days"}},
{"pk": 950, "model": "input.bucket", "fields": {"startdate": "2008-07-14 00:00:00", "enddate": "2008-07-19 00:00:00", "value": "1.0000", "calendar": "Working Days"}},
{"pk": 951, "model": "input.bucket", "fields": {"startdate": "2008-07-19 00:00:00", "enddate": "2008-07-21 00:00:00", "value": "0.0000", "calendar": "Working Days"}},
{"pk": 952, "model": "input.bucket", "fields": {"startdate": "2008-07-21 00:00:00", "enddate": "2008-07-26 00:00:00", "value": "1.0000", "calendar": "Working Days"}},
{"pk": 953, "model": "input.bucket", "fields": {"startdate": "2008-07-26 00:00:00", "enddate": "2008-07-28 00:00:00", "value": "0.0000", "calendar": "Working Days"}},
{"pk": 954, "model": "input.bucket", "fields": {"startdate": "2008-07-28 00:00:00", "enddate": "2008-08-02 00:00:00", "value": "1.0000", "calendar": "Working Days"}},
{"pk": 955, "model": "input.bucket", "fields": {"startdate": "2008-08-02 00:00:00", "enddate": "2008-08-04 00:00:00", "value": "0.0000", "calendar": "Working Days"}},
{"pk": 956, "model": "input.bucket", "fields": {"startdate": "2008-08-04 00:00:00", "enddate": "2008-08-09 00:00:00", "value": "1.0000", "calendar": "Working Days"}},
{"pk": 957, "model": "input.bucket", "fields": {"startdate": "2008-08-09 00:00:00", "enddate": "2008-08-11 00:00:00", "value": "0.0000", "calendar": "Working Days"}},
{"pk": 958, "model": "input.bucket", "fields": {"startdate": "2008-08-11 00:00:00", "enddate": "2008-08-16 00:00:00", "value": "1.0000", "calendar": "Working Days"}},
{"pk": 959, "model": "input.bucket", "fields": {"startdate": "2008-08-16 00:00:00", "enddate": "2008-08-18 00:00:00", "value": "0.0000", "calendar": "Working Days"}},
{"pk": 576, "model": "input.bucket", "fields": {"startdate": "2008-08-18 00:00:00", "enddate": "2008-08-23 00:00:00", "value": "1.0000", "calendar": "Working Days"}},
{"pk": 577, "model": "input.bucket", "fields": {"startdate": "2008-08-23 00:00:00", "enddate": "2008-08-25 00:00:00", "value": "0.0000", "calendar": "Working Days"}},
{"pk": 578, "model": "input.bucket", "fields": {"startdate": "2008-08-25 00:00:00", "enddate": "2008-08-30 00:00:00", "value": "1.0000", "calendar": "Working Days"}},
{"pk": 579, "model": "input.bucket", "fields": {"startdate": "2008-08-30 00:00:00", "enddate": "2008-09-01 00:00:00", "value": "0.0000", "calendar": "Working Days"}},
{"pk": 580, "model": "input.bucket", "fields": {"startdate": "2008-09-01 00:00:00", "enddate": "2008-09-06 00:00:00", "value": "1.0000", "calendar": "Working Days"}},
{"pk": 581, "model": "input.bucket", "fields": {"startdate": "2008-09-06 00:00:00", "enddate": "2008-09-08 00:00:00", "value": "0.0000", "calendar": "Working Days"}},
{"pk": 582, "model": "input.bucket", "fields": {"startdate": "2008-09-08 00:00:00", "enddate": "2008-09-13 00:00:00", "value": "1.0000", "calendar": "Working Days"}},
{"pk": 583, "model": "input.bucket", "fields": {"startdate": "2008-09-13 00:00:00", "enddate": "2008-09-15 00:00:00", "value": "0.0000", "calendar": "Working Days"}},
{"pk": 584, "model": "input.bucket", "fields": {"startdate": "2008-09-15 00:00:00", "enddate": "2008-09-20 00:00:00", "value": "1.0000", "calendar": "Working Days"}},
{"pk": 585, "model": "input.bucket", "fields": {"startdate": "2008-09-20 00:00:00", "enddate": "2008-09-22 00:00:00", "value": "0.0000", "calendar": "Working Days"}},
{"pk": 586, "model": "input.bucket", "fields": {"startdate": "2008-09-22 00:00:00", "enddate": "2008-09-27 00:00:00", "value": "1.0000", "calendar": "Working Days"}},
{"pk": 587, "model": "input.bucket", "fields": {"startdate": "2008-09-27 00:00:00", "enddate": "2008-09-29 00:00:00", "value": "0.0000", "calendar": "Working Days"}},
{"pk": 588, "model": "input.bucket", "fields": {"startdate": "2008-09-29 00:00:00", "enddate": "2008-10-04 00:00:00", "value": "1.0000", "calendar": "Working Days"}},
{"pk": 589, "model": "input.bucket", "fields": {"startdate": "2008-10-04 00:00:00", "enddate": "2008-10-06 00:00:00", "value": "0.0000", "calendar": "Working Days"}},
{"pk": 590, "model": "input.bucket", "fields": {"startdate": "2008-10-06 00:00:00", "enddate": "2008-10-11 00:00:00", "value": "1.0000", "calendar": "Working Days"}},
{"pk": 591, "model": "input.bucket", "fields": {"startdate": "2008-10-11 00:00:00", "enddate": "2008-10-13 00:00:00", "value": "0.0000", "calendar": "Working Days"}},
{"pk": 592, "model": "input.bucket", "fields": {"startdate": "2008-10-13 00:00:00", "enddate": "2008-10-18 00:00:00", "value": "1.0000", "calendar": "Working Days"}},
{"pk": 593, "model": "input.bucket", "fields": {"startdate": "2008-10-18 00:00:00", "enddate": "2008-10-20 00:00:00", "value": "0.0000", "calendar": "Working Days"}},
{"pk": 594, "model": "input.bucket", "fields": {"startdate": "2008-10-20 00:00:00", "enddate": "2008-10-25 00:00:00", "value": "1.0000", "calendar": "Working Days"}},
{"pk": 595, "model": "input.bucket", "fields": {"startdate": "2008-10-25 00:00:00", "enddate": "2008-10-27 00:00:00", "value": "0.0000", "calendar": "Working Days"}},
{"pk": 596, "model": "input.bucket", "fields": {"startdate": "2008-10-27 00:00:00", "enddate": "2008-11-01 00:00:00", "value": "1.0000", "calendar": "Working Days"}},
{"pk": 597, "model": "input.bucket", "fields": {"startdate": "2008-11-01 00:00:00", "enddate": "2008-11-03 00:00:00", "value": "0.0000", "calendar": "Working Days"}},
{"pk": 598, "model": "input.bucket", "fields": {"startdate": "2008-11-03 00:00:00", "enddate": "2008-11-08 00:00:00", "value": "1.0000", "calendar": "Working Days"}},
{"pk": 599, "model": "input.bucket", "fields": {"startdate": "2008-11-08 00:00:00", "enddate": "2008-11-10 00:00:00", "value": "0.0000", "calendar": "Working Days"}},
{"pk": 600, "model": "input.bucket", "fields": {"startdate": "2008-11-10 00:00:00", "enddate": "2008-11-15 00:00:00", "value": "1.0000", "calendar": "Working Days"}},
{"pk": 601, "model": "input.bucket", "fields": {"startdate": "2008-11-15 00:00:00", "enddate": "2008-11-17 00:00:00", "value": "0.0000", "calendar": "Working Days"}},
{"pk": 602, "model": "input.bucket", "fields": {"startdate": "2008-11-17 00:00:00", "enddate": "2008-11-22 00:00:00", "value": "1.0000", "calendar": "Working Days"}},
{"pk": 603, "model": "input.bucket", "fields": {"startdate": "2008-11-22 00:00:00", "enddate": "2008-11-24 00:00:00", "value": "0.0000", "calendar": "Working Days"}},
{"pk": 604, "model": "input.bucket", "fields": {"startdate": "2008-11-24 00:00:00", "enddate": "2008-11-29 00:00:00", "value": "1.0000", "calendar": "Working Days"}},
{"pk": 605, "model": "input.bucket", "fields": {"startdate": "2008-11-29 00:00:00", "enddate": "2008-12-01 00:00:00", "value": "0.0000", "calendar": "Working Days"}},
{"pk": 606, "model": "input.bucket", "fields": {"startdate": "2008-12-01 00:00:00", "enddate": "2008-12-06 00:00:00", "value": "1.0000", "calendar": "Working Days"}},
{"pk": 607, "model": "input.bucket", "fields": {"startdate": "2008-12-06 00:00:00", "enddate": "2008-12-08 00:00:00", "value": "0.0000", "calendar": "Working Days"}},
{"pk": 608, "model": "input.bucket", "fields": {"startdate": "2008-12-08 00:00:00", "enddate": "2008-12-13 00:00:00", "value": "1.0000", "calendar": "Working Days"}},
{"pk": 609, "model": "input.bucket", "fields": {"startdate": "2008-12-13 00:00:00", "enddate": "2008-12-15 00:00:00", "value": "0.0000", "calendar": "Working Days"}},
{"pk": 610, "model": "input.bucket", "fields": {"startdate": "2008-12-15 00:00:00", "enddate": "2008-12-20 00:00:00", "value": "1.0000", "calendar": "Working Days"}},
{"pk": 611, "model": "input.bucket", "fields": {"startdate": "2008-12-20 00:00:00", "enddate": "2008-12-22 00:00:00", "value": "0.0000", "calendar": "Working Days"}},
{"pk": 612, "model": "input.bucket", "fields": {"startdate": "2008-12-22 00:00:00", "enddate": "2008-12-27 00:00:00", "value": "1.0000", "calendar": "Working Days"}},
{"pk": 613, "model": "input.bucket", "fields": {"startdate": "2008-12-27 00:00:00", "enddate": "2008-12-29 00:00:00", "value": "0.0000", "calendar": "Working Days"}},
{"pk": 614, "model": "input.bucket", "fields": {"startdate": "2008-12-29 00:00:00", "enddate": "2009-01-03 00:00:00", "value": "1.0000", "calendar": "Working Days"}},
{"pk": 615, "model": "input.bucket", "fields": {"startdate": "2009-01-03 00:00:00", "enddate": "2009-01-05 00:00:00", "value": "0.0000", "calendar": "Working Days"}},
{"pk": 616, "model": "input.bucket", "fields": {"startdate": "2009-01-05 00:00:00", "enddate": "2009-01-10 00:00:00", "value": "1.0000", "calendar": "Working Days"}},
{"pk": 617, "model": "input.bucket", "fields": {"startdate": "2009-01-10 00:00:00", "enddate": "2009-01-12 00:00:00", "value": "0.0000", "calendar": "Working Days"}},
{"pk": 618, "model": "input.bucket", "fields": {"startdate": "2009-01-12 00:00:00", "enddate": "2009-01-17 00:00:00", "value": "1.0000", "calendar": "Working Days"}},
{"pk": 619, "model": "input.bucket", "fields": {"startdate": "2009-01-17 00:00:00", "enddate": "2009-01-19 00:00:00", "value": "0.0000", "calendar": "Working Days"}},
{"pk": 620, "model": "input.bucket", "fields": {"startdate": "2009-01-19 00:00:00", "enddate": "2009-01-24 00:00:00", "value": "1.0000", "calendar": "Working Days"}},
{"pk": 621, "model": "input.bucket", "fields": {"startdate": "2009-01-24 00:00:00", "enddate": "2009-01-26 00:00:00", "value": "0.0000", "calendar": "Working Days"}},
{"pk": 622, "model": "input.bucket", "fields": {"startdate": "2009-01-26 00:00:00", "enddate": "2009-01-31 00:00:00", "value": "1.0000", "calendar": "Working Days"}},
{"pk": 623, "model": "input.bucket", "fields": {"startdate": "2009-01-31 00:00:00", "enddate": "2009-02-02 00:00:00", "value": "0.0000", "calendar": "Working Days"}},
{"pk": 624, "model": "input.bucket", "fields": {"startdate": "2009-02-02 00:00:00", "enddate": "2009-02-07 00:00:00", "value": "1.0000", "calendar": "Working Days"}},
{"pk": 625, "model": "input.bucket", "fields": {"startdate": "2009-02-07 00:00:00", "enddate": "2009-02-09 00:00:00", "value": "0.0000", "calendar": "Working Days"}},
{"pk": 626, "model": "input.bucket", "fields": {"startdate": "2009-02-09 00:00:00", "enddate": "2009-02-14 00:00:00", "value": "1.0000", "calendar": "Working Days"}},
{"pk": 627, "model": "input.bucket", "fields": {"startdate": "2009-02-14 00:00:00", "enddate": "2009-02-16 00:00:00", "value": "0.0000", "calendar": "Working Days"}},
{"pk": 628, "model": "input.bucket", "fields": {"startdate": "2009-02-16 00:00:00", "enddate": "2009-02-21 00:00:00", "value": "1.0000", "calendar": "Working Days"}},
{"pk": 629, "model": "input.bucket", "fields": {"startdate": "2009-02-21 00:00:00", "enddate": "2009-02-23 00:00:00", "value": "0.0000", "calendar": "Working Days"}},
{"pk": 630, "model": "input.bucket", "fields": {"startdate": "2009-02-23 00:00:00", "enddate": "2009-02-28 00:00:00", "value": "1.0000", "calendar": "Working Days"}},
{"pk": 631, "model": "input.bucket", "fields": {"startdate": "2009-02-28 00:00:00", "enddate": "2009-03-02 00:00:00", "value": "0.0000", "calendar": "Working Days"}},
{"pk": 632, "model": "input.bucket", "fields": {"startdate": "2009-03-02 00:00:00", "enddate": "2009-03-07 00:00:00", "value": "1.0000", "calendar": "Working Days"}},
{"pk": 633, "model": "input.bucket", "fields": {"startdate": "2009-03-07 00:00:00", "enddate": "2009-03-09 00:00:00", "value": "0.0000", "calendar": "Working Days"}},
{"pk": 634, "model": "input.bucket", "fields": {"startdate": "2009-03-09 00:00:00", "enddate": "2009-03-14 00:00:00", "value": "1.0000", "calendar": "Working Days"}},
{"pk": 635, "model": "input.bucket", "fields": {"startdate": "2009-03-14 00:00:00", "enddate": "2009-03-16 00:00:00", "value": "0.0000", "calendar": "Working Days"}},
{"pk": 636, "model": "input.bucket", "fields": {"startdate": "2009-03-16 00:00:00", "enddate": "2009-03-21 00:00:00", "value": "1.0000", "calendar": "Working Days"}},
{"pk": 637, "model": "input.bucket", "fields": {"startdate": "2009-03-21 00:00:00", "enddate": "2009-03-23 00:00:00", "value": "0.0000", "calendar": "Working Days"}},
{"pk": 638, "model": "input.bucket", "fields": {"startdate": "2009-03-23 00:00:00", "enddate": "2009-03-28 00:00:00", "value": "1.0000", "calendar": "Working Days"}},
{"pk": 639, "model": "input.bucket", "fields": {"startdate": "2009-03-28 00:00:00", "enddate": "2009-03-30 00:00:00", "value": "0.0000", "calendar": "Working Days"}},
{"pk": 640, "model": "input.bucket", "fields": {"startdate": "2009-03-30 00:00:00", "enddate": "2009-04-04 00:00:00", "value": "1.0000", "calendar": "Working Days"}},
{"pk": 641, "model": "input.bucket", "fields": {"startdate": "2009-04-04 00:00:00", "enddate": "2009-04-06 00:00:00", "value": "0.0000", "calendar": "Working Days"}},
{"pk": 642, "model": "input.bucket", "fields": {"startdate": "2009-04-06 00:00:00", "enddate": "2009-04-11 00:00:00", "value": "1.0000", "calendar": "Working Days"}},
{"pk": 643, "model": "input.bucket", "fields": {"startdate": "2009-04-11 00:00:00", "enddate": "2009-04-13 00:00:00", "value": "0.0000", "calendar": "Working Days"}},
{"pk": 644, "model": "input.bucket", "fields": {"startdate": "2009-04-13 00:00:00", "enddate": "2009-04-18 00:00:00", "value": "1.0000", "calendar": "Working Days"}},
{"pk": 645, "model": "input.bucket", "fields": {"startdate": "2009-04-18 00:00:00", "enddate": "2009-04-20 00:00:00", "value": "0.0000", "calendar": "Working Days"}},
{"pk": 646, "model": "input.bucket", "fields": {"startdate": "2009-04-20 00:00:00", "enddate": "2009-04-25 00:00:00", "value": "1.0000", "calendar": "Working Days"}},
{"pk": 647, "model": "input.bucket", "fields": {"startdate": "2009-04-25 00:00:00", "enddate": "2009-04-27 00:00:00", "value": "0.0000", "calendar": "Working Days"}},
{"pk": 648, "model": "input.bucket", "fields": {"startdate": "2009-04-27 00:00:00", "enddate": "2009-05-02 00:00:00", "value": "1.0000", "calendar": "Working Days"}},
{"pk": 649, "model": "input.bucket", "fields": {"startdate": "2009-05-02 00:00:00", "enddate": "2009-05-04 00:00:00", "value": "0.0000", "calendar": "Working Days"}},
{"pk": 650, "model": "input.bucket", "fields": {"startdate": "2009-05-04 00:00:00", "enddate": "2009-05-09 00:00:00", "value": "1.0000", "calendar": "Working Days"}},
{"pk": 651, "model": "input.bucket", "fields": {"startdate": "2009-05-09 00:00:00", "enddate": "2009-05-11 00:00:00", "value": "0.0000", "calendar": "Working Days"}},
{"pk": 652, "model": "input.bucket", "fields": {"startdate": "2009-05-11 00:00:00", "enddate": "2009-05-16 00:00:00", "value": "1.0000", "calendar": "Working Days"}},
{"pk": 653, "model": "input.bucket", "fields": {"startdate": "2009-05-16 00:00:00", "enddate": "2009-05-18 00:00:00", "value": "0.0000", "calendar": "Working Days"}},
{"pk": 654, "model": "input.bucket", "fields": {"startdate": "2009-05-18 00:00:00", "enddate": "2009-05-23 00:00:00", "value": "1.0000", "calendar": "Working Days"}},
{"pk": 655, "model": "input.bucket", "fields": {"startdate": "2009-05-23 00:00:00", "enddate": "2009-05-25 00:00:00", "value": "0.0000", "calendar": "Working Days"}},
{"pk": 656, "model": "input.bucket", "fields": {"startdate": "2009-05-25 00:00:00", "enddate": "2009-05-30 00:00:00", "value": "1.0000", "calendar": "Working Days"}},
{"pk": 657, "model": "input.bucket", "fields": {"startdate": "2009-05-30 00:00:00", "enddate": "2009-06-01 00:00:00", "value": "0.0000", "calendar": "Working Days"}},
{"pk": 658, "model": "input.bucket", "fields": {"startdate": "2009-06-01 00:00:00", "enddate": "2009-06-06 00:00:00", "value": "1.0000", "calendar": "Working Days"}},
{"pk": 659, "model": "input.bucket", "fields": {"startdate": "2009-06-06 00:00:00", "enddate": "2009-06-08 00:00:00", "value": "0.0000", "calendar": "Working Days"}},
{"pk": 660, "model": "input.bucket", "fields": {"startdate": "2009-06-08 00:00:00", "enddate": "2009-06-13 00:00:00", "value": "1.0000", "calendar": "Working Days"}},
{"pk": 661, "model": "input.bucket", "fields": {"startdate": "2009-06-13 00:00:00", "enddate": "2009-06-15 00:00:00", "value": "0.0000", "calendar": "Working Days"}},
{"pk": 662, "model": "input.bucket", "fields": {"startdate": "2009-06-15 00:00:00", "enddate": "2009-06-20 00:00:00", "value": "1.0000", "calendar": "Working Days"}},
{"pk": 663, "model": "input.bucket", "fields": {"startdate": "2009-06-20 00:00:00", "enddate": "2009-06-22 00:00:00", "value": "0.0000", "calendar": "Working Days"}},
{"pk": 664, "model": "input.bucket", "fields": {"startdate": "2009-06-22 00:00:00", "enddate": "2009-06-27 00:00:00", "value": "1.0000", "calendar": "Working Days"}},
{"pk": 665, "model": "input.bucket", "fields": {"startdate": "2009-06-27 00:00:00", "enddate": "2009-06-29 00:00:00", "value": "0.0000", "calendar": "Working Days"}},
{"pk": 666, "model": "input.bucket", "fields": {"startdate": "2009-06-29 00:00:00", "enddate": "2009-07-04 00:00:00", "value": "1.0000", "calendar": "Working Days"}},
{"pk": 667, "model": "input.bucket", "fields": {"startdate": "2009-07-04 00:00:00", "enddate": "2009-07-06 00:00:00", "value": "0.0000", "calendar": "Working Days"}},
{"pk": 668, "model": "input.bucket", "fields": {"startdate": "2009-07-06 00:00:00", "enddate": "2009-07-11 00:00:00", "value": "1.0000", "calendar": "Working Days"}},
{"pk": 669, "model": "input.bucket", "fields": {"startdate": "2009-07-11 00:00:00", "enddate": "2009-07-13 00:00:00", "value": "0.0000", "calendar": "Working Days"}},
{"pk": 670, "model": "input.bucket", "fields": {"startdate": "2009-07-13 00:00:00", "enddate": "2009-07-18 00:00:00", "value": "1.0000", "calendar": "Working Days"}},
{"pk": 671, "model": "input.bucket", "fields": {"startdate": "2009-07-18 00:00:00", "enddate": "2009-07-20 00:00:00", "value": "0.0000", "calendar": "Working Days"}},
{"pk": 672, "model": "input.bucket", "fields": {"startdate": "2009-07-20 00:00:00", "enddate": "2009-07-25 00:00:00", "value": "1.0000", "calendar": "Working Days"}},
{"pk": 673, "model": "input.bucket", "fields": {"startdate": "2009-07-25 00:00:00", "enddate": "2009-07-27 00:00:00", "value": "0.0000", "calendar": "Working Days"}},
{"pk": 674, "model": "input.bucket", "fields": {"startdate": "2009-07-27 00:00:00", "enddate": "2009-08-01 00:00:00", "value": "1.0000", "calendar": "Working Days"}},
{"pk": 675, "model": "input.bucket", "fields": {"startdate": "2009-08-01 00:00:00", "enddate": "2009-08-03 00:00:00", "value": "0.0000", "calendar": "Working Days"}},
{"pk": 676, "model": "input.bucket", "fields": {"startdate": "2009-08-03 00:00:00", "enddate": "2009-08-08 00:00:00", "value": "1.0000", "calendar": "Working Days"}},
{"pk": 677, "model": "input.bucket", "fields": {"startdate": "2009-08-08 00:00:00", "enddate": "2009-08-10 00:00:00", "value": "0.0000", "calendar": "Working Days"}},
{"pk": 678, "model": "input.bucket", "fields": {"startdate": "2009-08-10 00:00:00", "enddate": "2009-08-15 00:00:00", "value": "1.0000", "calendar": "Working Days"}},
{"pk": 679, "model": "input.bucket", "fields": {"startdate": "2009-08-15 00:00:00", "enddate": "2009-08-17 00:00:00", "value": "0.0000", "calendar": "Working Days"}},
{"pk": 680, "model": "input.bucket", "fields": {"startdate": "2009-08-17 00:00:00", "enddate": "2009-08-22 00:00:00", "value": "1.0000", "calendar": "Working Days"}},
{"pk": 681, "model": "input.bucket", "fields": {"startdate": "2009-08-22 00:00:00", "enddate": "2009-08-24 00:00:00", "value": "0.0000", "calendar": "Working Days"}},
{"pk": 682, "model": "input.bucket", "fields": {"startdate": "2009-08-24 00:00:00", "enddate": "2009-08-29 00:00:00", "value": "1.0000", "calendar": "Working Days"}},
{"pk": 683, "model": "input.bucket", "fields": {"startdate": "2009-08-29 00:00:00", "enddate": "2009-08-31 00:00:00", "value": "0.0000", "calendar": "Working Days"}},
{"pk": 684, "model": "input.bucket", "fields": {"startdate": "2009-08-31 00:00:00", "enddate": "2009-09-05 00:00:00", "value": "1.0000", "calendar": "Working Days"}},
{"pk": 685, "model": "input.bucket", "fields": {"startdate": "2009-09-05 00:00:00", "enddate": "2009-09-07 00:00:00", "value": "0.0000", "calendar": "Working Days"}},
{"pk": 960, "model": "input.bucket", "fields": {"startdate": "2009-09-07 00:00:00", "enddate": "2009-09-12 00:00:00", "value": "1.0000", "calendar": "Working Days"}},
{"pk": 961, "model": "input.bucket", "fields": {"startdate": "2009-09-12 00:00:00", "enddate": "2009-09-14 00:00:00", "value": "0.0000", "calendar": "Working Days"}},
{"pk": 962, "model": "input.bucket", "fields": {"startdate": "2009-09-14 00:00:00", "enddate": "2009-09-19 00:00:00", "value": "1.0000", "calendar": "Working Days"}},
{"pk": 963, "model": "input.bucket", "fields": {"startdate": "2009-09-19 00:00:00", "enddate": "2009-09-21 00:00:00", "value": "0.0000", "calendar": "Working Days"}},
{"pk": 964, "model": "input.bucket", "fields": {"startdate": "2009-09-21 00:00:00", "enddate": "2009-09-26 00:00:00", "value": "1.0000", "calendar": "Working Days"}},
{"pk": 965, "model": "input.bucket", "fields": {"startdate": "2009-09-26 00:00:00", "enddate": "2009-09-28 00:00:00", "value": "0.0000", "calendar": "Working Days"}},
{"pk": 966, "model": "input.bucket", "fields": {"startdate": "2009-09-28 00:00:00", "enddate": "2009-10-03 00:00:00", "value": "1.0000", "calendar": "Working Days"}},
{"pk": 967, "model": "input.bucket", "fields": {"startdate": "2009-10-03 00:00:00", "enddate": "2009-10-05 00:00:00", "value": "0.0000", "calendar": "Working Days"}},
{"pk": 968, "model": "input.bucket", "fields": {"startdate": "2009-10-05 00:00:00", "enddate": "2009-10-10 00:00:00", "value": "1.0000", "calendar": "Working Days"}},
{"pk": 969, "model": "input.bucket", "fields": {"startdate": "2009-10-10 00:00:00", "enddate": "2009-10-12 00:00:00", "value": "0.0000", "calendar": "Working Days"}},
{"pk": 970, "model": "input.bucket", "fields": {"startdate": "2009-10-12 00:00:00", "enddate": "2009-10-17 00:00:00", "value": "1.0000", "calendar": "Working Days"}},
{"pk": 971, "model": "input.bucket", "fields": {"startdate": "2009-10-17 00:00:00", "enddate": "2009-10-19 00:00:00", "value": "0.0000", "calendar": "Working Days"}},
{"pk": 972, "model": "input.bucket", "fields": {"startdate": "2009-10-19 00:00:00", "enddate": "2009-10-24 00:00:00", "value": "1.0000", "calendar": "Working Days"}},
{"pk": 973, "model": "input.bucket", "fields": {"startdate": "2009-10-24 00:00:00", "enddate": "2009-10-26 00:00:00", "value": "0.0000", "calendar": "Working Days"}},
{"pk": 974, "model": "input.bucket", "fields": {"startdate": "2009-10-26 00:00:00", "enddate": "2009-10-31 00:00:00", "value": "1.0000", "calendar": "Working Days"}},
{"pk": 975, "model": "input.bucket", "fields": {"startdate": "2009-10-31 00:00:00", "enddate": "2009-11-02 00:00:00", "value": "0.0000", "calendar": "Working Days"}},
{"pk": 976, "model": "input.bucket", "fields": {"startdate": "2009-11-02 00:00:00", "enddate": "2009-11-07 00:00:00", "value": "1.0000", "calendar": "Working Days"}},
{"pk": 977, "model": "input.bucket", "fields": {"startdate": "2009-11-07 00:00:00", "enddate": "2009-11-09 00:00:00", "value": "0.0000", "calendar": "Working Days"}},
{"pk": 978, "model": "input.bucket", "fields": {"startdate": "2009-11-09 00:00:00", "enddate": "2009-11-14 00:00:00", "value": "1.0000", "calendar": "Working Days"}},
{"pk": 979, "model": "input.bucket", "fields": {"startdate": "2009-11-14 00:00:00", "enddate": "2009-11-16 00:00:00", "value": "0.0000", "calendar": "Working Days"}},
{"pk": 980, "model": "input.bucket", "fields": {"startdate": "2009-11-16 00:00:00", "enddate": "2009-11-21 00:00:00", "value": "1.0000", "calendar": "Working Days"}},
{"pk": 981, "model": "input.bucket", "fields": {"startdate": "2009-11-21 00:00:00", "enddate": "2009-11-23 00:00:00", "value": "0.0000", "calendar": "Working Days"}},
{"pk": 982, "model": "input.bucket", "fields": {"startdate": "2009-11-23 00:00:00", "enddate": "2009-11-28 00:00:00", "value": "1.0000", "calendar": "Working Days"}},
{"pk": 983, "model": "input.bucket", "fields": {"startdate": "2009-11-28 00:00:00", "enddate": "2009-11-30 00:00:00", "value": "0.0000", "calendar": "Working Days"}},
{"pk": 984, "model": "input.bucket", "fields": {"startdate": "2009-11-30 00:00:00", "enddate": "2009-12-05 00:00:00", "value": "1.0000", "calendar": "Working Days"}},
{"pk": 985, "model": "input.bucket", "fields": {"startdate": "2009-12-05 00:00:00", "enddate": "2009-12-07 00:00:00", "value": "0.0000", "calendar": "Working Days"}},
{"pk": 986, "model": "input.bucket", "fields": {"startdate": "2009-12-07 00:00:00", "enddate": "2009-12-12 00:00:00", "value": "1.0000", "calendar": "Working Days"}},
{"pk": 987, "model": "input.bucket", "fields": {"startdate": "2009-12-12 00:00:00", "enddate": "2009-12-14 00:00:00", "value": "0.0000", "calendar": "Working Days"}},
{"pk": 988, "model": "input.bucket", "fields": {"startdate": "2009-12-14 00:00:00", "enddate": "2009-12-19 00:00:00", "value": "1.0000", "calendar": "Working Days"}},
{"pk": 989, "model": "input.bucket", "fields": {"startdate": "2009-12-19 00:00:00", "enddate": "2009-12-21 00:00:00", "value": "0.0000", "calendar": "Working Days"}},
{"pk": 990, "model": "input.bucket", "fields": {"startdate": "2009-12-21 00:00:00", "enddate": "2009-12-26 00:00:00", "value": "1.0000", "calendar": "Working Days"}},
{"pk": 991, "model": "input.bucket", "fields": {"startdate": "2009-12-26 00:00:00", "enddate": "2009-12-28 00:00:00", "value": "0.0000", "calendar": "Working Days"}},
{"pk": 992, "model": "input.bucket", "fields": {"startdate": "2009-12-28 00:00:00", "enddate": "2030-12-31 00:00:00", "value": "1.0000", "calendar": "Working Days"}},
{"pk": "Deliver product from factory 1 - 7 day", "model": "input.operation", "fields": {"location": "factory 1", "sizemultiple": "1.00", "duration": "604800.00"}},
{"pk": "Deliver product from factory 1 - 1 day", "model": "input.operation", "fields": {"location": "factory 1", "sizemultiple": "1.00", "duration": "86400.00"}},
{"pk": "Deliver product from factory 2 - 7 day", "model": "input.operation", "fields": {"location": "factory 2", "sizemultiple": "1.00", "duration": "604800.00"}},
{"pk": "Deliver product from factory 2 - 1 day", "model": "input.operation", "fields": {"location": "factory 2", "sizemultiple": "1.00", "duration": "86400.00"}},
{"pk": "Pack product @ factory 1", "model": "input.operation", "fields": {"location": "factory 1", "sizemultiple": "1.00", "duration": "86400.00"}},
{"pk": "Pack product @ factory 2", "model": "input.operation", "fields": {"location": "factory 2", "sizemultiple": "1.00", "duration": "86400.00"}},
{"pk": "Purchase box @ factory 1", "model": "input.operation", "fields": {"location": "factory 1", "sizemultiple": "50.00", "duration": "604800.00", "sizeminimum": "400.00"}},
{"pk": "Purchase box @ factory 2", "model": "input.operation", "fields": {"location": "factory 2", "sizemultiple": "50.00", "duration": "604800.00", "sizeminimum": "400.00"}},
{"pk": "Purchase ink @ factory 1", "model": "input.operation", "fields": {"location": "factory 1", "sizemultiple": "50.00", "duration": "604800.00"}},
{"pk": "Purchase thread @ factory 1", "model": "input.operation", "fields": {"location": "factory 1", "sizemultiple": "1.00", "duration": "1209600.00", "sizeminimum": "500.00"}},
{"pk": "Make fabric @ factory 1", "model": "input.operation", "fields": {"location": "factory 1", "sizemultiple": "1.00", "duration_per": "3600.00", "duration": "0.00", "type": "operation_time_per"}},
{"pk": "Deliver product from factory 1 or 2", "model": "input.operation", "fields": {"sizemultiple": "1.00", "type": "operation_alternate"}},
{"pk": "Deliver product from factory 2 or 1", "model": "input.operation", "fields": {"sizemultiple": "1.00", "type": "operation_alternate"}},
{"pk": "Transport fabric from factory 1 to 2", "model": "input.operation", "fields": {"sizemultiple": "1.00", "duration": "172800.00", "sizeminimum": "1000.00"}},
{"pk": "product", "model": "input.item", "fields": {"operation": "Deliver product from factory 1 or 2"}},
{"pk": "fabric", "model": "input.item", "fields": {}},
{"pk": "box", "model": "input.item", "fields": {}},
{"pk": "ink", "model": "input.item", "fields": {}},
{"pk": "thread", "model": "input.item", "fields": {}},
{"pk": "pack in factory 1", "model": "input.resource", "fields": { "maximum": "pack capacity factory 1", "location": "factory 1"}},
{"pk": "pack in factory 2", "model": "input.resource", "fields": { "maximum": "pack capacity factory 2", "location": "factory 2"}},
{"pk": "weave in factory 1", "model": "input.resource", "fields": {"location": "factory 1", "type": "resource_infinite"}},
{"pk": "box @ factory 2", "model": "input.buffer", "fields": {"item": "box", "location": "factory 2", "onhand": "40.00", "type": "buffer_infinite"}},
{"pk": "box @ factory 1", "model": "input.buffer", "fields": {"item": "box", "location": "factory 1", "onhand": "30.00", "type": "buffer_infinite"}},
{"pk": "ink @ factory 1", "model": "input.buffer", "fields": {"producing": "Purchase ink @ factory 1", "item": "ink", "location": "factory 1", "onhand": "0.00"}},
{"pk": "fabric @ factory 2", "model": "input.buffer", "fields": {"producing": "Transport fabric from factory 1 to 2", "item": "fabric", "location": "factory 2", "onhand": "0.00"}},
{"pk": "thread @ factory 1", "model": "input.buffer", "fields": {"producing": "Purchase thread @ factory 1", "item": "thread", "location": "factory 1", "onhand": "50.00"}},
{"pk": "product @ factory 2", "model": "input.buffer", "fields": {"producing": "Pack product @ factory 2", "item": "product", "location": "factory 2", "onhand": "10.00"}},
{"pk": "product @ factory 1", "model": "input.buffer", "fields": {"producing": "Pack product @ factory 1", "item": "product", "location": "factory 1", "onhand": "0.00"}},
{"pk": "fabric @ factory 1", "model": "input.buffer", "fields": {"producing": "Make fabric @ factory 1", "item": "fabric", "location": "factory 1", "onhand": "0.00"}},
{"pk": "471", "model": "input.flow", "fields": { "operation": "Pack product @ factory 1", "type": "flow_end", "thebuffer": "product @ factory 1", "quantity": "1.00"}},
{"pk": "472", "model": "input.flow", "fields": { "operation": "Pack product @ factory 2", "type": "flow_end", "thebuffer": "product @ factory 2", "quantity": "1.00"}},
{"pk": "473", "model": "input.flow", "fields": { "operation": "Purchase box @ factory 1", "type": "flow_end", "thebuffer": "box @ factory 1", "quantity": "1.00"}},
{"pk": "474", "model": "input.flow", "fields": { "operation": "Purchase box @ factory 2", "type": "flow_end", "thebuffer": "box @ factory 2", "quantity": "1.00"}},
{"pk": "475", "model": "input.flow", "fields": { "operation": "Purchase ink @ factory 1", "type": "flow_end", "thebuffer": "ink @ factory 1", "quantity": "1.00"}},
{"pk": "476", "model": "input.flow", "fields": { "operation": "Purchase thread @ factory 1", "type": "flow_end", "thebuffer": "thread @ factory 1", "quantity": "1.00"}},
{"pk": "477", "model": "input.flow", "fields": { "operation": "Make fabric @ factory 1", "type": "flow_end", "thebuffer": "fabric @ factory 1", "quantity": "1.00"}},
{"pk": "487", "model": "input.flow", "fields": { "operation": "Pack product @ factory 2", "thebuffer": "box @ factory 2", "quantity": "-1.00"}},
{"pk": "486", "model": "input.flow", "fields": { "operation": "Pack product @ factory 1", "thebuffer": "box @ factory 1", "quantity": "-1.00"}},
{"pk": "485", "model": "input.flow", "fields": { "operation": "Pack product @ factory 2", "thebuffer": "fabric @ factory 2", "quantity": "-1.00"}},
{"pk": "484", "model": "input.flow", "fields": { "operation": "Pack product @ factory 1", "thebuffer": "fabric @ factory 1", "quantity": "-1.00"}},
{"pk": "483", "model": "input.flow", "fields": { "operation": "Make fabric @ factory 1", "thebuffer": "ink @ factory 1", "quantity": "-2.00"}},
{"pk": "481", "model": "input.flow", "fields": { "operation": "Deliver product from factory 2 - 7 day", "thebuffer": "product @ factory 2", "quantity": "-1.00"}},
{"pk": "480", "model": "input.flow", "fields": { "operation": "Deliver product from factory 2 - 1 day", "thebuffer": "product @ factory 2", "quantity": "-1.00"}},
{"pk": "482", "model": "input.flow", "fields": { "operation": "Make fabric @ factory 1", "thebuffer": "thread @ factory 1", "quantity": "-3.00"}},
{"pk": "479", "model": "input.flow", "fields": { "operation": "Deliver product from factory 1 - 7 day", "thebuffer": "product @ factory 1", "quantity": "-1.00"}},
{"pk": "478", "model": "input.flow", "fields": { "operation": "Deliver product from factory 1 - 1 day", "thebuffer": "product @ factory 1", "quantity": "-1.00"}},
{"pk": "490", "model": "input.flow", "fields": {"operation": "Transport fabric from factory 1 to 2", "type": "flow_end", "thebuffer": "fabric @ factory 2", "quantity": "1.00"}},
{"pk": "491", "model": "input.flow", "fields": {"operation": "Transport fabric from factory 1 to 2", "thebuffer": "fabric @ factory 1", "quantity": "-1.00"}},
{"pk": "1000", "model": "input.operationplan", "fields": {"startdate": "2007-01-02 00:00:00", "enddate": "2007-01-02 00:00:00", "locked": true, "operation": "Purchase box @ factory 1", "quantity": "100.00"}},
{"pk": "1001", "model": "input.operationplan", "fields": {"startdate": "2007-01-09 00:00:00", "enddate": "2007-01-09 00:00:00", "locked": true, "operation": "Purchase box @ factory 2", "quantity": "100.00"}},
{"pk": "1002", "model": "input.operationplan", "fields": {"startdate": "2007-01-02 00:00:00", "enddate": "2007-01-02 00:00:00", "locked": true, "operation": "Purchase ink @ factory 1", "quantity": "100.00"}},
{"pk": "1003", "model": "input.operationplan", "fields": {"startdate": "2007-01-02 00:00:00", "enddate": "2007-01-02 00:00:00", "locked": true, "operation": "Purchase thread @ factory 1", "quantity": "100.00"}},
{"pk": "Demand 1", "model": "input.demand", "fields": {"customer": "Customer near factory 1", "due": "2007-01-01 00:00:00", "priority": 1, "item": "product", "operation": "Deliver product from factory 1 or 2", "quantity": "100.00"}},
{"pk": "Demand 2", "model": "input.demand", "fields": {"customer": "Customer near factory 1", "due": "2007-02-01 00:00:00", "priority": 1, "item": "product", "operation": "Deliver product from factory 1 or 2", "quantity": "100.00"}},
{"pk": "Demand 3", "model": "input.demand", "fields": {"customer": "Customer near factory 1", "due": "2007-03-01 00:00:00", "priority": 1, "item": "product", "operation": "Deliver product from factory 1 or 2", "quantity": "100.00"}},
{"pk": "Demand 4", "model": "input.demand", "fields": {"customer": "Customer near factory 1", "due": "2007-04-01 00:00:00", "priority": 1, "item": "product", "operation": "Deliver product from factory 1 or 2", "quantity": "100.00"}},
{"pk": "Demand 5", "model": "input.demand", "fields": {"customer": "Customer near factory 1", "due": "2007-03-01 00:00:00", "priority": 1, "item": "product", "operation": "Deliver product from factory 1 or 2", "quantity": "100.00"}},
{"pk": "Demand 6", "model": "input.demand", "fields": {"customer": "Customer near factory 2", "due": "2007-03-02 00:00:00", "priority": 1, "item": "product", "operation": "Deliver product from factory 2 or 1", "quantity": "300.00"}},
{"pk": "Demand 7", "model": "input.demand", "fields": {"customer": "Customer near factory 2", "due": "2007-02-02 00:00:00", "priority": 1, "item": "product", "operation": "Deliver product from factory 2 or 1", "quantity": "100.00"}},
{"pk": "Demand 8", "model": "input.demand", "fields": {"customer": "Customer near factory 2", "due": "2007-02-22 00:00:00", "priority": 1, "item": "product", "operation": "Deliver product from factory 2 or 1", "quantity": "100.00"}},
{"pk": "Demand 9", "model": "input.demand", "fields": {"customer": "Customer near factory 2", "due": "2007-01-25 00:00:00", "priority": 1, "item": "product", "operation": "Deliver product from factory 2 or 1", "quantity": "100.00"}},
{"pk": "Demand 10", "model": "input.demand", "fields": {"customer": "Customer near factory 2", "due": "2007-02-01 00:00:00", "priority": 1, "item": "product", "operation": "Deliver product from factory 2 or 1", "quantity": "100.00"}},
{"pk": "Demand 11", "model": "input.demand", "fields": {"customer": "Customer near factory 2", "due": "2007-03-25 00:00:00", "priority": 1, "item": "product", "operation": "Deliver product from factory 2 or 1", "quantity": "100.00"}},
{"pk": "Demand 12", "model": "input.demand", "fields": {"customer": "Customer near factory 2", "due": "2007-02-03 00:00:00", "priority": 1, "item": "product", "operation": "Deliver product from factory 2 or 1", "quantity": "100.00"}},
{"pk": "Demand 13", "model": "input.demand", "fields": {"customer": "Customer near factory 2", "due": "2007-02-04 00:00:00", "priority": 1, "item": "product", "operation": "Deliver product from factory 2 or 1", "quantity": "100.00"}},
{"pk": "Demand 14", "model": "input.demand", "fields": {"customer": "Customer near factory 2", "due": "2007-01-02 00:00:00", "priority": 1, "item": "product", "operation": "Deliver product from factory 2 or 1", "quantity": "100.00"}},
{"pk": "21", "model": "input.load", "fields": {"operation": "Pack product @ factory 1", "quantity": "1.00", "resource": "pack in factory 1"}},
{"pk": "22", "model": "input.load", "fields": {"operation": "Pack product @ factory 2", "quantity": "1.00", "resource": "pack in factory 2"}},
{"pk": "23", "model": "input.load", "fields": { "operation": "Make fabric @ factory 1", "quantity": "1.00", "resource": "weave in factory 1"}},
{"pk": "1", "model": "input.suboperation", "fields": {"priority": "1", "suboperation": "Deliver product from factory 2 - 1 day", "operation": "Deliver product from factory 2 or 1"}},
{"pk": "2", "model": "input.suboperation", "fields": {"priority": "2", "suboperation": "Deliver product from factory 2 - 7 day", "operation": "Deliver product from factory 1 or 2"}},
{"pk": "3", "model": "input.suboperation", "fields": {"priority": "1", "suboperation": "Deliver product from factory 1 - 1 day", "operation": "Deliver product from factory 1 or 2"}},
{"pk": "4", "model": "input.suboperation", "fields": {"priority": "2", "suboperation": "Deliver product from factory 1 - 7 day", "operation": "Deliver product from factory 2 or 1"}},
{"pk": "Forecast area of factory 1", "model": "input.forecast", "fields": {"customer": "Customer near factory 1", "priority": 2, "item": "product", "calendar": "Working Days", "operation": "Deliver product from factory 1 or 2"}},
{"pk": "Forecast area of factory 2", "model": "input.forecast", "fields": {"customer": "Customer near factory 2", "priority": 2, "item": "product", "calendar": "Working Days", "operation": "Deliver product from factory 2 or 1"}}
]
