[
{"pk": "currentdate", "model": "input.parameter", "fields": {"description": "Current date of the plan, formatted as YYYY-MM-DD HH-MM-SS", "value": "2009-01-01 00:00:00"}},
{"pk": "loading_time_units", "model": "input.parameter", "fields": {"description": "Time units to be used for the resource report: hours, days, weeks", "value": "days"}},
{"pk": "pack capacity factory 1", "model": "input.calendar", "fields": {"defaultvalue": "0", "type": "calendar_double"}},
{"pk": "pack capacity factory 2", "model": "input.calendar", "fields": {"defaultvalue": "0", "type": "calendar_double"}},
{"pk": "weave capacity factory 1", "model": "input.calendar", "fields": {"defaultvalue": "0", "type": "calendar_double"}},
{"pk": "availability of factory 1", "model": "input.calendar", "fields": {"defaultvalue": "1", "type": "calendar_boolean"}},
{"pk": "availability of factory 2", "model": "input.calendar", "fields": {"defaultvalue": "1", "type": "calendar_boolean"}},
{"pk": 1, "model": "input.calendarbucket", "fields": {"startdate": "2008-01-01 00:00:00", "enddate": "2009-02-01 00:00:00", "value": "1", "priority": 0, "calendar": "pack capacity factory 1"}},
{"pk": 2, "model": "input.calendarbucket", "fields": {"startdate": "2009-02-01 00:00:00", "enddate": "2030-12-31 00:00:00", "value": "2", "priority": 0, "calendar": "pack capacity factory 1"}},
{"pk": 3, "model": "input.calendarbucket", "fields": {"startdate": "2008-01-01 00:00:00", "enddate": "2030-12-31 00:00:00", "value": "1", "priority": 0, "calendar": "pack capacity factory 2"}},
{"pk": 4, "model": "input.calendarbucket", "fields": {"startdate": "2008-01-01 00:00:00", "enddate": "2030-12-31 00:00:00", "value": "3", "priority": 0, "calendar": "weave capacity factory 1"}},
{"pk": 5, "model": "input.calendarbucket", "fields": {"startdate": "2008-01-01 00:00:00", "enddate": "2030-12-31 00:00:00", "value": "1", "priority": 0, "calendar": "availability of factory 1"}},
{"pk": 6, "model": "input.calendarbucket", "fields": {"startdate": "2008-01-01 00:00:00", "enddate": "2030-12-31 00:00:00", "value": "1", "priority": 0, "calendar": "availability of factory 2"}},
{"pk": "factory 1", "model": "input.location", "fields": {}},
{"pk": "factory 2", "model": "input.location", "fields": {}},
{"pk": "box", "model": "input.item", "fields": {}},
{"pk": "fabric", "model": "input.item", "fields": {"description": "an intermediate product"}},
{"pk": "ink", "model": "input.item", "fields": {}},
{"pk": "product", "model": "input.item", "fields": {"description": "an end item"}},
{"pk": "thread", "model": "input.item", "fields": {}},
{"pk": "Deliver product from factory 1 - 1 day", "model": "input.operation", "fields": {"duration": "86400", "sizemultiple": "1", "location": "factory 1", "sizeminimum": "1", "type": "operation_fixed_time"}},
{"pk": "Deliver product from factory 1 - 7 day", "model": "input.operation", "fields": {"duration": "604800", "sizemultiple": "1", "location": "factory 1", "sizeminimum": "1", "type": "operation_fixed_time"}},
{"pk": "Deliver product from factory 1 or 2", "model": "input.operation", "fields": {"sizemultiple": "1", "description": "Choice of delivery source (prefer factory 1)", "sizeminimum": "1", "type": "operation_alternate"}},
{"pk": "Deliver product from factory 2 - 1 day", "model": "input.operation", "fields": {"duration": "86400", "sizemultiple": "1", "location": "factory 2", "sizeminimum": "1", "type": "operation_fixed_time"}},
{"pk": "Deliver product from factory 2 - 7 day", "model": "input.operation", "fields": {"duration": "604800", "sizemultiple": "1", "location": "factory 2", "sizeminimum": "1", "type": "operation_fixed_time"}},
{"pk": "Deliver product from factory 2 or 1", "model": "input.operation", "fields": {"sizemultiple": "1", "description": "Choice of delivery source (prefer factory 2)", "sizeminimum": "1", "type": "operation_alternate"}},
{"pk": "Make fabric @ factory 1", "model": "input.operation", "fields": {"duration": "0", "duration_per": "3600", "sizemultiple": "1", "location": "factory 1", "sizeminimum": "1", "type": "operation_time_per"}},
{"pk": "Pack product @ factory 1", "model": "input.operation", "fields": {"duration": "86400", "sizemultiple": "1", "location": "factory 1", "sizeminimum": "1", "type": "operation_fixed_time"}},
{"pk": "Pack product @ factory 2", "model": "input.operation", "fields": {"duration": "86400", "sizemultiple": "1", "location": "factory 2", "sizeminimum": "1", "type": "operation_fixed_time"}},
{"pk": "Purchase box @ factory 1", "model": "input.operation", "fields": {"duration": "604800", "sizemultiple": "50", "location": "factory 1", "sizeminimum": "400", "type": "operation_fixed_time"}},
{"pk": "Purchase box @ factory 2", "model": "input.operation", "fields": {"duration": "604800", "sizemultiple": "50", "location": "factory 2", "sizeminimum": "400", "type": "operation_fixed_time"}},
{"pk": "Purchase ink @ factory 1", "model": "input.operation", "fields": {"duration": "604800", "sizemultiple": "50", "location": "factory 1", "sizeminimum": "1", "type": "operation_fixed_time"}},
{"pk": "Purchase thread @ factory 1", "model": "input.operation", "fields": {"duration": "1209600", "sizemultiple": "1", "location": "factory 1", "sizeminimum": "500", "type": "operation_fixed_time"}},
{"pk": "Transport fabric from factory 1 to 2", "model": "input.operation", "fields": {"duration": "172800", "sizemultiple": "1", "sizeminimum": "1000", "type": "operation_fixed_time"}},
{"pk": 3, "model": "input.suboperation", "fields": {"priority": 1, "suboperation": "Deliver product from factory 1 - 1 day", "operation": "Deliver product from factory 1 or 2"}},
{"pk": 2, "model": "input.suboperation", "fields": {"priority": 2, "suboperation": "Deliver product from factory 2 - 7 day", "operation": "Deliver product from factory 1 or 2"}},
{"pk": 1, "model": "input.suboperation", "fields": {"priority": 1, "suboperation": "Deliver product from factory 2 - 1 day", "operation": "Deliver product from factory 2 or 1"}},
{"pk": 4, "model": "input.suboperation", "fields": {"priority": 2, "suboperation": "Deliver product from factory 1 - 7 day", "operation": "Deliver product from factory 2 or 1"}},
{"pk": "box @ factory 1", "model": "input.buffer", "fields": {"location": "factory 1", "type": "buffer_infinite", "item": "box", "onhand": "30"}},
{"pk": "box @ factory 2", "model": "input.buffer", "fields": {"location": "factory 2", "type": "buffer_infinite", "item": "box", "onhand": "40"}},
{"pk": "fabric @ factory 1", "model": "input.buffer", "fields": {"location": "factory 1", "producing": "Make fabric @ factory 1", "item": "fabric", "onhand": "0"}},
{"pk": "fabric @ factory 2", "model": "input.buffer", "fields": {"location": "factory 2", "producing": "Transport fabric from factory 1 to 2", "item": "fabric", "onhand": "0"}},
{"pk": "ink @ factory 1", "model": "input.buffer", "fields": {"location": "factory 1", "producing": "Purchase ink @ factory 1", "item": "ink", "onhand": "0"}},
{"pk": "product @ factory 1", "model": "input.buffer", "fields": {"location": "factory 1", "producing": "Pack product @ factory 1", "item": "product", "onhand": "0"}},
{"pk": "product @ factory 2", "model": "input.buffer", "fields": {"location": "factory 2", "producing": "Pack product @ factory 2", "item": "product", "onhand": "10"}},
{"pk": "thread @ factory 1", "model": "input.buffer", "fields": {"location": "factory 1", "producing": "Purchase thread @ factory 1", "item": "thread", "onhand": "50"}},
{"pk": "pack in factory 1", "model": "input.resource", "fields": {"maximum_calendar": "pack capacity factory 1", "location": "factory 1"}},
{"pk": "pack in factory 2", "model": "input.resource", "fields": {"maximum_calendar": "pack capacity factory 2", "location": "factory 2"}},
{"pk": "weave in factory 1", "model": "input.resource", "fields": {"maximum_calendar": "weave capacity factory 1", "location": "factory 1"}},
{"pk": 1, "model": "input.flow", "fields": {"priority": 1, "thebuffer": "product @ factory 1", "operation": "Pack product @ factory 1", "type": "flow_end", "quantity": "1"}},
{"pk": 2, "model": "input.flow", "fields": {"priority": 1, "thebuffer": "product @ factory 2", "operation": "Pack product @ factory 2", "type": "flow_end", "quantity": "1"}},
{"pk": 3, "model": "input.flow", "fields": {"priority": 1, "thebuffer": "box @ factory 1", "operation": "Purchase box @ factory 1", "type": "flow_end", "quantity": "1"}},
{"pk": 4, "model": "input.flow", "fields": {"priority": 1, "thebuffer": "box @ factory 2", "operation": "Purchase box @ factory 2", "type": "flow_end", "quantity": "1"}},
{"pk": 5, "model": "input.flow", "fields": {"priority": 1, "thebuffer": "ink @ factory 1", "operation": "Purchase ink @ factory 1", "type": "flow_end", "quantity": "1"}},
{"pk": 6, "model": "input.flow", "fields": {"priority": 1, "thebuffer": "thread @ factory 1", "operation": "Purchase thread @ factory 1", "type": "flow_end", "quantity": "1"}},
{"pk": 7, "model": "input.flow", "fields": {"priority": 1, "thebuffer": "fabric @ factory 1", "operation": "Make fabric @ factory 1", "type": "flow_end", "quantity": "1"}},
{"pk": 8, "model": "input.flow", "fields": {"priority": 1, "thebuffer": "product @ factory 1", "operation": "Deliver product from factory 1 - 1 day", "quantity": "-1"}},
{"pk": 9, "model": "input.flow", "fields": {"priority": 1, "thebuffer": "product @ factory 1", "operation": "Deliver product from factory 1 - 7 day", "quantity": "-1"}},
{"pk": 10, "model": "input.flow", "fields": {"priority": 1, "thebuffer": "product @ factory 2", "operation": "Deliver product from factory 2 - 1 day", "quantity": "-1"}},
{"pk": 11, "model": "input.flow", "fields": {"priority": 1, "thebuffer": "product @ factory 2", "operation": "Deliver product from factory 2 - 7 day", "quantity": "-1"}},
{"pk": 12, "model": "input.flow", "fields": {"priority": 1, "thebuffer": "thread @ factory 1", "operation": "Make fabric @ factory 1", "quantity": "-3"}},
{"pk": 13, "model": "input.flow", "fields": {"priority": 1, "thebuffer": "ink @ factory 1", "operation": "Make fabric @ factory 1", "quantity": "-2"}},
{"pk": 14, "model": "input.flow", "fields": {"priority": 1, "thebuffer": "fabric @ factory 1", "operation": "Pack product @ factory 1", "quantity": "-1"}},
{"pk": 15, "model": "input.flow", "fields": {"priority": 1, "thebuffer": "fabric @ factory 2", "operation": "Pack product @ factory 2", "quantity": "-1"}},
{"pk": 16, "model": "input.flow", "fields": {"priority": 1, "thebuffer": "box @ factory 1", "operation": "Pack product @ factory 1", "quantity": "-1"}},
{"pk": 17, "model": "input.flow", "fields": {"priority": 1, "thebuffer": "box @ factory 2", "operation": "Pack product @ factory 2", "quantity": "-1"}},
{"pk": 18, "model": "input.flow", "fields": {"priority": 1, "thebuffer": "fabric @ factory 2", "operation": "Transport fabric from factory 1 to 2", "type": "flow_end", "quantity": "1"}},
{"pk": 19, "model": "input.flow", "fields": {"priority": 1, "thebuffer": "fabric @ factory 1", "operation": "Transport fabric from factory 1 to 2", "quantity": "-1"}},
{"pk": 1, "model": "input.load", "fields": {"resource": "pack in factory 1", "priority": 1, "operation": "Pack product @ factory 1", "quantity": "1"}},
{"pk": 2, "model": "input.load", "fields": {"resource": "pack in factory 2", "priority": 1, "operation": "Pack product @ factory 2", "quantity": "1"}},
{"pk": 3, "model": "input.load", "fields": {"resource": "weave in factory 1", "priority": 1, "operation": "Make fabric @ factory 1", "quantity": "1"}},
{"pk": "Demand 1", "model": "input.demand", "fields": {"item": "product", "due": "2009-05-05 00:00:00", "priority": 1, "operation": "Deliver product from factory 1 or 2", "quantity": "100", "minshipment": "100"}}
]