[
{"pk": "Capacity line 1 station 1a", "model": "input.calendar", "fields": {"defaultvalue": "0"}},
{"pk": "Capacity line 1 station 1b", "model": "input.calendar", "fields": {"defaultvalue": "0"}},
{"pk": "Capacity line 1 station 2", "model": "input.calendar", "fields": {"defaultvalue": "0"}},
{"pk": "Capacity line 1 station 3", "model": "input.calendar", "fields": {"defaultvalue": "0"}},
{"pk": "Capacity line 1 station 4", "model": "input.calendar", "fields": {"defaultvalue": "0"}},
{"pk": "Capacity line 1 station 5", "model": "input.calendar", "fields": {"defaultvalue": "0"}},
{"pk": "Capacity line 1 station 6", "model": "input.calendar", "fields": {"defaultvalue": "0"}},
{"pk": "Capacity line 1 station 7", "model": "input.calendar", "fields": {"defaultvalue": "0"}},
{"pk": "Operators line 1", "model": "input.calendar", "fields": {"defaultvalue": "0"}},
{"pk": "Working Days", "model": "input.calendar", "fields": {"defaultvalue": "1"}},
{"pk": 6, "model": "input.calendarbucket", "fields": {"startdate": "2011-02-01 00:00:00", "enddate": "2030-12-31 00:00:00", "monday": true, "tuesday": true, "friday": true, "wednesday": true, "value": "1", "priority": 0, "sunday": true, "thursday": true, "calendar": "Capacity line 1 station 1a", "saturday": true}},
{"pk": 2, "model": "input.calendarbucket", "fields": {"startdate": "2011-02-01 00:00:00", "enddate": "2030-12-31 00:00:00", "monday": true, "tuesday": true, "friday": true, "wednesday": true, "value": "1", "priority": 0, "sunday": true, "thursday": true, "calendar": "Capacity line 1 station 1b", "saturday": true}},
{"pk": 1, "model": "input.calendarbucket", "fields": {"startdate": "2011-02-01 00:00:00", "enddate": "2030-12-31 00:00:00", "monday": true, "tuesday": true, "friday": true, "wednesday": true, "value": "2", "priority": 0, "sunday": true, "thursday": true, "calendar": "Capacity line 1 station 2", "saturday": true}},
{"pk": 8, "model": "input.calendarbucket", "fields": {"startdate": "2011-02-01 00:00:00", "enddate": "2030-12-31 00:00:00", "monday": true, "tuesday": true, "friday": true, "wednesday": true, "value": "4", "priority": 0, "sunday": true, "thursday": true, "calendar": "Capacity line 1 station 3", "saturday": true}},
{"pk": 3, "model": "input.calendarbucket", "fields": {"startdate": "2011-02-01 00:00:00", "enddate": "2030-12-31 00:00:00", "monday": true, "tuesday": true, "friday": true, "wednesday": true, "value": "2", "priority": 0, "sunday": true, "thursday": true, "calendar": "Capacity line 1 station 4", "saturday": true}},
{"pk": 4, "model": "input.calendarbucket", "fields": {"startdate": "2011-02-01 00:00:00", "enddate": "2030-12-31 00:00:00", "monday": true, "tuesday": true, "friday": true, "wednesday": true, "value": "1", "priority": 0, "sunday": true, "thursday": true, "calendar": "Capacity line 1 station 5", "saturday": true}},
{"pk": 5, "model": "input.calendarbucket", "fields": {"startdate": "2011-02-01 00:00:00", "enddate": "2030-12-31 00:00:00", "monday": true, "tuesday": true, "friday": true, "wednesday": true, "value": "1", "priority": 0, "sunday": true, "thursday": true, "calendar": "Capacity line 1 station 6", "saturday": true}},
{"pk": 7, "model": "input.calendarbucket", "fields": {"startdate": "2011-02-01 00:00:00", "enddate": "2030-12-31 00:00:00", "monday": true, "tuesday": true, "friday": true, "wednesday": true, "value": "1", "priority": 0, "sunday": true, "thursday": true, "calendar": "Capacity line 1 station 7", "saturday": true}},
{"pk": 9, "model": "input.calendarbucket", "fields": {"startdate": "2011-01-01 00:00:00", "enddate": "2030-12-31 00:00:00", "monday": true, "tuesday": true, "friday": true, "wednesday": true, "value": "9", "priority": 0, "sunday": true, "thursday": true, "calendar": "Operators line 1", "saturday": true}},
{"pk": 10, "model": "input.calendarbucket", "fields": {"startdate": "2011-12-31 00:00:00", "enddate": "2012-04-30 00:00:00", "monday": true, "tuesday": false, "friday": false, "wednesday": false, "value": "0", "priority": 0, "sunday": true, "thursday": false, "calendar": "Working Days", "saturday": false}},
{"pk": "Client", "model": "input.customer", "fields": {}},
{"pk": "factory", "model": "input.location", "fields": {"available": "Working Days"}},
{"pk": "product 01-01", "model": "input.item", "fields": {}},
{"pk": "product 02-01", "model": "input.item", "fields": {}},
{"pk": "product 03-01", "model": "input.item", "fields": {}},
{"pk": "product 04-01", "model": "input.item", "fields": {}},
{"pk": "product 05-01", "model": "input.item", "fields": {}},
{"pk": "product 06-01", "model": "input.item", "fields": {}},
{"pk": "product 07-01", "model": "input.item", "fields": {}},
{"pk": "product 08-01", "model": "input.item", "fields": {}},
{"pk": "product 09-01", "model": "input.item", "fields": {}},
{"pk": "product 10-01", "model": "input.item", "fields": {}},
{"pk": "product 01-02", "model": "input.item", "fields": {}},
{"pk": "product 02-02", "model": "input.item", "fields": {}},
{"pk": "product 03-02", "model": "input.item", "fields": {}},
{"pk": "product 04-02", "model": "input.item", "fields": {}},
{"pk": "product 05-02", "model": "input.item", "fields": {}},
{"pk": "product 06-02", "model": "input.item", "fields": {}},
{"pk": "product 07-02", "model": "input.item", "fields": {}},
{"pk": "product 08-02", "model": "input.item", "fields": {}},
{"pk": "product 09-02", "model": "input.item", "fields": {}},
{"pk": "product 10-02", "model": "input.item", "fields": {}},
{"pk": "product 01-03", "model": "input.item", "fields": {}},
{"pk": "product 02-03", "model": "input.item", "fields": {}},
{"pk": "product 03-03", "model": "input.item", "fields": {}},
{"pk": "product 04-03", "model": "input.item", "fields": {}},
{"pk": "product 05-03", "model": "input.item", "fields": {}},
{"pk": "product 06-03", "model": "input.item", "fields": {}},
{"pk": "product 07-03", "model": "input.item", "fields": {}},
{"pk": "product 08-03", "model": "input.item", "fields": {}},
{"pk": "product 09-03", "model": "input.item", "fields": {}},
{"pk": "product 10-03", "model": "input.item", "fields": {}},
{"pk": "product 01-04", "model": "input.item", "fields": {}},
{"pk": "product 02-04", "model": "input.item", "fields": {}},
{"pk": "product 03-04", "model": "input.item", "fields": {}},
{"pk": "product 04-04", "model": "input.item", "fields": {}},
{"pk": "product 05-04", "model": "input.item", "fields": {}},
{"pk": "product 06-04", "model": "input.item", "fields": {}},
{"pk": "product 07-04", "model": "input.item", "fields": {}},
{"pk": "product 08-04", "model": "input.item", "fields": {}},
{"pk": "product 09-04", "model": "input.item", "fields": {}},
{"pk": "product 10-04", "model": "input.item", "fields": {}},
{"pk": "product 01-05", "model": "input.item", "fields": {}},
{"pk": "product 02-05", "model": "input.item", "fields": {}},
{"pk": "product 03-05", "model": "input.item", "fields": {}},
{"pk": "product 04-05", "model": "input.item", "fields": {}},
{"pk": "product 05-05", "model": "input.item", "fields": {}},
{"pk": "product 06-05", "model": "input.item", "fields": {}},
{"pk": "product 07-05", "model": "input.item", "fields": {}},
{"pk": "product 08-05", "model": "input.item", "fields": {}},
{"pk": "product 09-05", "model": "input.item", "fields": {}},
{"pk": "product 10-05", "model": "input.item", "fields": {}},
{"pk": "product 01-06", "model": "input.item", "fields": {}},
{"pk": "product 02-06", "model": "input.item", "fields": {}},
{"pk": "product 03-06", "model": "input.item", "fields": {}},
{"pk": "product 04-06", "model": "input.item", "fields": {}},
{"pk": "product 05-06", "model": "input.item", "fields": {}},
{"pk": "product 06-06", "model": "input.item", "fields": {}},
{"pk": "product 07-06", "model": "input.item", "fields": {}},
{"pk": "product 08-06", "model": "input.item", "fields": {}},
{"pk": "product 09-06", "model": "input.item", "fields": {}},
{"pk": "product 10-06", "model": "input.item", "fields": {}},
{"pk": "product 01-07", "model": "input.item", "fields": {}},
{"pk": "product 02-07", "model": "input.item", "fields": {}},
{"pk": "product 03-07", "model": "input.item", "fields": {}},
{"pk": "product 04-07", "model": "input.item", "fields": {}},
{"pk": "product 05-07", "model": "input.item", "fields": {}},
{"pk": "product 06-07", "model": "input.item", "fields": {}},
{"pk": "product 07-07", "model": "input.item", "fields": {}},
{"pk": "product 08-07", "model": "input.item", "fields": {}},
{"pk": "product 09-07", "model": "input.item", "fields": {}},
{"pk": "product 10-07", "model": "input.item", "fields": {}},
{"pk": "01 step 01", "model": "input.operation", "fields": {"item": "product 01-01", "duration_per": "9", "location": "factory", "sizemaximum": "500", "sizeminimum": "500", "type": "time_per"}},
{"pk": "01 step 02", "model": "input.operation", "fields": {"item": "product 01-02", "duration_per": "16", "location": "factory", "sizemaximum": "500", "sizeminimum": "500", "type": "time_per"}},
{"pk": "01 step 03", "model": "input.operation", "fields": {"item": "product 01-03", "duration_per": "27", "location": "factory", "sizemaximum": "500", "sizeminimum": "500", "type": "time_per"}},
{"pk": "01 step 04", "model": "input.operation", "fields": {"item": "product 01-04", "duration_per": "12", "location": "factory", "sizemaximum": "500", "sizeminimum": "500", "type": "time_per"}},
{"pk": "01 step 05", "model": "input.operation", "fields": {"item": "product 01-05", "duration_per": "6", "location": "factory", "sizemaximum": "500", "sizeminimum": "500", "type": "time_per"}},
{"pk": "01 step 06", "model": "input.operation", "fields": {"item": "product 01-06", "duration_per": "1", "location": "factory", "sizemaximum": "500", "sizeminimum": "500", "type": "time_per"}},
{"pk": "01 step 07", "model": "input.operation", "fields": {"item": "product 01-07", "location": "factory", "sizemaximum": "500", "sizeminimum": "500", "type": "time_per"}},
{"pk": "02 step 01", "model": "input.operation", "fields": {"item": "product 01-01", "duration_per": "9", "location": "factory", "sizemaximum": "500", "sizeminimum": "500", "type": "time_per"}},
{"pk": "02 step 02", "model": "input.operation", "fields": {"item": "product 02-02", "duration_per": "16", "location": "factory", "sizemaximum": "500", "sizeminimum": "500", "type": "time_per"}},
{"pk": "02 step 03", "model": "input.operation", "fields": {"item": "product 02-03", "duration_per": "27", "location": "factory", "sizemaximum": "500", "sizeminimum": "500", "type": "time_per"}},
{"pk": "02 step 04", "model": "input.operation", "fields": {"item": "product 02-04", "duration_per": "12", "location": "factory", "sizemaximum": "500", "sizeminimum": "500", "type": "time_per"}},
{"pk": "02 step 05", "model": "input.operation", "fields": {"item": "product 02-05", "duration_per": "6", "location": "factory", "sizemaximum": "500", "sizeminimum": "500", "type": "time_per"}},
{"pk": "02 step 06", "model": "input.operation", "fields": {"item": "product 02-06", "duration_per": "1", "location": "factory", "sizemaximum": "500", "sizeminimum": "500", "type": "time_per"}},
{"pk": "02 step 07", "model": "input.operation", "fields": {"item": "product 02-07", "duration_per": "10", "location": "factory", "sizemaximum": "500", "sizeminimum": "500", "type": "time_per"}},
{"pk": "03 step 01", "model": "input.operation", "fields": {"item": "product 03-01", "duration_per": "9", "location": "factory", "sizemaximum": "500", "sizeminimum": "500", "type": "time_per"}},
{"pk": "03 step 02", "model": "input.operation", "fields": {"item": "product 03-02", "duration_per": "16", "location": "factory", "sizemaximum": "500", "sizeminimum": "500", "type": "time_per"}},
{"pk": "03 step 03", "model": "input.operation", "fields": {"item": "product 03-03", "duration_per": "27", "location": "factory", "sizemaximum": "500", "sizeminimum": "500", "type": "time_per"}},
{"pk": "03 step 04", "model": "input.operation", "fields": {"item": "product 03-04", "duration_per": "12", "location": "factory", "sizemaximum": "500", "sizeminimum": "500", "type": "time_per"}},
{"pk": "03 step 05", "model": "input.operation", "fields": {"item": "product 03-05", "duration_per": "6", "location": "factory", "sizemaximum": "500", "sizeminimum": "500", "type": "time_per"}},
{"pk": "03 step 06", "model": "input.operation", "fields": {"item": "product 03-06", "duration_per": "1", "location": "factory", "sizemaximum": "500", "sizeminimum": "500", "type": "time_per"}},
{"pk": "03 step 07", "model": "input.operation", "fields": {"item": "product 03-07", "duration_per": "10", "location": "factory", "sizemaximum": "500", "sizeminimum": "500", "type": "time_per"}},
{"pk": "04 step 01", "model": "input.operation", "fields": {"item": "product 04-01", "duration_per": "9", "location": "factory", "sizemaximum": "500", "sizeminimum": "500", "type": "time_per"}},
{"pk": "04 step 02", "model": "input.operation", "fields": {"item": "product 04-02", "duration_per": "16", "location": "factory", "sizemaximum": "500", "sizeminimum": "500", "type": "time_per"}},
{"pk": "04 step 03", "model": "input.operation", "fields": {"item": "product 04-03", "duration_per": "27", "location": "factory", "sizemaximum": "500", "sizeminimum": "500", "type": "time_per"}},
{"pk": "04 step 04", "model": "input.operation", "fields": {"item": "product 04-04", "duration_per": "12", "location": "factory", "sizemaximum": "500", "sizeminimum": "500", "type": "time_per"}},
{"pk": "04 step 05", "model": "input.operation", "fields": {"item": "product 04-05", "duration_per": "6", "location": "factory", "sizemaximum": "500", "sizeminimum": "500", "type": "time_per"}},
{"pk": "04 step 06", "model": "input.operation", "fields": {"item": "product 04-06", "duration_per": "1", "location": "factory", "sizemaximum": "500", "sizeminimum": "500", "type": "time_per"}},
{"pk": "04 step 07", "model": "input.operation", "fields": {"item": "product 04-07", "duration_per": "10", "location": "factory", "sizemaximum": "500", "sizeminimum": "500", "type": "time_per"}},
{"pk": "05 step 01", "model": "input.operation", "fields": {"item": "product 05-01", "duration_per": "9", "location": "factory", "sizemaximum": "500", "sizeminimum": "500", "type": "time_per"}},
{"pk": "05 step 02", "model": "input.operation", "fields": {"item": "product 05-02", "duration_per": "16", "location": "factory", "sizemaximum": "500", "sizeminimum": "500", "type": "time_per"}},
{"pk": "05 step 03", "model": "input.operation", "fields": {"item": "product 05-03", "duration_per": "27", "location": "factory", "sizemaximum": "500", "sizeminimum": "500", "type": "time_per"}},
{"pk": "05 step 04", "model": "input.operation", "fields": {"item": "product 05-04", "duration_per": "12", "location": "factory", "sizemaximum": "500", "sizeminimum": "500", "type": "time_per"}},
{"pk": "05 step 05", "model": "input.operation", "fields": {"item": "product 05-05", "duration_per": "6", "location": "factory", "sizemaximum": "500", "sizeminimum": "500", "type": "time_per"}},
{"pk": "05 step 06", "model": "input.operation", "fields": {"item": "product 05-06", "duration_per": "1", "location": "factory", "sizemaximum": "500", "sizeminimum": "500", "type": "time_per"}},
{"pk": "05 step 07", "model": "input.operation", "fields": {"item": "product 05-07", "duration_per": "10", "location": "factory", "sizemaximum": "500", "sizeminimum": "500", "type": "time_per"}},
{"pk": "06 step 01", "model": "input.operation", "fields": {"item": "product 06-01", "duration_per": "3", "location": "factory", "sizemaximum": "500", "sizeminimum": "500", "type": "time_per"}},
{"pk": "06 step 02", "model": "input.operation", "fields": {"item": "product 06-02", "duration_per": "16", "location": "factory", "sizemaximum": "500", "sizeminimum": "500", "type": "time_per"}},
{"pk": "06 step 03", "model": "input.operation", "fields": {"item": "product 06-03", "duration_per": "27", "location": "factory", "sizemaximum": "500", "sizeminimum": "500", "type": "time_per"}},
{"pk": "06 step 04", "model": "input.operation", "fields": {"item": "product 06-04", "duration_per": "12", "location": "factory", "sizemaximum": "500", "sizeminimum": "500", "type": "time_per"}},
{"pk": "06 step 05", "model": "input.operation", "fields": {"item": "product 06-05", "duration_per": "6", "location": "factory", "sizemaximum": "500", "sizeminimum": "500", "type": "time_per"}},
{"pk": "06 step 06", "model": "input.operation", "fields": {"item": "product 06-06", "duration_per": "1", "location": "factory", "sizemaximum": "500", "sizeminimum": "500", "type": "time_per"}},
{"pk": "06 step 07", "model": "input.operation", "fields": {"item": "product 06-07", "duration_per": "10", "location": "factory", "sizemaximum": "500", "sizeminimum": "500", "type": "time_per"}},
{"pk": "07 step 01", "model": "input.operation", "fields": {"item": "product 07-01", "duration_per": "3", "location": "factory", "sizemaximum": "500", "sizeminimum": "500", "type": "time_per"}},
{"pk": "07 step 02", "model": "input.operation", "fields": {"item": "product 07-02", "duration_per": "16", "location": "factory", "sizemaximum": "500", "sizeminimum": "500", "type": "time_per"}},
{"pk": "07 step 03", "model": "input.operation", "fields": {"item": "product 07-03", "duration_per": "27", "location": "factory", "sizemaximum": "500", "sizeminimum": "500", "type": "time_per"}},
{"pk": "07 step 04", "model": "input.operation", "fields": {"item": "product 07-04", "duration_per": "12", "location": "factory", "sizemaximum": "500", "sizeminimum": "500", "type": "time_per"}},
{"pk": "07 step 05", "model": "input.operation", "fields": {"item": "product 07-05", "duration_per": "6", "location": "factory", "sizemaximum": "500", "sizeminimum": "500", "type": "time_per"}},
{"pk": "07 step 06", "model": "input.operation", "fields": {"item": "product 07-06", "duration_per": "1", "location": "factory", "sizemaximum": "500", "sizeminimum": "500", "type": "time_per"}},
{"pk": "07 step 07", "model": "input.operation", "fields": {"item": "product 07-07", "duration_per": "10", "location": "factory", "sizemaximum": "500", "sizeminimum": "500", "type": "time_per"}},
{"pk": "08 step 01", "model": "input.operation", "fields": {"item": "product 08-01", "duration_per": "3", "location": "factory", "sizemaximum": "500", "sizeminimum": "500", "type": "time_per"}},
{"pk": "08 step 02", "model": "input.operation", "fields": {"item": "product 08-02", "duration_per": "16", "location": "factory", "sizemaximum": "500", "sizeminimum": "500", "type": "time_per"}},
{"pk": "08 step 03", "model": "input.operation", "fields": {"item": "product 08-03", "duration_per": "27", "location": "factory", "sizemaximum": "500", "sizeminimum": "500", "type": "time_per"}},
{"pk": "08 step 04", "model": "input.operation", "fields": {"item": "product 08-04", "duration_per": "12", "location": "factory", "sizemaximum": "500", "sizeminimum": "500", "type": "time_per"}},
{"pk": "08 step 05", "model": "input.operation", "fields": {"item": "product 08-05", "duration_per": "6", "location": "factory", "sizemaximum": "500", "sizeminimum": "500", "type": "time_per"}},
{"pk": "08 step 06", "model": "input.operation", "fields": {"item": "product 08-06", "duration_per": "1", "location": "factory", "sizemaximum": "500", "sizeminimum": "500", "type": "time_per"}},
{"pk": "08 step 07", "model": "input.operation", "fields": {"item": "product 08-07", "duration_per": "10", "location": "factory", "sizemaximum": "500", "sizeminimum": "500", "type": "time_per"}},
{"pk": "09 step 01", "model": "input.operation", "fields": {"item": "product 09-01", "duration_per": "3", "location": "factory", "sizemaximum": "500", "sizeminimum": "500", "type": "time_per"}},
{"pk": "09 step 02", "model": "input.operation", "fields": {"item": "product 09-02", "duration_per": "16", "location": "factory", "sizemaximum": "500", "sizeminimum": "500", "type": "time_per"}},
{"pk": "09 step 03", "model": "input.operation", "fields": {"item": "product 09-03", "duration_per": "27", "location": "factory", "sizemaximum": "500", "sizeminimum": "500", "type": "time_per"}},
{"pk": "09 step 04", "model": "input.operation", "fields": {"item": "product 09-04", "duration_per": "12", "location": "factory", "sizemaximum": "500", "sizeminimum": "500", "type": "time_per"}},
{"pk": "09 step 05", "model": "input.operation", "fields": {"item": "product 09-05", "duration_per": "6", "location": "factory", "sizemaximum": "500", "sizeminimum": "500", "type": "time_per"}},
{"pk": "09 step 06", "model": "input.operation", "fields": {"item": "product 09-06", "duration_per": "1", "location": "factory", "sizemaximum": "500", "sizeminimum": "500", "type": "time_per"}},
{"pk": "09 step 07", "model": "input.operation", "fields": {"item": "product 09-07", "duration_per": "10", "location": "factory", "sizemaximum": "500", "sizeminimum": "500", "type": "time_per"}},
{"pk": "10 step 01", "model": "input.operation", "fields": {"item": "product 10-01", "duration_per": "3", "location": "factory", "sizemaximum": "500", "sizeminimum": "500", "type": "time_per"}},
{"pk": "10 step 02", "model": "input.operation", "fields": {"item": "product 10-02", "duration_per": "16", "location": "factory", "sizemaximum": "500", "sizeminimum": "500", "type": "time_per"}},
{"pk": "10 step 03", "model": "input.operation", "fields": {"item": "product 10-03", "duration_per": "27", "location": "factory", "sizemaximum": "500", "sizeminimum": "500", "type": "time_per"}},
{"pk": "10 step 04", "model": "input.operation", "fields": {"item": "product 10-04", "duration_per": "12", "location": "factory", "sizemaximum": "500", "sizeminimum": "500", "type": "time_per"}},
{"pk": "10 step 05", "model": "input.operation", "fields": {"item": "product 10-05", "duration_per": "6", "location": "factory", "sizemaximum": "500", "sizeminimum": "500", "type": "time_per"}},
{"pk": "10 step 06", "model": "input.operation", "fields": {"item": "product 10-06", "duration_per": "1", "location": "factory", "sizemaximum": "500", "sizeminimum": "500", "type": "time_per"}},
{"pk": "10 step 07", "model": "input.operation", "fields": {"item": "product 10-07", "duration_per": "10", "location": "factory", "sizemaximum": "500", "sizeminimum": "500", "type": "time_per"}},
{"pk": 11, "model": "input.buffer", "fields": {"location": "factory", "type": "default", "item": "product 01-01", "onhand": "0"}},
{"pk": 12, "model": "input.buffer", "fields": {"location": "factory", "type": "default", "item": "product 01-02", "onhand": "0"}},
{"pk": 13, "model": "input.buffer", "fields": {"location": "factory", "type": "default", "item": "product 01-03", "onhand": "0"}},
{"pk": 14, "model": "input.buffer", "fields": {"location": "factory", "type": "default", "item": "product 01-04", "onhand": "0"}},
{"pk": 15, "model": "input.buffer", "fields": {"location": "factory", "type": "default", "item": "product 01-05", "onhand": "0"}},
{"pk": 16, "model": "input.buffer", "fields": {"location": "factory", "type": "default", "item": "product 01-06", "onhand": "0"}},
{"pk": 17, "model": "input.buffer", "fields": {"location": "factory", "type": "default", "item": "product 01-07", "onhand": "0"}},
{"pk": 21, "model": "input.buffer", "fields": {"location": "factory", "type": "default", "item": "product 02-01", "onhand": "0"}},
{"pk": 22, "model": "input.buffer", "fields": {"location": "factory", "type": "default", "item": "product 02-02", "onhand": "0"}},
{"pk": 23, "model": "input.buffer", "fields": {"location": "factory", "type": "default", "item": "product 02-03", "onhand": "0"}},
{"pk": 24, "model": "input.buffer", "fields": {"location": "factory", "type": "default", "item": "product 02-04", "onhand": "0"}},
{"pk": 25, "model": "input.buffer", "fields": {"location": "factory", "type": "default", "item": "product 02-05", "onhand": "0"}},
{"pk": 26, "model": "input.buffer", "fields": {"location": "factory", "type": "default", "item": "product 02-06", "onhand": "0"}},
{"pk": 27, "model": "input.buffer", "fields": {"location": "factory", "type": "default", "item": "product 02-07", "onhand": "0"}},
{"pk": 31, "model": "input.buffer", "fields": {"location": "factory", "type": "default", "item": "product 03-01", "onhand": "0"}},
{"pk": 32, "model": "input.buffer", "fields": {"location": "factory", "type": "default", "item": "product 03-02", "onhand": "0"}},
{"pk": 33, "model": "input.buffer", "fields": {"location": "factory", "type": "default", "item": "product 03-03", "onhand": "0"}},
{"pk": 34, "model": "input.buffer", "fields": {"location": "factory", "type": "default", "item": "product 03-04", "onhand": "0"}},
{"pk": 35, "model": "input.buffer", "fields": {"location": "factory", "type": "default", "item": "product 03-05", "onhand": "0"}},
{"pk": 36, "model": "input.buffer", "fields": {"location": "factory", "type": "default", "item": "product 03-06", "onhand": "0"}},
{"pk": 37, "model": "input.buffer", "fields": {"location": "factory", "type": "default", "item": "product 03-07", "onhand": "0"}},
{"pk": 41, "model": "input.buffer", "fields": {"location": "factory", "type": "default", "item": "product 04-01", "onhand": "0"}},
{"pk": 42, "model": "input.buffer", "fields": {"location": "factory", "type": "default", "item": "product 04-02", "onhand": "0"}},
{"pk": 43, "model": "input.buffer", "fields": {"location": "factory", "type": "default", "item": "product 04-03", "onhand": "0"}},
{"pk": 44, "model": "input.buffer", "fields": {"location": "factory", "type": "default", "item": "product 04-04", "onhand": "0"}},
{"pk": 45, "model": "input.buffer", "fields": {"location": "factory", "type": "default", "item": "product 04-05", "onhand": "0"}},
{"pk": 46, "model": "input.buffer", "fields": {"location": "factory", "type": "default", "item": "product 04-06", "onhand": "0"}},
{"pk": 47, "model": "input.buffer", "fields": {"location": "factory", "type": "default", "item": "product 04-07", "onhand": "0"}},
{"pk": 51, "model": "input.buffer", "fields": {"location": "factory", "type": "default", "item": "product 05-01", "onhand": "0"}},
{"pk": 52, "model": "input.buffer", "fields": {"location": "factory", "type": "default", "item": "product 05-02", "onhand": "0"}},
{"pk": 53, "model": "input.buffer", "fields": {"location": "factory", "type": "default", "item": "product 05-03", "onhand": "0"}},
{"pk": 54, "model": "input.buffer", "fields": {"location": "factory", "type": "default", "item": "product 05-04", "onhand": "0"}},
{"pk": 55, "model": "input.buffer", "fields": {"location": "factory", "type": "default", "item": "product 05-05", "onhand": "0"}},
{"pk": 56, "model": "input.buffer", "fields": {"location": "factory", "type": "default", "item": "product 05-06", "onhand": "0"}},
{"pk": 57, "model": "input.buffer", "fields": {"location": "factory", "type": "default", "item": "product 05-07", "onhand": "0"}},
{"pk": 61, "model": "input.buffer", "fields": {"location": "factory", "type": "default", "item": "product 06-01", "onhand": "0"}},
{"pk": 62, "model": "input.buffer", "fields": {"location": "factory", "type": "default", "item": "product 06-02", "onhand": "0"}},
{"pk": 63, "model": "input.buffer", "fields": {"location": "factory", "type": "default", "item": "product 06-03", "onhand": "0"}},
{"pk": 64, "model": "input.buffer", "fields": {"location": "factory", "type": "default", "item": "product 06-04", "onhand": "0"}},
{"pk": 65, "model": "input.buffer", "fields": {"location": "factory", "type": "default", "item": "product 06-05", "onhand": "0"}},
{"pk": 66, "model": "input.buffer", "fields": {"location": "factory", "type": "default", "item": "product 06-06", "onhand": "0"}},
{"pk": 67, "model": "input.buffer", "fields": {"location": "factory", "type": "default", "item": "product 06-07", "onhand": "0"}},
{"pk": 71, "model": "input.buffer", "fields": {"location": "factory", "type": "default", "item": "product 07-01", "onhand": "0"}},
{"pk": 72, "model": "input.buffer", "fields": {"location": "factory", "type": "default", "item": "product 07-02", "onhand": "0"}},
{"pk": 73, "model": "input.buffer", "fields": {"location": "factory", "type": "default", "item": "product 07-03", "onhand": "0"}},
{"pk": 74, "model": "input.buffer", "fields": {"location": "factory", "type": "default", "item": "product 07-04", "onhand": "0"}},
{"pk": 75, "model": "input.buffer", "fields": {"location": "factory", "type": "default", "item": "product 07-05", "onhand": "0"}},
{"pk": 76, "model": "input.buffer", "fields": {"location": "factory", "type": "default", "item": "product 07-06", "onhand": "0"}},
{"pk": 77, "model": "input.buffer", "fields": {"location": "factory", "type": "default", "item": "product 07-07", "onhand": "0"}},
{"pk": 81, "model": "input.buffer", "fields": {"location": "factory", "type": "default", "item": "product 08-01", "onhand": "0"}},
{"pk": 82, "model": "input.buffer", "fields": {"location": "factory", "type": "default", "item": "product 08-02", "onhand": "0"}},
{"pk": 83, "model": "input.buffer", "fields": {"location": "factory", "type": "default", "item": "product 08-03", "onhand": "0"}},
{"pk": 84, "model": "input.buffer", "fields": {"location": "factory", "type": "default", "item": "product 08-04", "onhand": "0"}},
{"pk": 85, "model": "input.buffer", "fields": {"location": "factory", "type": "default", "item": "product 08-05", "onhand": "0"}},
{"pk": 86, "model": "input.buffer", "fields": {"location": "factory", "type": "default", "item": "product 08-06", "onhand": "0"}},
{"pk": 87, "model": "input.buffer", "fields": {"location": "factory", "type": "default", "item": "product 08-07", "onhand": "0"}},
{"pk": 91, "model": "input.buffer", "fields": {"location": "factory", "type": "default", "item": "product 09-01", "onhand": "0"}},
{"pk": 92, "model": "input.buffer", "fields": {"location": "factory", "type": "default", "item": "product 09-02", "onhand": "0"}},
{"pk": 93, "model": "input.buffer", "fields": {"location": "factory", "type": "default", "item": "product 09-03", "onhand": "0"}},
{"pk": 94, "model": "input.buffer", "fields": {"location": "factory", "type": "default", "item": "product 09-04", "onhand": "0"}},
{"pk": 95, "model": "input.buffer", "fields": {"location": "factory", "type": "default", "item": "product 09-05", "onhand": "0"}},
{"pk": 96, "model": "input.buffer", "fields": {"location": "factory", "type": "default", "item": "product 09-06", "onhand": "0"}},
{"pk": 97, "model": "input.buffer", "fields": {"location": "factory", "type": "default", "item": "product 09-07", "onhand": "0"}},
{"pk": 101, "model": "input.buffer", "fields": {"location": "factory", "type": "default", "item": "product 10-01", "onhand": "0"}},
{"pk": 102, "model": "input.buffer", "fields": {"location": "factory", "type": "default", "item": "product 10-02", "onhand": "0"}},
{"pk": 103, "model": "input.buffer", "fields": {"location": "factory", "type": "default", "item": "product 10-03", "onhand": "0"}},
{"pk": 104, "model": "input.buffer", "fields": {"location": "factory", "type": "default", "item": "product 10-04", "onhand": "0"}},
{"pk": 105, "model": "input.buffer", "fields": {"location": "factory", "type": "default", "item": "product 10-05", "onhand": "0"}},
{"pk": 106, "model": "input.buffer", "fields": {"location": "factory", "type": "default", "item": "product 10-06", "onhand": "0"}},
{"pk": 107, "model": "input.buffer", "fields": {"location": "factory", "type": "default", "item": "product 10-07", "onhand": "0"}},
{"pk": "Line 1 station 1a", "model": "input.resource", "fields": {"maximum": "1", "maxearly": "8640000", "location": "factory", "maximum_calendar": "Capacity line 1 station 1a", "type": "default"}},
{"pk": "Line 1 station 1b", "model": "input.resource", "fields": {"maximum": "1", "maxearly": "8640000", "location": "factory", "maximum_calendar": "Capacity line 1 station 1b", "type": "default"}},
{"pk": "Line 1 station 2", "model": "input.resource", "fields": {"maximum": "1", "maxearly": "8640000", "location": "factory", "maximum_calendar": "Capacity line 1 station 2", "type": "default"}},
{"pk": "Line 1 station 3", "model": "input.resource", "fields": {"maximum": "1", "maxearly": "8640000", "location": "factory", "maximum_calendar": "Capacity line 1 station 3", "type": "default"}},
{"pk": "Line 1 station 4", "model": "input.resource", "fields": {"maximum": "1", "maxearly": "8640000", "location": "factory", "maximum_calendar": "Capacity line 1 station 4", "type": "default"}},
{"pk": "Line 1 station 5", "model": "input.resource", "fields": {"maximum": "1", "maxearly": "8640000", "location": "factory", "maximum_calendar": "Capacity line 1 station 5", "type": "default"}},
{"pk": "Line 1 station 6", "model": "input.resource", "fields": {"maximum": "1", "maxearly": "8640000", "location": "factory", "maximum_calendar": "Capacity line 1 station 6", "type": "default"}},
{"pk": "Line 1 station 7", "model": "input.resource", "fields": {"maximum": "1", "maxearly": "8640000", "location": "factory", "maximum_calendar": "Capacity line 1 station 7", "type": "default"}},
{"pk": "Operators line 1", "model": "input.resource", "fields": {"maximum": "1", "maxearly": "8640000", "location": "factory", "maximum_calendar": "Operators line 1", "type": "default"}},
{"pk": 1, "model": "input.operationmaterial", "fields": {"priority": 1, "item": "product 01-01", "operation": "01 step 01", "quantity": "1"}},
{"pk": 2, "model": "input.operationmaterial", "fields": {"priority": 1, "item": "product 01-02", "operation": "01 step 01", "quantity": "-1"}},
{"pk": 3, "model": "input.operationmaterial", "fields": {"priority": 1, "item": "product 01-02", "operation": "01 step 02", "quantity": "1"}},
{"pk": 4, "model": "input.operationmaterial", "fields": {"priority": 1, "item": "product 01-03", "operation": "01 step 02", "quantity": "-1"}},
{"pk": 5, "model": "input.operationmaterial", "fields": {"priority": 1, "item": "product 01-03", "operation": "01 step 03", "quantity": "1"}},
{"pk": 6, "model": "input.operationmaterial", "fields": {"priority": 1, "item": "product 01-04", "operation": "01 step 03", "quantity": "-1"}},
{"pk": 7, "model": "input.operationmaterial", "fields": {"priority": 1, "item": "product 01-04", "operation": "01 step 04", "quantity": "1"}},
{"pk": 8, "model": "input.operationmaterial", "fields": {"priority": 1, "item": "product 01-05", "operation": "01 step 04", "quantity": "-1"}},
{"pk": 9, "model": "input.operationmaterial", "fields": {"priority": 1, "item": "product 01-05", "operation": "01 step 05", "quantity": "1"}},
{"pk": 10, "model": "input.operationmaterial", "fields": {"priority": 1, "item": "product 01-06", "operation": "01 step 05", "quantity": "-1"}},
{"pk": 11, "model": "input.operationmaterial", "fields": {"priority": 1, "item": "product 01-06", "operation": "01 step 06", "quantity": "1"}},
{"pk": 12, "model": "input.operationmaterial", "fields": {"priority": 1, "item": "product 01-07", "operation": "01 step 06", "quantity": "-1"}},
{"pk": 13, "model": "input.operationmaterial", "fields": {"priority": 1, "item": "product 01-07", "operation": "01 step 07", "quantity": "1"}},
{"pk": 14, "model": "input.operationmaterial", "fields": {"priority": 1, "item": "product 02-01", "operation": "02 step 01", "quantity": "1"}},
{"pk": 15, "model": "input.operationmaterial", "fields": {"priority": 1, "item": "product 02-02", "operation": "02 step 01", "quantity": "-1"}},
{"pk": 16, "model": "input.operationmaterial", "fields": {"priority": 1, "item": "product 02-02", "operation": "02 step 02", "quantity": "1"}},
{"pk": 17, "model": "input.operationmaterial", "fields": {"priority": 1, "item": "product 02-03", "operation": "02 step 02", "quantity": "-1"}},
{"pk": 18, "model": "input.operationmaterial", "fields": {"priority": 1, "item": "product 02-03", "operation": "02 step 03", "quantity": "1"}},
{"pk": 19, "model": "input.operationmaterial", "fields": {"priority": 1, "item": "product 02-04", "operation": "02 step 03", "quantity": "-1"}},
{"pk": 20, "model": "input.operationmaterial", "fields": {"priority": 1, "item": "product 02-04", "operation": "02 step 04", "quantity": "1"}},
{"pk": 21, "model": "input.operationmaterial", "fields": {"priority": 1, "item": "product 02-05", "operation": "02 step 04", "quantity": "-1"}},
{"pk": 22, "model": "input.operationmaterial", "fields": {"priority": 1, "item": "product 02-05", "operation": "02 step 05", "quantity": "1"}},
{"pk": 23, "model": "input.operationmaterial", "fields": {"priority": 1, "item": "product 02-06", "operation": "02 step 05", "quantity": "-1"}},
{"pk": 24, "model": "input.operationmaterial", "fields": {"priority": 1, "item": "product 02-06", "operation": "02 step 06", "quantity": "1"}},
{"pk": 25, "model": "input.operationmaterial", "fields": {"priority": 1, "item": "product 02-07", "operation": "02 step 06", "quantity": "-1"}},
{"pk": 26, "model": "input.operationmaterial", "fields": {"priority": 1, "item": "product 02-07", "operation": "02 step 07", "quantity": "1"}},
{"pk": 27, "model": "input.operationmaterial", "fields": {"priority": 1, "item": "product 03-01", "operation": "03 step 01", "quantity": "1"}},
{"pk": 28, "model": "input.operationmaterial", "fields": {"priority": 1, "item": "product 03-02", "operation": "03 step 01", "quantity": "-1"}},
{"pk": 29, "model": "input.operationmaterial", "fields": {"priority": 1, "item": "product 03-02", "operation": "03 step 02", "quantity": "1"}},
{"pk": 30, "model": "input.operationmaterial", "fields": {"priority": 1, "item": "product 03-03", "operation": "03 step 02", "quantity": "-1"}},
{"pk": 31, "model": "input.operationmaterial", "fields": {"priority": 1, "item": "product 03-03", "operation": "03 step 03", "quantity": "1"}},
{"pk": 32, "model": "input.operationmaterial", "fields": {"priority": 1, "item": "product 03-04", "operation": "03 step 03", "quantity": "-1"}},
{"pk": 33, "model": "input.operationmaterial", "fields": {"priority": 1, "item": "product 03-04", "operation": "03 step 04", "quantity": "1"}},
{"pk": 34, "model": "input.operationmaterial", "fields": {"priority": 1, "item": "product 03-05", "operation": "03 step 04", "quantity": "-1"}},
{"pk": 35, "model": "input.operationmaterial", "fields": {"priority": 1, "item": "product 03-05", "operation": "03 step 05", "quantity": "1"}},
{"pk": 36, "model": "input.operationmaterial", "fields": {"priority": 1, "item": "product 03-06", "operation": "03 step 05", "quantity": "-1"}},
{"pk": 37, "model": "input.operationmaterial", "fields": {"priority": 1, "item": "product 03-06", "operation": "03 step 06", "quantity": "1"}},
{"pk": 38, "model": "input.operationmaterial", "fields": {"priority": 1, "item": "product 03-07", "operation": "03 step 06", "quantity": "-1"}},
{"pk": 39, "model": "input.operationmaterial", "fields": {"priority": 1, "item": "product 03-07", "operation": "03 step 07", "quantity": "1"}},
{"pk": 40, "model": "input.operationmaterial", "fields": {"priority": 1, "item": "product 04-01", "operation": "04 step 01", "quantity": "1"}},
{"pk": 41, "model": "input.operationmaterial", "fields": {"priority": 1, "item": "product 04-02", "operation": "04 step 01", "quantity": "-1"}},
{"pk": 42, "model": "input.operationmaterial", "fields": {"priority": 1, "item": "product 04-02", "operation": "04 step 02", "quantity": "1"}},
{"pk": 43, "model": "input.operationmaterial", "fields": {"priority": 1, "item": "product 04-03", "operation": "04 step 02", "quantity": "-1"}},
{"pk": 44, "model": "input.operationmaterial", "fields": {"priority": 1, "item": "product 04-03", "operation": "04 step 03", "quantity": "1"}},
{"pk": 45, "model": "input.operationmaterial", "fields": {"priority": 1, "item": "product 04-04", "operation": "04 step 03", "quantity": "-1"}},
{"pk": 46, "model": "input.operationmaterial", "fields": {"priority": 1, "item": "product 04-04", "operation": "04 step 04", "quantity": "1"}},
{"pk": 47, "model": "input.operationmaterial", "fields": {"priority": 1, "item": "product 04-05", "operation": "04 step 04", "quantity": "-1"}},
{"pk": 48, "model": "input.operationmaterial", "fields": {"priority": 1, "item": "product 04-05", "operation": "04 step 05", "quantity": "1"}},
{"pk": 49, "model": "input.operationmaterial", "fields": {"priority": 1, "item": "product 04-06", "operation": "04 step 05", "quantity": "-1"}},
{"pk": 50, "model": "input.operationmaterial", "fields": {"priority": 1, "item": "product 04-06", "operation": "04 step 06", "quantity": "1"}},
{"pk": 51, "model": "input.operationmaterial", "fields": {"priority": 1, "item": "product 04-07", "operation": "04 step 06", "quantity": "-1"}},
{"pk": 52, "model": "input.operationmaterial", "fields": {"priority": 1, "item": "product 04-07", "operation": "04 step 07", "quantity": "1"}},
{"pk": 53, "model": "input.operationmaterial", "fields": {"priority": 1, "item": "product 05-01", "operation": "05 step 01", "quantity": "1"}},
{"pk": 54, "model": "input.operationmaterial", "fields": {"priority": 1, "item": "product 05-02", "operation": "05 step 01", "quantity": "-1"}},
{"pk": 55, "model": "input.operationmaterial", "fields": {"priority": 1, "item": "product 05-02", "operation": "05 step 02", "quantity": "1"}},
{"pk": 56, "model": "input.operationmaterial", "fields": {"priority": 1, "item": "product 05-03", "operation": "05 step 02", "quantity": "-1"}},
{"pk": 57, "model": "input.operationmaterial", "fields": {"priority": 1, "item": "product 05-03", "operation": "05 step 03", "quantity": "1"}},
{"pk": 58, "model": "input.operationmaterial", "fields": {"priority": 1, "item": "product 05-04", "operation": "05 step 03", "quantity": "-1"}},
{"pk": 59, "model": "input.operationmaterial", "fields": {"priority": 1, "item": "product 05-04", "operation": "05 step 04", "quantity": "1"}},
{"pk": 60, "model": "input.operationmaterial", "fields": {"priority": 1, "item": "product 05-05", "operation": "05 step 04", "quantity": "-1"}},
{"pk": 61, "model": "input.operationmaterial", "fields": {"priority": 1, "item": "product 05-05", "operation": "05 step 05", "quantity": "1"}},
{"pk": 62, "model": "input.operationmaterial", "fields": {"priority": 1, "item": "product 05-06", "operation": "05 step 05", "quantity": "-1"}},
{"pk": 63, "model": "input.operationmaterial", "fields": {"priority": 1, "item": "product 05-06", "operation": "05 step 06", "quantity": "1"}},
{"pk": 64, "model": "input.operationmaterial", "fields": {"priority": 1, "item": "product 05-07", "operation": "05 step 06", "quantity": "-1"}},
{"pk": 65, "model": "input.operationmaterial", "fields": {"priority": 1, "item": "product 05-07", "operation": "05 step 07", "quantity": "1"}},
{"pk": 66, "model": "input.operationmaterial", "fields": {"priority": 1, "item": "product 06-01", "operation": "06 step 01", "quantity": "1"}},
{"pk": 67, "model": "input.operationmaterial", "fields": {"priority": 1, "item": "product 06-02", "operation": "06 step 01", "quantity": "-1"}},
{"pk": 68, "model": "input.operationmaterial", "fields": {"priority": 1, "item": "product 06-02", "operation": "06 step 02", "quantity": "1"}},
{"pk": 69, "model": "input.operationmaterial", "fields": {"priority": 1, "item": "product 06-03", "operation": "06 step 02", "quantity": "-1"}},
{"pk": 70, "model": "input.operationmaterial", "fields": {"priority": 1, "item": "product 06-03", "operation": "06 step 03", "quantity": "1"}},
{"pk": 71, "model": "input.operationmaterial", "fields": {"priority": 1, "item": "product 06-04", "operation": "06 step 03", "quantity": "-1"}},
{"pk": 72, "model": "input.operationmaterial", "fields": {"priority": 1, "item": "product 06-04", "operation": "06 step 04", "quantity": "1"}},
{"pk": 73, "model": "input.operationmaterial", "fields": {"priority": 1, "item": "product 06-05", "operation": "06 step 04", "quantity": "-1"}},
{"pk": 74, "model": "input.operationmaterial", "fields": {"priority": 1, "item": "product 06-05", "operation": "06 step 05", "quantity": "1"}},
{"pk": 75, "model": "input.operationmaterial", "fields": {"priority": 1, "item": "product 06-06", "operation": "06 step 05", "quantity": "-1"}},
{"pk": 76, "model": "input.operationmaterial", "fields": {"priority": 1, "item": "product 06-06", "operation": "06 step 06", "quantity": "1"}},
{"pk": 77, "model": "input.operationmaterial", "fields": {"priority": 1, "item": "product 06-07", "operation": "06 step 06", "quantity": "-1"}},
{"pk": 78, "model": "input.operationmaterial", "fields": {"priority": 1, "item": "product 06-07", "operation": "06 step 07", "quantity": "1"}},
{"pk": 79, "model": "input.operationmaterial", "fields": {"priority": 1, "item": "product 07-01", "operation": "07 step 01", "quantity": "1"}},
{"pk": 80, "model": "input.operationmaterial", "fields": {"priority": 1, "item": "product 07-02", "operation": "07 step 01", "quantity": "-1"}},
{"pk": 81, "model": "input.operationmaterial", "fields": {"priority": 1, "item": "product 07-02", "operation": "07 step 02", "quantity": "1"}},
{"pk": 82, "model": "input.operationmaterial", "fields": {"priority": 1, "item": "product 07-03", "operation": "07 step 02", "quantity": "-1"}},
{"pk": 83, "model": "input.operationmaterial", "fields": {"priority": 1, "item": "product 07-03", "operation": "07 step 03", "quantity": "1"}},
{"pk": 84, "model": "input.operationmaterial", "fields": {"priority": 1, "item": "product 07-04", "operation": "07 step 03", "quantity": "-1"}},
{"pk": 85, "model": "input.operationmaterial", "fields": {"priority": 1, "item": "product 07-04", "operation": "07 step 04", "quantity": "1"}},
{"pk": 86, "model": "input.operationmaterial", "fields": {"priority": 1, "item": "product 07-05", "operation": "07 step 04", "quantity": "-1"}},
{"pk": 87, "model": "input.operationmaterial", "fields": {"priority": 1, "item": "product 07-05", "operation": "07 step 05", "quantity": "1"}},
{"pk": 88, "model": "input.operationmaterial", "fields": {"priority": 1, "item": "product 07-06", "operation": "07 step 05", "quantity": "-1"}},
{"pk": 89, "model": "input.operationmaterial", "fields": {"priority": 1, "item": "product 07-06", "operation": "07 step 06", "quantity": "1"}},
{"pk": 90, "model": "input.operationmaterial", "fields": {"priority": 1, "item": "product 07-07", "operation": "07 step 06", "quantity": "-1"}},
{"pk": 91, "model": "input.operationmaterial", "fields": {"priority": 1, "item": "product 07-07", "operation": "07 step 07", "quantity": "1"}},
{"pk": 92, "model": "input.operationmaterial", "fields": {"priority": 1, "item": "product 08-01", "operation": "08 step 01", "quantity": "1"}},
{"pk": 93, "model": "input.operationmaterial", "fields": {"priority": 1, "item": "product 08-02", "operation": "08 step 01", "quantity": "-1"}},
{"pk": 94, "model": "input.operationmaterial", "fields": {"priority": 1, "item": "product 08-02", "operation": "08 step 02", "quantity": "1"}},
{"pk": 95, "model": "input.operationmaterial", "fields": {"priority": 1, "item": "product 08-03", "operation": "08 step 02", "quantity": "-1"}},
{"pk": 96, "model": "input.operationmaterial", "fields": {"priority": 1, "item": "product 08-03", "operation": "08 step 03", "quantity": "1"}},
{"pk": 97, "model": "input.operationmaterial", "fields": {"priority": 1, "item": "product 08-04", "operation": "08 step 03", "quantity": "-1"}},
{"pk": 98, "model": "input.operationmaterial", "fields": {"priority": 1, "item": "product 08-04", "operation": "08 step 04", "quantity": "1"}},
{"pk": 99, "model": "input.operationmaterial", "fields": {"priority": 1, "item": "product 08-05", "operation": "08 step 04", "quantity": "-1"}},
{"pk": 100, "model": "input.operationmaterial", "fields": {"priority": 1, "item": "product 08-05", "operation": "08 step 05", "quantity": "1"}},
{"pk": 101, "model": "input.operationmaterial", "fields": {"priority": 1, "item": "product 08-06", "operation": "08 step 05", "quantity": "-1"}},
{"pk": 102, "model": "input.operationmaterial", "fields": {"priority": 1, "item": "product 08-06", "operation": "08 step 06", "quantity": "1"}},
{"pk": 103, "model": "input.operationmaterial", "fields": {"priority": 1, "item": "product 08-07", "operation": "08 step 06", "quantity": "-1"}},
{"pk": 104, "model": "input.operationmaterial", "fields": {"priority": 1, "item": "product 08-07", "operation": "08 step 07", "quantity": "1"}},
{"pk": 105, "model": "input.operationmaterial", "fields": {"priority": 1, "item": "product 09-01", "operation": "09 step 01", "quantity": "1"}},
{"pk": 106, "model": "input.operationmaterial", "fields": {"priority": 1, "item": "product 09-02", "operation": "09 step 01", "quantity": "-1"}},
{"pk": 107, "model": "input.operationmaterial", "fields": {"priority": 1, "item": "product 09-02", "operation": "09 step 02", "quantity": "1"}},
{"pk": 108, "model": "input.operationmaterial", "fields": {"priority": 1, "item": "product 09-03", "operation": "09 step 02", "quantity": "-1"}},
{"pk": 109, "model": "input.operationmaterial", "fields": {"priority": 1, "item": "product 09-03", "operation": "09 step 03", "quantity": "1"}},
{"pk": 110, "model": "input.operationmaterial", "fields": {"priority": 1, "item": "product 09-04", "operation": "09 step 03", "quantity": "-1"}},
{"pk": 111, "model": "input.operationmaterial", "fields": {"priority": 1, "item": "product 09-04", "operation": "09 step 04", "quantity": "1"}},
{"pk": 112, "model": "input.operationmaterial", "fields": {"priority": 1, "item": "product 09-05", "operation": "09 step 04", "quantity": "-1"}},
{"pk": 113, "model": "input.operationmaterial", "fields": {"priority": 1, "item": "product 09-05", "operation": "09 step 05", "quantity": "1"}},
{"pk": 114, "model": "input.operationmaterial", "fields": {"priority": 1, "item": "product 09-06", "operation": "09 step 05", "quantity": "-1"}},
{"pk": 115, "model": "input.operationmaterial", "fields": {"priority": 1, "item": "product 09-06", "operation": "09 step 06", "quantity": "1"}},
{"pk": 116, "model": "input.operationmaterial", "fields": {"priority": 1, "item": "product 09-07", "operation": "09 step 06", "quantity": "-1"}},
{"pk": 117, "model": "input.operationmaterial", "fields": {"priority": 1, "item": "product 09-07", "operation": "09 step 07", "quantity": "1"}},
{"pk": 118, "model": "input.operationmaterial", "fields": {"priority": 1, "item": "product 10-01", "operation": "10 step 01", "quantity": "1"}},
{"pk": 119, "model": "input.operationmaterial", "fields": {"priority": 1, "item": "product 10-02", "operation": "10 step 01", "quantity": "-1"}},
{"pk": 120, "model": "input.operationmaterial", "fields": {"priority": 1, "item": "product 10-02", "operation": "10 step 02", "quantity": "1"}},
{"pk": 121, "model": "input.operationmaterial", "fields": {"priority": 1, "item": "product 10-03", "operation": "10 step 02", "quantity": "-1"}},
{"pk": 122, "model": "input.operationmaterial", "fields": {"priority": 1, "item": "product 10-03", "operation": "10 step 03", "quantity": "1"}},
{"pk": 123, "model": "input.operationmaterial", "fields": {"priority": 1, "item": "product 10-04", "operation": "10 step 03", "quantity": "-1"}},
{"pk": 124, "model": "input.operationmaterial", "fields": {"priority": 1, "item": "product 10-04", "operation": "10 step 04", "quantity": "1"}},
{"pk": 125, "model": "input.operationmaterial", "fields": {"priority": 1, "item": "product 10-05", "operation": "10 step 04", "quantity": "-1"}},
{"pk": 126, "model": "input.operationmaterial", "fields": {"priority": 1, "item": "product 10-05", "operation": "10 step 05", "quantity": "1"}},
{"pk": 127, "model": "input.operationmaterial", "fields": {"priority": 1, "item": "product 10-06", "operation": "10 step 05", "quantity": "-1"}},
{"pk": 128, "model": "input.operationmaterial", "fields": {"priority": 1, "item": "product 10-06", "operation": "10 step 06", "quantity": "1"}},
{"pk": 129, "model": "input.operationmaterial", "fields": {"priority": 1, "item": "product 10-07", "operation": "10 step 06", "quantity": "-1"}},
{"pk": 130, "model": "input.operationmaterial", "fields": {"priority": 1, "item": "product 10-07", "operation": "10 step 07", "quantity": "1"}},
{"pk": 1, "model": "input.operationresource", "fields": {"resource": "Line 1 station 1b", "priority": 1, "operation": "01 step 01", "quantity": "1"}},
{"pk": 2, "model": "input.operationresource", "fields": {"resource": "Operators line 1", "priority": 1, "operation": "01 step 01", "quantity": "1"}},
{"pk": 3, "model": "input.operationresource", "fields": {"resource": "Line 1 station 2", "priority": 1, "operation": "01 step 02", "quantity": "1"}},
{"pk": 4, "model": "input.operationresource", "fields": {"resource": "Operators line 1", "priority": 1, "operation": "01 step 02", "quantity": "1"}},
{"pk": 5, "model": "input.operationresource", "fields": {"resource": "Line 1 station 3", "priority": 1, "operation": "01 step 03", "quantity": "1"}},
{"pk": 6, "model": "input.operationresource", "fields": {"resource": "Operators line 1", "priority": 1, "operation": "01 step 03", "quantity": "1"}},
{"pk": 7, "model": "input.operationresource", "fields": {"resource": "Line 1 station 4", "priority": 1, "operation": "01 step 04", "quantity": "1"}},
{"pk": 8, "model": "input.operationresource", "fields": {"resource": "Operators line 1", "priority": 1, "operation": "01 step 04", "quantity": "1"}},
{"pk": 9, "model": "input.operationresource", "fields": {"resource": "Line 1 station 5", "priority": 1, "operation": "01 step 05", "quantity": "1"}},
{"pk": 10, "model": "input.operationresource", "fields": {"resource": "Operators line 1", "priority": 1, "operation": "01 step 05", "quantity": "1"}},
{"pk": 11, "model": "input.operationresource", "fields": {"resource": "Line 1 station 6", "priority": 1, "operation": "01 step 06", "quantity": "1"}},
{"pk": 12, "model": "input.operationresource", "fields": {"resource": "Operators line 1", "priority": 1, "operation": "01 step 06", "quantity": "1"}},
{"pk": 13, "model": "input.operationresource", "fields": {"resource": "Line 1 station 7", "priority": 1, "operation": "01 step 07", "quantity": "1"}},
{"pk": 14, "model": "input.operationresource", "fields": {"resource": "Operators line 1", "priority": 1, "operation": "01 step 07", "quantity": "1"}},
{"pk": 15, "model": "input.operationresource", "fields": {"resource": "Line 1 station 1b", "priority": 1, "operation": "02 step 01", "quantity": "1"}},
{"pk": 16, "model": "input.operationresource", "fields": {"resource": "Operators line 1", "priority": 1, "operation": "02 step 01", "quantity": "1"}},
{"pk": 17, "model": "input.operationresource", "fields": {"resource": "Line 1 station 2", "priority": 1, "operation": "02 step 02", "quantity": "1"}},
{"pk": 18, "model": "input.operationresource", "fields": {"resource": "Operators line 1", "priority": 1, "operation": "02 step 02", "quantity": "1"}},
{"pk": 19, "model": "input.operationresource", "fields": {"resource": "Line 1 station 3", "priority": 1, "operation": "02 step 03", "quantity": "1"}},
{"pk": 20, "model": "input.operationresource", "fields": {"resource": "Operators line 1", "priority": 1, "operation": "02 step 03", "quantity": "1"}},
{"pk": 21, "model": "input.operationresource", "fields": {"resource": "Line 1 station 4", "priority": 1, "operation": "02 step 04", "quantity": "1"}},
{"pk": 22, "model": "input.operationresource", "fields": {"resource": "Operators line 1", "priority": 1, "operation": "02 step 04", "quantity": "1"}},
{"pk": 23, "model": "input.operationresource", "fields": {"resource": "Line 1 station 5", "priority": 1, "operation": "02 step 05", "quantity": "1"}},
{"pk": 24, "model": "input.operationresource", "fields": {"resource": "Operators line 1", "priority": 1, "operation": "02 step 05", "quantity": "1"}},
{"pk": 25, "model": "input.operationresource", "fields": {"resource": "Line 1 station 6", "priority": 1, "operation": "02 step 06", "quantity": "1"}},
{"pk": 26, "model": "input.operationresource", "fields": {"resource": "Operators line 1", "priority": 1, "operation": "02 step 06", "quantity": "1"}},
{"pk": 27, "model": "input.operationresource", "fields": {"resource": "Line 1 station 7", "priority": 1, "operation": "02 step 07", "quantity": "1"}},
{"pk": 28, "model": "input.operationresource", "fields": {"resource": "Operators line 1", "priority": 1, "operation": "02 step 07", "quantity": "1"}},
{"pk": 29, "model": "input.operationresource", "fields": {"resource": "Line 1 station 1b", "priority": 1, "operation": "03 step 01", "quantity": "1"}},
{"pk": 30, "model": "input.operationresource", "fields": {"resource": "Operators line 1", "priority": 1, "operation": "03 step 01", "quantity": "1"}},
{"pk": 31, "model": "input.operationresource", "fields": {"resource": "Line 1 station 2", "priority": 1, "operation": "03 step 02", "quantity": "1"}},
{"pk": 32, "model": "input.operationresource", "fields": {"resource": "Operators line 1", "priority": 1, "operation": "03 step 02", "quantity": "1"}},
{"pk": 33, "model": "input.operationresource", "fields": {"resource": "Line 1 station 3", "priority": 1, "operation": "03 step 03", "quantity": "1"}},
{"pk": 34, "model": "input.operationresource", "fields": {"resource": "Operators line 1", "priority": 1, "operation": "03 step 03", "quantity": "1"}},
{"pk": 35, "model": "input.operationresource", "fields": {"resource": "Line 1 station 4", "priority": 1, "operation": "03 step 04", "quantity": "1"}},
{"pk": 36, "model": "input.operationresource", "fields": {"resource": "Operators line 1", "priority": 1, "operation": "03 step 04", "quantity": "1"}},
{"pk": 37, "model": "input.operationresource", "fields": {"resource": "Line 1 station 5", "priority": 1, "operation": "03 step 05", "quantity": "1"}},
{"pk": 38, "model": "input.operationresource", "fields": {"resource": "Operators line 1", "priority": 1, "operation": "03 step 05", "quantity": "1"}},
{"pk": 39, "model": "input.operationresource", "fields": {"resource": "Line 1 station 6", "priority": 1, "operation": "03 step 06", "quantity": "1"}},
{"pk": 40, "model": "input.operationresource", "fields": {"resource": "Operators line 1", "priority": 1, "operation": "03 step 06", "quantity": "1"}},
{"pk": 41, "model": "input.operationresource", "fields": {"resource": "Line 1 station 7", "priority": 1, "operation": "03 step 07", "quantity": "1"}},
{"pk": 42, "model": "input.operationresource", "fields": {"resource": "Operators line 1", "priority": 1, "operation": "03 step 07", "quantity": "1"}},
{"pk": 43, "model": "input.operationresource", "fields": {"resource": "Line 1 station 1b", "priority": 1, "operation": "04 step 01", "quantity": "1"}},
{"pk": 44, "model": "input.operationresource", "fields": {"resource": "Operators line 1", "priority": 1, "operation": "04 step 01", "quantity": "1"}},
{"pk": 45, "model": "input.operationresource", "fields": {"resource": "Line 1 station 2", "priority": 1, "operation": "04 step 02", "quantity": "1"}},
{"pk": 46, "model": "input.operationresource", "fields": {"resource": "Operators line 1", "priority": 1, "operation": "04 step 02", "quantity": "1"}},
{"pk": 47, "model": "input.operationresource", "fields": {"resource": "Line 1 station 3", "priority": 1, "operation": "04 step 03", "quantity": "1"}},
{"pk": 48, "model": "input.operationresource", "fields": {"resource": "Operators line 1", "priority": 1, "operation": "04 step 03", "quantity": "1"}},
{"pk": 49, "model": "input.operationresource", "fields": {"resource": "Line 1 station 4", "priority": 1, "operation": "04 step 04", "quantity": "1"}},
{"pk": 50, "model": "input.operationresource", "fields": {"resource": "Operators line 1", "priority": 1, "operation": "04 step 04", "quantity": "1"}},
{"pk": 51, "model": "input.operationresource", "fields": {"resource": "Line 1 station 5", "priority": 1, "operation": "04 step 05", "quantity": "1"}},
{"pk": 52, "model": "input.operationresource", "fields": {"resource": "Operators line 1", "priority": 1, "operation": "04 step 05", "quantity": "1"}},
{"pk": 53, "model": "input.operationresource", "fields": {"resource": "Line 1 station 6", "priority": 1, "operation": "04 step 06", "quantity": "1"}},
{"pk": 54, "model": "input.operationresource", "fields": {"resource": "Operators line 1", "priority": 1, "operation": "04 step 06", "quantity": "1"}},
{"pk": 55, "model": "input.operationresource", "fields": {"resource": "Line 1 station 7", "priority": 1, "operation": "04 step 07", "quantity": "1"}},
{"pk": 56, "model": "input.operationresource", "fields": {"resource": "Operators line 1", "priority": 1, "operation": "04 step 07", "quantity": "1"}},
{"pk": 57, "model": "input.operationresource", "fields": {"resource": "Line 1 station 1b", "priority": 1, "operation": "05 step 01", "quantity": "1"}},
{"pk": 58, "model": "input.operationresource", "fields": {"resource": "Operators line 1", "priority": 1, "operation": "05 step 01", "quantity": "1"}},
{"pk": 59, "model": "input.operationresource", "fields": {"resource": "Line 1 station 2", "priority": 1, "operation": "05 step 02", "quantity": "1"}},
{"pk": 60, "model": "input.operationresource", "fields": {"resource": "Operators line 1", "priority": 1, "operation": "05 step 02", "quantity": "1"}},
{"pk": 61, "model": "input.operationresource", "fields": {"resource": "Line 1 station 3", "priority": 1, "operation": "05 step 03", "quantity": "1"}},
{"pk": 62, "model": "input.operationresource", "fields": {"resource": "Operators line 1", "priority": 1, "operation": "05 step 03", "quantity": "1"}},
{"pk": 63, "model": "input.operationresource", "fields": {"resource": "Line 1 station 4", "priority": 1, "operation": "05 step 04", "quantity": "1"}},
{"pk": 64, "model": "input.operationresource", "fields": {"resource": "Operators line 1", "priority": 1, "operation": "05 step 04", "quantity": "1"}},
{"pk": 65, "model": "input.operationresource", "fields": {"resource": "Line 1 station 5", "priority": 1, "operation": "05 step 05", "quantity": "1"}},
{"pk": 66, "model": "input.operationresource", "fields": {"resource": "Operators line 1", "priority": 1, "operation": "05 step 05", "quantity": "1"}},
{"pk": 67, "model": "input.operationresource", "fields": {"resource": "Line 1 station 6", "priority": 1, "operation": "05 step 06", "quantity": "1"}},
{"pk": 68, "model": "input.operationresource", "fields": {"resource": "Operators line 1", "priority": 1, "operation": "05 step 06", "quantity": "1"}},
{"pk": 69, "model": "input.operationresource", "fields": {"resource": "Line 1 station 7", "priority": 1, "operation": "05 step 07", "quantity": "1"}},
{"pk": 70, "model": "input.operationresource", "fields": {"resource": "Operators line 1", "priority": 1, "operation": "05 step 07", "quantity": "1"}},
{"pk": 71, "model": "input.operationresource", "fields": {"resource": "Line 1 station 1a", "priority": 1, "operation": "06 step 01", "quantity": "1"}},
{"pk": 72, "model": "input.operationresource", "fields": {"resource": "Operators line 1", "priority": 1, "operation": "06 step 01", "quantity": "1"}},
{"pk": 73, "model": "input.operationresource", "fields": {"resource": "Line 1 station 2", "priority": 1, "operation": "06 step 02", "quantity": "1"}},
{"pk": 74, "model": "input.operationresource", "fields": {"resource": "Operators line 1", "priority": 1, "operation": "06 step 02", "quantity": "1"}},
{"pk": 75, "model": "input.operationresource", "fields": {"resource": "Line 1 station 3", "priority": 1, "operation": "06 step 03", "quantity": "1"}},
{"pk": 76, "model": "input.operationresource", "fields": {"resource": "Operators line 1", "priority": 1, "operation": "06 step 03", "quantity": "1"}},
{"pk": 77, "model": "input.operationresource", "fields": {"resource": "Line 1 station 4", "priority": 1, "operation": "06 step 04", "quantity": "1"}},
{"pk": 78, "model": "input.operationresource", "fields": {"resource": "Operators line 1", "priority": 1, "operation": "06 step 04", "quantity": "1"}},
{"pk": 79, "model": "input.operationresource", "fields": {"resource": "Line 1 station 5", "priority": 1, "operation": "06 step 05", "quantity": "1"}},
{"pk": 80, "model": "input.operationresource", "fields": {"resource": "Operators line 1", "priority": 1, "operation": "06 step 05", "quantity": "1"}},
{"pk": 81, "model": "input.operationresource", "fields": {"resource": "Line 1 station 6", "priority": 1, "operation": "06 step 06", "quantity": "1"}},
{"pk": 82, "model": "input.operationresource", "fields": {"resource": "Operators line 1", "priority": 1, "operation": "06 step 06", "quantity": "1"}},
{"pk": 83, "model": "input.operationresource", "fields": {"resource": "Line 1 station 7", "priority": 1, "operation": "06 step 07", "quantity": "1"}},
{"pk": 84, "model": "input.operationresource", "fields": {"resource": "Operators line 1", "priority": 1, "operation": "06 step 07", "quantity": "1"}},
{"pk": 85, "model": "input.operationresource", "fields": {"resource": "Line 1 station 1a", "priority": 1, "operation": "07 step 01", "quantity": "1"}},
{"pk": 86, "model": "input.operationresource", "fields": {"resource": "Operators line 1", "priority": 1, "operation": "07 step 01", "quantity": "1"}},
{"pk": 87, "model": "input.operationresource", "fields": {"resource": "Line 1 station 2", "priority": 1, "operation": "07 step 02", "quantity": "1"}},
{"pk": 88, "model": "input.operationresource", "fields": {"resource": "Operators line 1", "priority": 1, "operation": "07 step 02", "quantity": "1"}},
{"pk": 89, "model": "input.operationresource", "fields": {"resource": "Line 1 station 3", "priority": 1, "operation": "07 step 03", "quantity": "1"}},
{"pk": 90, "model": "input.operationresource", "fields": {"resource": "Operators line 1", "priority": 1, "operation": "07 step 03", "quantity": "1"}},
{"pk": 91, "model": "input.operationresource", "fields": {"resource": "Line 1 station 4", "priority": 1, "operation": "07 step 04", "quantity": "1"}},
{"pk": 92, "model": "input.operationresource", "fields": {"resource": "Operators line 1", "priority": 1, "operation": "07 step 04", "quantity": "1"}},
{"pk": 93, "model": "input.operationresource", "fields": {"resource": "Line 1 station 5", "priority": 1, "operation": "07 step 05", "quantity": "1"}},
{"pk": 94, "model": "input.operationresource", "fields": {"resource": "Operators line 1", "priority": 1, "operation": "07 step 05", "quantity": "1"}},
{"pk": 95, "model": "input.operationresource", "fields": {"resource": "Line 1 station 6", "priority": 1, "operation": "07 step 06", "quantity": "1"}},
{"pk": 96, "model": "input.operationresource", "fields": {"resource": "Operators line 1", "priority": 1, "operation": "07 step 06", "quantity": "1"}},
{"pk": 97, "model": "input.operationresource", "fields": {"resource": "Line 1 station 7", "priority": 1, "operation": "07 step 07", "quantity": "1"}},
{"pk": 98, "model": "input.operationresource", "fields": {"resource": "Operators line 1", "priority": 1, "operation": "07 step 07", "quantity": "1"}},
{"pk": 99, "model": "input.operationresource", "fields": {"resource": "Line 1 station 1a", "priority": 1, "operation": "08 step 01", "quantity": "1"}},
{"pk": 100, "model": "input.operationresource", "fields": {"resource": "Operators line 1", "priority": 1, "operation": "08 step 01", "quantity": "1"}},
{"pk": 101, "model": "input.operationresource", "fields": {"resource": "Line 1 station 2", "priority": 1, "operation": "08 step 02", "quantity": "1"}},
{"pk": 102, "model": "input.operationresource", "fields": {"resource": "Operators line 1", "priority": 1, "operation": "08 step 02", "quantity": "1"}},
{"pk": 103, "model": "input.operationresource", "fields": {"resource": "Line 1 station 3", "priority": 1, "operation": "08 step 03", "quantity": "1"}},
{"pk": 104, "model": "input.operationresource", "fields": {"resource": "Operators line 1", "priority": 1, "operation": "08 step 03", "quantity": "1"}},
{"pk": 105, "model": "input.operationresource", "fields": {"resource": "Line 1 station 4", "priority": 1, "operation": "08 step 04", "quantity": "1"}},
{"pk": 106, "model": "input.operationresource", "fields": {"resource": "Operators line 1", "priority": 1, "operation": "08 step 04", "quantity": "1"}},
{"pk": 107, "model": "input.operationresource", "fields": {"resource": "Line 1 station 5", "priority": 1, "operation": "08 step 05", "quantity": "1"}},
{"pk": 108, "model": "input.operationresource", "fields": {"resource": "Operators line 1", "priority": 1, "operation": "08 step 05", "quantity": "1"}},
{"pk": 109, "model": "input.operationresource", "fields": {"resource": "Line 1 station 6", "priority": 1, "operation": "08 step 06", "quantity": "1"}},
{"pk": 110, "model": "input.operationresource", "fields": {"resource": "Operators line 1", "priority": 1, "operation": "08 step 06", "quantity": "1"}},
{"pk": 111, "model": "input.operationresource", "fields": {"resource": "Line 1 station 7", "priority": 1, "operation": "08 step 07", "quantity": "1"}},
{"pk": 112, "model": "input.operationresource", "fields": {"resource": "Operators line 1", "priority": 1, "operation": "08 step 07", "quantity": "1"}},
{"pk": 113, "model": "input.operationresource", "fields": {"resource": "Line 1 station 1a", "priority": 1, "operation": "09 step 01", "quantity": "1"}},
{"pk": 114, "model": "input.operationresource", "fields": {"resource": "Operators line 1", "priority": 1, "operation": "09 step 01", "quantity": "1"}},
{"pk": 115, "model": "input.operationresource", "fields": {"resource": "Line 1 station 2", "priority": 1, "operation": "09 step 02", "quantity": "1"}},
{"pk": 116, "model": "input.operationresource", "fields": {"resource": "Operators line 1", "priority": 1, "operation": "09 step 02", "quantity": "1"}},
{"pk": 117, "model": "input.operationresource", "fields": {"resource": "Line 1 station 3", "priority": 1, "operation": "09 step 03", "quantity": "1"}},
{"pk": 118, "model": "input.operationresource", "fields": {"resource": "Operators line 1", "priority": 1, "operation": "09 step 03", "quantity": "1"}},
{"pk": 119, "model": "input.operationresource", "fields": {"resource": "Line 1 station 4", "priority": 1, "operation": "09 step 04", "quantity": "1"}},
{"pk": 120, "model": "input.operationresource", "fields": {"resource": "Operators line 1", "priority": 1, "operation": "09 step 04", "quantity": "1"}},
{"pk": 121, "model": "input.operationresource", "fields": {"resource": "Line 1 station 5", "priority": 1, "operation": "09 step 05", "quantity": "1"}},
{"pk": 122, "model": "input.operationresource", "fields": {"resource": "Operators line 1", "priority": 1, "operation": "09 step 05", "quantity": "1"}},
{"pk": 123, "model": "input.operationresource", "fields": {"resource": "Line 1 station 6", "priority": 1, "operation": "09 step 06", "quantity": "1"}},
{"pk": 124, "model": "input.operationresource", "fields": {"resource": "Operators line 1", "priority": 1, "operation": "09 step 06", "quantity": "1"}},
{"pk": 125, "model": "input.operationresource", "fields": {"resource": "Line 1 station 7", "priority": 1, "operation": "09 step 07", "quantity": "1"}},
{"pk": 126, "model": "input.operationresource", "fields": {"resource": "Operators line 1", "priority": 1, "operation": "09 step 07", "quantity": "1"}},
{"pk": 127, "model": "input.operationresource", "fields": {"resource": "Line 1 station 1a", "priority": 1, "operation": "10 step 01", "quantity": "1"}},
{"pk": 128, "model": "input.operationresource", "fields": {"resource": "Operators line 1", "priority": 1, "operation": "10 step 01", "quantity": "1"}},
{"pk": 129, "model": "input.operationresource", "fields": {"resource": "Line 1 station 2", "priority": 1, "operation": "10 step 02", "quantity": "1"}},
{"pk": 130, "model": "input.operationresource", "fields": {"resource": "Operators line 1", "priority": 1, "operation": "10 step 02", "quantity": "1"}},
{"pk": 131, "model": "input.operationresource", "fields": {"resource": "Line 1 station 3", "priority": 1, "operation": "10 step 03", "quantity": "1"}},
{"pk": 132, "model": "input.operationresource", "fields": {"resource": "Operators line 1", "priority": 1, "operation": "10 step 03", "quantity": "1"}},
{"pk": 133, "model": "input.operationresource", "fields": {"resource": "Line 1 station 4", "priority": 1, "operation": "10 step 04", "quantity": "1"}},
{"pk": 134, "model": "input.operationresource", "fields": {"resource": "Operators line 1", "priority": 1, "operation": "10 step 04", "quantity": "1"}},
{"pk": 135, "model": "input.operationresource", "fields": {"resource": "Line 1 station 5", "priority": 1, "operation": "10 step 05", "quantity": "1"}},
{"pk": 136, "model": "input.operationresource", "fields": {"resource": "Operators line 1", "priority": 1, "operation": "10 step 05", "quantity": "1"}},
{"pk": 137, "model": "input.operationresource", "fields": {"resource": "Line 1 station 6", "priority": 1, "operation": "10 step 06", "quantity": "1"}},
{"pk": 138, "model": "input.operationresource", "fields": {"resource": "Operators line 1", "priority": 1, "operation": "10 step 06", "quantity": "1"}},
{"pk": 139, "model": "input.operationresource", "fields": {"resource": "Line 1 station 7", "priority": 1, "operation": "10 step 07", "quantity": "1"}},
{"pk": 140, "model": "input.operationresource", "fields": {"resource": "Operators line 1", "priority": 1, "operation": "10 step 07", "quantity": "1"}},
{"pk": "Order 01", "model": "input.demand", "fields": {"item": "product 01-01", "customer": "Client", "location": "factory", "due": "2021-01-01 00:00:00", "priority": 1, "minshipment": "500", "quantity": "5000"}},
{"pk": "Order 02", "model": "input.demand", "fields": {"item": "product 02-01", "customer": "Client", "location": "factory", "due": "2021-01-01 00:00:00", "priority": 3, "minshipment": "500", "quantity": "5000"}},
{"pk": "Order 03", "model": "input.demand", "fields": {"item": "product 03-01", "customer": "Client", "location": "factory", "due": "2021-01-01 00:00:00", "priority": 5, "minshipment": "500", "quantity": "5000"}},
{"pk": "Order 04", "model": "input.demand", "fields": {"item": "product 04-01", "customer": "Client", "location": "factory", "due": "2021-01-01 00:00:00", "priority": 7, "minshipment": "500", "quantity": "5000"}},
{"pk": "Order 05", "model": "input.demand", "fields": {"item": "product 05-01", "customer": "Client", "location": "factory", "due": "2021-01-01 00:00:00", "priority": 9, "minshipment": "500", "quantity": "5000"}},
{"pk": "Order 06", "model": "input.demand", "fields": {"item": "product 06-01", "customer": "Client", "location": "factory", "due": "2021-01-01 00:00:00", "priority": 2, "minshipment": "500", "quantity": "5000"}},
{"pk": "Order 07", "model": "input.demand", "fields": {"item": "product 07-01", "customer": "Client", "location": "factory", "due": "2021-01-01 00:00:00", "priority": 4, "minshipment": "500", "quantity": "5000"}},
{"pk": "Order 08", "model": "input.demand", "fields": {"item": "product 08-01", "customer": "Client", "location": "factory", "due": "2021-01-01 00:00:00", "priority": 6, "minshipment": "500", "quantity": "5000"}},
{"pk": "Order 09", "model": "input.demand", "fields": {"item": "product 09-01", "customer": "Client", "location": "factory", "due": "2021-01-01 00:00:00", "priority": 8, "minshipment": "500", "quantity": "5000"}},
{"pk": "Order 10", "model": "input.demand", "fields": {"item": "product 10-01", "customer": "Client", "location": "factory", "due": "2021-01-01 00:00:00", "priority": 10, "minshipment": "1", "quantity": "5000"}},
{"pk": "currentdate", "model": "common.parameter", "fields": {"value": "2021-01-01 00:00:00", "description": "Current date of the plan, formatted as YYYY-MM-DD HH:MM:SS"}},
{"pk": "loading_time_units", "model": "common.parameter", "fields": {"value": "hours", "description": "Time units to be used for the resource report: hours, days, weeks"}},
{"pk": "plan.administrativeLeadtime", "model": "common.parameter", "fields": {"value": "0", "description": "Specifies the number of days (value can be decimal) sales orders should be planned ahead of their due date to take into account for an administrative lead time. Default: 0"}},
{"pk": "plan.minimumdelay", "model": "common.parameter", "fields": {"value": "3600", "description": "Specifies a minimum delivery date increment (in seconds) used by the planning algorithm in its search. Default: 0"}},
{"pk": "plan.loglevel", "model": "common.parameter", "fields": {"value": "0", "description": "Controls the verbosity of the planning log file. Accepted values are 0(silent - default), 1 and 2 (verbose)"}},
{"pk": "plan.rotateResources", "model": "common.parameter", "fields": {"value": "true", "description": "When set to true, the algorithm will better distribute the demand across alternate suboperations instead of using the preferred operation"}},
{"pk": "plan.autoFenceOperations", "model": "common.parameter", "fields": {"value": "999", "description": "The number of days the solver should wait for a confirmed replenishment before generating a proposed order. Default:999 (wait indefinitely)"}},
{"model": "common.parameter", "fields": {"name": "plan.deliveryDuration", "value": "0", "description": "The duration (in working hours) for the final shipment of a sales order to the customer. Default: 0"}},
{"model": "common.parameter", "fields": {"name":"plan.individualPoolResources","value":"false","description":"When set to true, an operation-resource record with quantity N is interpreted as 'find N member resources of size 1' instead of 'find a member resource with size N'"}},
{"pk": "currency", "model": "common.parameter", "fields": {"value":"$", "description":"Set the currency symbol, defaults to suffix, add a comma after the symbol to make it a prefix"}},
{"pk": "WIP.consume_material", "model": "common.parameter", "fields": {"value":"true", "description":"Determines whether confirmed manufacturing orders consume material or not. Default is true."}},
{"pk": "WIP.consume_capacity", "model": "common.parameter", "fields": {"value":"true", "description":"Determines whether confirmed manufacturing orders, purchase orders and distribution orders consume capacity or not. Default is true."}},
{"model": "common.parameter", "fields": {"name":"display_time", "value":"default", "description":"This parameter applies to ALL scenarios and controls if date time fields should display the time. Accepted values: true or false."}},
{"model": "common.parameter", "fields": {"name":"date_format", "value":"default", "description":"This parameter applies to ALL scenarios. Accepted values: month-day-year, day-month-year, year-month-day."}}
]
